ISO-10303-21;
HEADER;
/* Generated by software containing ST-Developer
 * from STEP Tools, Inc. (www.steptools.com) 
 */

FILE_DESCRIPTION(
/* description */ (''),
/* implementation_level */ '2;1');

FILE_NAME(
/* name */ 'dumper mechanics v5.step',
/* time_stamp */ '2025-06-16T14:57:03+05:30',
/* author */ (''),
/* organization */ (''),
/* preprocessor_version */ 'ST-DEVELOPER v20.1',
/* originating_system */ 'Autodesk Translation Framework v14.10.0.0',
/* authorisation */ '');

FILE_SCHEMA (('AUTOMOTIVE_DESIGN { 1 0 10303 214 3 1 1 }'));
ENDSEC;

DATA;
#10=MECHANICAL_DESIGN_GEOMETRIC_PRESENTATION_REPRESENTATION('',(#56,#57,
#58,#59,#60,#61,#62),#8151);
#11=ITEM_DEFINED_TRANSFORMATION($,$,#4893,#5253);
#12=ITEM_DEFINED_TRANSFORMATION($,$,#5050,#5254);
#13=ITEM_DEFINED_TRANSFORMATION($,$,#5132,#5255);
#14=ITEM_DEFINED_TRANSFORMATION($,$,#5149,#5256);
#15=(
REPRESENTATION_RELATIONSHIP($,$,#8171,#8170)
REPRESENTATION_RELATIONSHIP_WITH_TRANSFORMATION(#11)
SHAPE_REPRESENTATION_RELATIONSHIP()
);
#16=(
REPRESENTATION_RELATIONSHIP($,$,#8172,#8170)
REPRESENTATION_RELATIONSHIP_WITH_TRANSFORMATION(#12)
SHAPE_REPRESENTATION_RELATIONSHIP()
);
#17=(
REPRESENTATION_RELATIONSHIP($,$,#8173,#8170)
REPRESENTATION_RELATIONSHIP_WITH_TRANSFORMATION(#13)
SHAPE_REPRESENTATION_RELATIONSHIP()
);
#18=(
REPRESENTATION_RELATIONSHIP($,$,#8174,#8170)
REPRESENTATION_RELATIONSHIP_WITH_TRANSFORMATION(#14)
SHAPE_REPRESENTATION_RELATIONSHIP()
);
#19=CONTEXT_DEPENDENT_SHAPE_REPRESENTATION(#15,#8166);
#20=CONTEXT_DEPENDENT_SHAPE_REPRESENTATION(#16,#8167);
#21=CONTEXT_DEPENDENT_SHAPE_REPRESENTATION(#17,#8168);
#22=CONTEXT_DEPENDENT_SHAPE_REPRESENTATION(#18,#8169);
#23=NEXT_ASSEMBLY_USAGE_OCCURRENCE('damper umper_trolley v1:1',
'damper umper_trolley v1:1','damper umper_trolley v1:1',#8176,#8177,
'damper umper_trolley v1:1');
#24=NEXT_ASSEMBLY_USAGE_OCCURRENCE('_slider v1:1','_slider v1:1',
'_slider v1:1',#8176,#8178,'_slider v1:1');
#25=NEXT_ASSEMBLY_USAGE_OCCURRENCE('connecting rod v1:1',
'connecting rod v1:1','connecting rod v1:1',#8176,#8179,
'connecting rod v1:1');
#26=NEXT_ASSEMBLY_USAGE_OCCURRENCE('bed v1:1','bed v1:1','bed v1:1',#8176,
#8180,'bed v1:1');
#27=B_SPLINE_SURFACE_WITH_KNOTS('',3,1,((#7835,#7836),(#7837,#7838),(#7839,
#7840),(#7841,#7842),(#7843,#7844),(#7845,#7846),(#7847,#7848),(#7849,#7850)),
 .UNSPECIFIED.,.F.,.F.,.F.,(4,2,2,4),(2,2),(12.1248639699705,14.1517514888019,
15.7505768999267,17.3554602323694),(0.,0.3),.UNSPECIFIED.);
#28=B_SPLINE_SURFACE_WITH_KNOTS('',3,1,((#7852,#7853),(#7854,#7855),(#7856,
#7857),(#7858,#7859),(#7860,#7861),(#7862,#7863),(#7864,#7865),(#7866,#7867),
(#7868,#7869),(#7870,#7871),(#7872,#7873),(#7874,#7875),(#7876,#7877),(#7878,
#7879),(#7880,#7881),(#7882,#7883),(#7884,#7885),(#7886,#7887),(#7888,#7889),
(#7890,#7891),(#7892,#7893),(#7894,#7895)),.UNSPECIFIED.,.F.,.F.,.F.,(4,
2,2,2,2,2,2,2,2,2,4),(2,2),(0.,1.11263267457856,3.30029462608381,5.43962396140021,
6.85639295991932,10.0698585367132,11.4185332247389,13.3493986971209,16.5933292439833,
18.2036108207519,19.6697968268568),(0.,0.3),.UNSPECIFIED.);
#29=B_SPLINE_SURFACE_WITH_KNOTS('',3,1,((#7897,#7898),(#7899,#7900),(#7901,
#7902),(#7903,#7904),(#7905,#7906),(#7907,#7908),(#7909,#7910),(#7911,#7912)),
 .UNSPECIFIED.,.F.,.F.,.F.,(4,2,2,4),(2,2),(0.,1.03420382964334,2.22030093782327,
2.87198461289705),(0.,0.3),.UNSPECIFIED.);
#30=B_SPLINE_SURFACE_WITH_KNOTS('',3,1,((#7930,#7931),(#7932,#7933),(#7934,
#7935),(#7936,#7937),(#7938,#7939),(#7940,#7941)),.UNSPECIFIED.,.F.,.F.,
 .F.,(4,2,4),(2,2),(6.44515731693387,8.01844393687347,12.6528944070904),
(0.,0.3),.UNSPECIFIED.);
#31=B_SPLINE_SURFACE_WITH_KNOTS('',3,1,((#7948,#7949),(#7950,#7951),(#7952,
#7953),(#7954,#7955),(#7956,#7957),(#7958,#7959),(#7960,#7961),(#7962,#7963)),
 .UNSPECIFIED.,.F.,.F.,.F.,(4,2,2,4),(2,2),(0.180629708857042,3.6018993232375,
6.05130168981092,6.61119141919217),(0.,0.3),.UNSPECIFIED.);
#32=B_SPLINE_CURVE_WITH_KNOTS('',3,(#7554,#7555,#7556,#7557,#7558,#7559),
 .UNSPECIFIED.,.F.,.F.,(4,2,4),(-12.4855191630259,-8.01844393687347,-6.58023564766684),
 .UNSPECIFIED.);
#33=B_SPLINE_CURVE_WITH_KNOTS('',3,(#7567,#7568,#7569,#7570,#7571,#7572,
#7573,#7574),.UNSPECIFIED.,.F.,.F.,(4,2,2,4),(-2.67755826812682,-2.22030093782327,
-1.03420382964334,0.),.UNSPECIFIED.);
#34=B_SPLINE_CURVE_WITH_KNOTS('',3,(#7576,#7577,#7578,#7579,#7580,#7581,
#7582,#7583,#7584,#7585,#7586,#7587,#7588,#7589,#7590,#7591,#7592,#7593,
#7594,#7595,#7596,#7597),.UNSPECIFIED.,.F.,.F.,(4,2,2,2,2,2,2,2,2,2,4),
(-19.6697968268568,-18.2036108207519,-16.5933292439833,-13.3493986971209,
-11.4185332247389,-10.0698585367132,-6.85639295991932,-5.43962396140021,
-3.30029462608381,-1.11263267457856,0.),.UNSPECIFIED.);
#35=B_SPLINE_CURVE_WITH_KNOTS('',3,(#7599,#7600,#7601,#7602,#7603,#7604,
#7605,#7606),.UNSPECIFIED.,.F.,.F.,(4,2,2,4),(-17.3554602323694,-15.7505768999267,
-14.1517514888019,-12.4719918526636),.UNSPECIFIED.);
#36=B_SPLINE_CURVE_WITH_KNOTS('',3,(#7614,#7615,#7616,#7617,#7618,#7619,
#7620,#7621),.UNSPECIFIED.,.F.,.F.,(4,2,2,4),(-6.43935198195518,-6.05130168981092,
-3.6018993232375,-0.376053369941863),.UNSPECIFIED.);
#37=B_SPLINE_CURVE_WITH_KNOTS('',3,(#7737,#7738,#7739,#7740,#7741,#7742,
#7743,#7744),.UNSPECIFIED.,.F.,.F.,(4,2,2,4),(0.376053369941863,3.6018993232375,
6.05130168981092,6.43935198195518),.UNSPECIFIED.);
#38=B_SPLINE_CURVE_WITH_KNOTS('',3,(#7752,#7753,#7754,#7755,#7756,#7757,
#7758,#7759),.UNSPECIFIED.,.F.,.F.,(4,2,2,4),(12.4719918526636,14.1517514888019,
15.7505768999267,17.3554602323694),.UNSPECIFIED.);
#39=B_SPLINE_CURVE_WITH_KNOTS('',3,(#7761,#7762,#7763,#7764,#7765,#7766,
#7767,#7768,#7769,#7770,#7771,#7772,#7773,#7774,#7775,#7776,#7777,#7778,
#7779,#7780,#7781,#7782),.UNSPECIFIED.,.F.,.F.,(4,2,2,2,2,2,2,2,2,2,4),
(0.,1.11263267457856,3.30029462608381,5.43962396140021,6.85639295991932,
10.0698585367132,11.4185332247389,13.3493986971209,16.5933292439833,18.2036108207519,
19.6697968268568),.UNSPECIFIED.);
#40=B_SPLINE_CURVE_WITH_KNOTS('',3,(#7784,#7785,#7786,#7787,#7788,#7789,
#7790,#7791),.UNSPECIFIED.,.F.,.F.,(4,2,2,4),(0.,1.03420382964334,2.22030093782327,
2.67755826812682),.UNSPECIFIED.);
#41=B_SPLINE_CURVE_WITH_KNOTS('',3,(#7799,#7800,#7801,#7802,#7803,#7804),
 .UNSPECIFIED.,.F.,.F.,(4,2,4),(6.58023564766684,8.01844393687347,12.4855191630259),
 .UNSPECIFIED.);
#42=B_SPLINE_CURVE_WITH_KNOTS('',3,(#7812,#7813,#7814,#7815,#7816,#7817),
 .UNSPECIFIED.,.F.,.F.,(4,2,4),(-0.3,-0.15,0.),.UNSPECIFIED.);
#43=B_SPLINE_CURVE_WITH_KNOTS('',3,(#7820,#7821,#7822,#7823,#7824,#7825),
 .UNSPECIFIED.,.F.,.F.,(4,2,4),(-0.3,-0.15,0.),.UNSPECIFIED.);
#44=B_SPLINE_CURVE_WITH_KNOTS('',3,(#7829,#7830,#7831,#7832,#7833,#7834),
 .UNSPECIFIED.,.F.,.F.,(4,2,4),(-0.3,-0.15,0.),.UNSPECIFIED.);
#45=B_SPLINE_CURVE_WITH_KNOTS('',3,(#7913,#7914,#7915,#7916,#7917,#7918),
 .UNSPECIFIED.,.F.,.F.,(4,2,4),(-0.3,-0.15,0.),.UNSPECIFIED.);
#46=B_SPLINE_CURVE_WITH_KNOTS('',3,(#7924,#7925,#7926,#7927,#7928,#7929),
 .UNSPECIFIED.,.F.,.F.,(4,2,4),(-0.3,-0.15,0.),.UNSPECIFIED.);
#47=B_SPLINE_CURVE_WITH_KNOTS('',3,(#7942,#7943,#7944,#7945,#7946,#7947),
 .UNSPECIFIED.,.F.,.F.,(4,2,4),(-0.3,-0.15,0.),.UNSPECIFIED.);
#48=SHAPE_REPRESENTATION_RELATIONSHIP('SRR','None',#8171,#52);
#49=SHAPE_REPRESENTATION_RELATIONSHIP('SRR','None',#8172,#53);
#50=SHAPE_REPRESENTATION_RELATIONSHIP('SRR','None',#8173,#54);
#51=SHAPE_REPRESENTATION_RELATIONSHIP('SRR','None',#8174,#55);
#52=ADVANCED_BREP_SHAPE_REPRESENTATION('',(#63),#8147);
#53=ADVANCED_BREP_SHAPE_REPRESENTATION('',(#64,#65),#8148);
#54=ADVANCED_BREP_SHAPE_REPRESENTATION('',(#66),#8149);
#55=ADVANCED_BREP_SHAPE_REPRESENTATION('',(#67,#68,#69),#8150);
#56=STYLED_ITEM('',(#8199),#63);
#57=STYLED_ITEM('',(#8199),#64);
#58=STYLED_ITEM('',(#8199),#65);
#59=STYLED_ITEM('',(#8199),#66);
#60=STYLED_ITEM('',(#8199),#67);
#61=STYLED_ITEM('',(#8199),#68);
#62=STYLED_ITEM('',(#8199),#69);
#63=MANIFOLD_SOLID_BREP('Body1',#4851);
#64=MANIFOLD_SOLID_BREP('Body1',#4852);
#65=MANIFOLD_SOLID_BREP('Body2',#4853);
#66=MANIFOLD_SOLID_BREP('Body1',#4854);
#67=MANIFOLD_SOLID_BREP('Body1',#4855);
#68=MANIFOLD_SOLID_BREP('Body5',#4856);
#69=MANIFOLD_SOLID_BREP('Body6',#4857);
#70=ELLIPSE('',#5032,4.10738563791911,4.);
#71=ELLIPSE('',#5033,5.65685424949238,4.);
#72=ELLIPSE('',#5034,4.01526501731516,4.);
#73=ELLIPSE('',#5036,5.65685424949238,4.);
#74=ELLIPSE('',#5038,4.10738563791911,4.);
#75=ELLIPSE('',#5039,4.01526501731516,4.);
#76=CYLINDRICAL_SURFACE('',#4898,9.);
#77=CYLINDRICAL_SURFACE('',#4901,9.);
#78=CYLINDRICAL_SURFACE('',#4909,9.);
#79=CYLINDRICAL_SURFACE('',#4912,9.);
#80=CYLINDRICAL_SURFACE('',#4990,2.);
#81=CYLINDRICAL_SURFACE('',#4991,2.);
#82=CYLINDRICAL_SURFACE('',#4995,2.);
#83=CYLINDRICAL_SURFACE('',#5001,2.);
#84=CYLINDRICAL_SURFACE('',#5007,2.);
#85=CYLINDRICAL_SURFACE('',#5013,2.);
#86=CYLINDRICAL_SURFACE('',#5019,2.00000002980236);
#87=CYLINDRICAL_SURFACE('',#5020,2.00000002980236);
#88=CYLINDRICAL_SURFACE('',#5021,9.5);
#89=CYLINDRICAL_SURFACE('',#5023,9.5);
#90=CYLINDRICAL_SURFACE('',#5031,4.);
#91=CYLINDRICAL_SURFACE('',#5035,4.);
#92=CYLINDRICAL_SURFACE('',#5037,4.);
#93=CYLINDRICAL_SURFACE('',#5051,2.);
#94=CYLINDRICAL_SURFACE('',#5055,2.);
#95=CYLINDRICAL_SURFACE('',#5059,2.5);
#96=CYLINDRICAL_SURFACE('',#5084,2.);
#97=CYLINDRICAL_SURFACE('',#5086,2.);
#98=CYLINDRICAL_SURFACE('',#5090,3.);
#99=CYLINDRICAL_SURFACE('',#5096,3.);
#100=CYLINDRICAL_SURFACE('',#5098,3.);
#101=CYLINDRICAL_SURFACE('',#5103,3.);
#102=CYLINDRICAL_SURFACE('',#5111,17.5);
#103=CYLINDRICAL_SURFACE('',#5114,17.5);
#104=CYLINDRICAL_SURFACE('',#5120,1.5);
#105=CYLINDRICAL_SURFACE('',#5122,2.50000001490116);
#106=CYLINDRICAL_SURFACE('',#5138,2.);
#107=CYLINDRICAL_SURFACE('',#5140,1.99999999999999);
#108=CYLINDRICAL_SURFACE('',#5143,3.28344061589116);
#109=CYLINDRICAL_SURFACE('',#5146,3.28344061589116);
#110=CYLINDRICAL_SURFACE('',#5150,1.5);
#111=CYLINDRICAL_SURFACE('',#5153,1.50515377971685);
#112=CYLINDRICAL_SURFACE('',#5178,1.99999999999999);
#113=CYLINDRICAL_SURFACE('',#5181,1.99999999999999);
#114=CYLINDRICAL_SURFACE('',#5196,1.99999999999998);
#115=CYLINDRICAL_SURFACE('',#5197,1.99999999999998);
#116=CYLINDRICAL_SURFACE('',#5200,2.00000002980232);
#117=CYLINDRICAL_SURFACE('',#5203,2.00000002980232);
#118=CYLINDRICAL_SURFACE('',#5206,8.);
#119=CYLINDRICAL_SURFACE('',#5212,8.);
#120=CYLINDRICAL_SURFACE('',#5214,8.);
#121=CYLINDRICAL_SURFACE('',#5220,8.);
#122=CYLINDRICAL_SURFACE('',#5228,2.00000002980232);
#123=CYLINDRICAL_SURFACE('',#5231,2.00000002980232);
#124=CYLINDRICAL_SURFACE('',#5234,8.);
#125=CYLINDRICAL_SURFACE('',#5240,8.);
#126=CYLINDRICAL_SURFACE('',#5242,8.);
#127=FACE_BOUND('',#426,.T.);
#128=FACE_BOUND('',#431,.T.);
#129=FACE_BOUND('',#433,.T.);
#130=FACE_BOUND('',#438,.T.);
#131=FACE_BOUND('',#520,.T.);
#132=FACE_BOUND('',#523,.T.);
#133=FACE_BOUND('',#526,.T.);
#134=FACE_BOUND('',#529,.T.);
#135=FACE_BOUND('',#557,.T.);
#136=FACE_BOUND('',#558,.T.);
#137=FACE_BOUND('',#569,.T.);
#138=FACE_BOUND('',#585,.T.);
#139=FACE_BOUND('',#590,.T.);
#140=FACE_BOUND('',#599,.T.);
#141=FACE_BOUND('',#601,.T.);
#142=FACE_BOUND('',#616,.T.);
#143=FACE_BOUND('',#617,.T.);
#144=FACE_BOUND('',#625,.T.);
#145=FACE_BOUND('',#626,.T.);
#146=FACE_BOUND('',#632,.T.);
#147=FACE_BOUND('',#633,.T.);
#148=FACE_BOUND('',#634,.T.);
#149=FACE_BOUND('',#635,.T.);
#150=FACE_BOUND('',#636,.T.);
#151=FACE_BOUND('',#637,.T.);
#152=FACE_BOUND('',#638,.T.);
#153=FACE_BOUND('',#661,.T.);
#154=FACE_BOUND('',#662,.T.);
#155=FACE_BOUND('',#663,.T.);
#156=FACE_BOUND('',#664,.T.);
#157=FACE_BOUND('',#665,.T.);
#158=FACE_BOUND('',#666,.T.);
#159=FACE_BOUND('',#667,.T.);
#160=FACE_BOUND('',#689,.T.);
#161=FACE_BOUND('',#694,.T.);
#162=FACE_BOUND('',#697,.T.);
#163=FACE_BOUND('',#703,.T.);
#164=FACE_BOUND('',#709,.T.);
#165=FACE_BOUND('',#713,.T.);
#166=FACE_BOUND('',#716,.T.);
#167=FACE_BOUND('',#722,.T.);
#168=FACE_OUTER_BOUND('',#425,.T.);
#169=FACE_OUTER_BOUND('',#427,.T.);
#170=FACE_OUTER_BOUND('',#428,.T.);
#171=FACE_OUTER_BOUND('',#429,.T.);
#172=FACE_OUTER_BOUND('',#430,.T.);
#173=FACE_OUTER_BOUND('',#432,.T.);
#174=FACE_OUTER_BOUND('',#434,.T.);
#175=FACE_OUTER_BOUND('',#435,.T.);
#176=FACE_OUTER_BOUND('',#436,.T.);
#177=FACE_OUTER_BOUND('',#437,.T.);
#178=FACE_OUTER_BOUND('',#439,.T.);
#179=FACE_OUTER_BOUND('',#440,.T.);
#180=FACE_OUTER_BOUND('',#441,.T.);
#181=FACE_OUTER_BOUND('',#442,.T.);
#182=FACE_OUTER_BOUND('',#443,.T.);
#183=FACE_OUTER_BOUND('',#444,.T.);
#184=FACE_OUTER_BOUND('',#445,.T.);
#185=FACE_OUTER_BOUND('',#446,.T.);
#186=FACE_OUTER_BOUND('',#447,.T.);
#187=FACE_OUTER_BOUND('',#448,.T.);
#188=FACE_OUTER_BOUND('',#449,.T.);
#189=FACE_OUTER_BOUND('',#450,.T.);
#190=FACE_OUTER_BOUND('',#451,.T.);
#191=FACE_OUTER_BOUND('',#452,.T.);
#192=FACE_OUTER_BOUND('',#453,.T.);
#193=FACE_OUTER_BOUND('',#454,.T.);
#194=FACE_OUTER_BOUND('',#455,.T.);
#195=FACE_OUTER_BOUND('',#456,.T.);
#196=FACE_OUTER_BOUND('',#457,.T.);
#197=FACE_OUTER_BOUND('',#458,.T.);
#198=FACE_OUTER_BOUND('',#459,.T.);
#199=FACE_OUTER_BOUND('',#460,.T.);
#200=FACE_OUTER_BOUND('',#461,.T.);
#201=FACE_OUTER_BOUND('',#462,.T.);
#202=FACE_OUTER_BOUND('',#463,.T.);
#203=FACE_OUTER_BOUND('',#464,.T.);
#204=FACE_OUTER_BOUND('',#465,.T.);
#205=FACE_OUTER_BOUND('',#466,.T.);
#206=FACE_OUTER_BOUND('',#467,.T.);
#207=FACE_OUTER_BOUND('',#468,.T.);
#208=FACE_OUTER_BOUND('',#469,.T.);
#209=FACE_OUTER_BOUND('',#470,.T.);
#210=FACE_OUTER_BOUND('',#471,.T.);
#211=FACE_OUTER_BOUND('',#472,.T.);
#212=FACE_OUTER_BOUND('',#473,.T.);
#213=FACE_OUTER_BOUND('',#474,.T.);
#214=FACE_OUTER_BOUND('',#475,.T.);
#215=FACE_OUTER_BOUND('',#476,.T.);
#216=FACE_OUTER_BOUND('',#477,.T.);
#217=FACE_OUTER_BOUND('',#478,.T.);
#218=FACE_OUTER_BOUND('',#479,.T.);
#219=FACE_OUTER_BOUND('',#480,.T.);
#220=FACE_OUTER_BOUND('',#481,.T.);
#221=FACE_OUTER_BOUND('',#482,.T.);
#222=FACE_OUTER_BOUND('',#483,.T.);
#223=FACE_OUTER_BOUND('',#484,.T.);
#224=FACE_OUTER_BOUND('',#485,.T.);
#225=FACE_OUTER_BOUND('',#486,.T.);
#226=FACE_OUTER_BOUND('',#487,.T.);
#227=FACE_OUTER_BOUND('',#488,.T.);
#228=FACE_OUTER_BOUND('',#489,.T.);
#229=FACE_OUTER_BOUND('',#490,.T.);
#230=FACE_OUTER_BOUND('',#491,.T.);
#231=FACE_OUTER_BOUND('',#492,.T.);
#232=FACE_OUTER_BOUND('',#493,.T.);
#233=FACE_OUTER_BOUND('',#494,.T.);
#234=FACE_OUTER_BOUND('',#495,.T.);
#235=FACE_OUTER_BOUND('',#496,.T.);
#236=FACE_OUTER_BOUND('',#497,.T.);
#237=FACE_OUTER_BOUND('',#498,.T.);
#238=FACE_OUTER_BOUND('',#499,.T.);
#239=FACE_OUTER_BOUND('',#500,.T.);
#240=FACE_OUTER_BOUND('',#501,.T.);
#241=FACE_OUTER_BOUND('',#502,.T.);
#242=FACE_OUTER_BOUND('',#503,.T.);
#243=FACE_OUTER_BOUND('',#504,.T.);
#244=FACE_OUTER_BOUND('',#505,.T.);
#245=FACE_OUTER_BOUND('',#506,.T.);
#246=FACE_OUTER_BOUND('',#507,.T.);
#247=FACE_OUTER_BOUND('',#508,.T.);
#248=FACE_OUTER_BOUND('',#509,.T.);
#249=FACE_OUTER_BOUND('',#510,.T.);
#250=FACE_OUTER_BOUND('',#511,.T.);
#251=FACE_OUTER_BOUND('',#512,.T.);
#252=FACE_OUTER_BOUND('',#513,.T.);
#253=FACE_OUTER_BOUND('',#514,.T.);
#254=FACE_OUTER_BOUND('',#515,.T.);
#255=FACE_OUTER_BOUND('',#516,.T.);
#256=FACE_OUTER_BOUND('',#517,.T.);
#257=FACE_OUTER_BOUND('',#518,.T.);
#258=FACE_OUTER_BOUND('',#519,.T.);
#259=FACE_OUTER_BOUND('',#521,.T.);
#260=FACE_OUTER_BOUND('',#522,.T.);
#261=FACE_OUTER_BOUND('',#524,.T.);
#262=FACE_OUTER_BOUND('',#525,.T.);
#263=FACE_OUTER_BOUND('',#527,.T.);
#264=FACE_OUTER_BOUND('',#528,.T.);
#265=FACE_OUTER_BOUND('',#530,.T.);
#266=FACE_OUTER_BOUND('',#531,.T.);
#267=FACE_OUTER_BOUND('',#532,.T.);
#268=FACE_OUTER_BOUND('',#533,.T.);
#269=FACE_OUTER_BOUND('',#534,.T.);
#270=FACE_OUTER_BOUND('',#535,.T.);
#271=FACE_OUTER_BOUND('',#536,.T.);
#272=FACE_OUTER_BOUND('',#537,.T.);
#273=FACE_OUTER_BOUND('',#538,.T.);
#274=FACE_OUTER_BOUND('',#539,.T.);
#275=FACE_OUTER_BOUND('',#540,.T.);
#276=FACE_OUTER_BOUND('',#541,.T.);
#277=FACE_OUTER_BOUND('',#542,.T.);
#278=FACE_OUTER_BOUND('',#543,.T.);
#279=FACE_OUTER_BOUND('',#544,.T.);
#280=FACE_OUTER_BOUND('',#545,.T.);
#281=FACE_OUTER_BOUND('',#546,.T.);
#282=FACE_OUTER_BOUND('',#547,.T.);
#283=FACE_OUTER_BOUND('',#548,.T.);
#284=FACE_OUTER_BOUND('',#549,.T.);
#285=FACE_OUTER_BOUND('',#550,.T.);
#286=FACE_OUTER_BOUND('',#551,.T.);
#287=FACE_OUTER_BOUND('',#552,.T.);
#288=FACE_OUTER_BOUND('',#553,.T.);
#289=FACE_OUTER_BOUND('',#554,.T.);
#290=FACE_OUTER_BOUND('',#555,.T.);
#291=FACE_OUTER_BOUND('',#556,.T.);
#292=FACE_OUTER_BOUND('',#559,.T.);
#293=FACE_OUTER_BOUND('',#560,.T.);
#294=FACE_OUTER_BOUND('',#561,.T.);
#295=FACE_OUTER_BOUND('',#562,.T.);
#296=FACE_OUTER_BOUND('',#563,.T.);
#297=FACE_OUTER_BOUND('',#564,.T.);
#298=FACE_OUTER_BOUND('',#565,.T.);
#299=FACE_OUTER_BOUND('',#566,.T.);
#300=FACE_OUTER_BOUND('',#567,.T.);
#301=FACE_OUTER_BOUND('',#568,.T.);
#302=FACE_OUTER_BOUND('',#570,.T.);
#303=FACE_OUTER_BOUND('',#571,.T.);
#304=FACE_OUTER_BOUND('',#572,.T.);
#305=FACE_OUTER_BOUND('',#573,.T.);
#306=FACE_OUTER_BOUND('',#574,.T.);
#307=FACE_OUTER_BOUND('',#575,.T.);
#308=FACE_OUTER_BOUND('',#576,.T.);
#309=FACE_OUTER_BOUND('',#577,.T.);
#310=FACE_OUTER_BOUND('',#578,.T.);
#311=FACE_OUTER_BOUND('',#579,.T.);
#312=FACE_OUTER_BOUND('',#580,.T.);
#313=FACE_OUTER_BOUND('',#581,.T.);
#314=FACE_OUTER_BOUND('',#582,.T.);
#315=FACE_OUTER_BOUND('',#583,.T.);
#316=FACE_OUTER_BOUND('',#584,.T.);
#317=FACE_OUTER_BOUND('',#586,.T.);
#318=FACE_OUTER_BOUND('',#587,.T.);
#319=FACE_OUTER_BOUND('',#588,.T.);
#320=FACE_OUTER_BOUND('',#589,.T.);
#321=FACE_OUTER_BOUND('',#591,.T.);
#322=FACE_OUTER_BOUND('',#592,.T.);
#323=FACE_OUTER_BOUND('',#593,.T.);
#324=FACE_OUTER_BOUND('',#594,.T.);
#325=FACE_OUTER_BOUND('',#595,.T.);
#326=FACE_OUTER_BOUND('',#596,.T.);
#327=FACE_OUTER_BOUND('',#597,.T.);
#328=FACE_OUTER_BOUND('',#598,.T.);
#329=FACE_OUTER_BOUND('',#600,.T.);
#330=FACE_OUTER_BOUND('',#602,.T.);
#331=FACE_OUTER_BOUND('',#603,.T.);
#332=FACE_OUTER_BOUND('',#604,.T.);
#333=FACE_OUTER_BOUND('',#605,.T.);
#334=FACE_OUTER_BOUND('',#606,.T.);
#335=FACE_OUTER_BOUND('',#607,.T.);
#336=FACE_OUTER_BOUND('',#608,.T.);
#337=FACE_OUTER_BOUND('',#609,.T.);
#338=FACE_OUTER_BOUND('',#610,.T.);
#339=FACE_OUTER_BOUND('',#611,.T.);
#340=FACE_OUTER_BOUND('',#612,.T.);
#341=FACE_OUTER_BOUND('',#613,.T.);
#342=FACE_OUTER_BOUND('',#614,.T.);
#343=FACE_OUTER_BOUND('',#615,.T.);
#344=FACE_OUTER_BOUND('',#618,.T.);
#345=FACE_OUTER_BOUND('',#619,.T.);
#346=FACE_OUTER_BOUND('',#620,.T.);
#347=FACE_OUTER_BOUND('',#621,.T.);
#348=FACE_OUTER_BOUND('',#622,.T.);
#349=FACE_OUTER_BOUND('',#623,.T.);
#350=FACE_OUTER_BOUND('',#624,.T.);
#351=FACE_OUTER_BOUND('',#627,.T.);
#352=FACE_OUTER_BOUND('',#628,.T.);
#353=FACE_OUTER_BOUND('',#629,.T.);
#354=FACE_OUTER_BOUND('',#630,.T.);
#355=FACE_OUTER_BOUND('',#631,.T.);
#356=FACE_OUTER_BOUND('',#639,.T.);
#357=FACE_OUTER_BOUND('',#640,.T.);
#358=FACE_OUTER_BOUND('',#641,.T.);
#359=FACE_OUTER_BOUND('',#642,.T.);
#360=FACE_OUTER_BOUND('',#643,.T.);
#361=FACE_OUTER_BOUND('',#644,.T.);
#362=FACE_OUTER_BOUND('',#645,.T.);
#363=FACE_OUTER_BOUND('',#646,.T.);
#364=FACE_OUTER_BOUND('',#647,.T.);
#365=FACE_OUTER_BOUND('',#648,.T.);
#366=FACE_OUTER_BOUND('',#649,.T.);
#367=FACE_OUTER_BOUND('',#650,.T.);
#368=FACE_OUTER_BOUND('',#651,.T.);
#369=FACE_OUTER_BOUND('',#652,.T.);
#370=FACE_OUTER_BOUND('',#653,.T.);
#371=FACE_OUTER_BOUND('',#654,.T.);
#372=FACE_OUTER_BOUND('',#655,.T.);
#373=FACE_OUTER_BOUND('',#656,.T.);
#374=FACE_OUTER_BOUND('',#657,.T.);
#375=FACE_OUTER_BOUND('',#658,.T.);
#376=FACE_OUTER_BOUND('',#659,.T.);
#377=FACE_OUTER_BOUND('',#660,.T.);
#378=FACE_OUTER_BOUND('',#668,.T.);
#379=FACE_OUTER_BOUND('',#669,.T.);
#380=FACE_OUTER_BOUND('',#670,.T.);
#381=FACE_OUTER_BOUND('',#671,.T.);
#382=FACE_OUTER_BOUND('',#672,.T.);
#383=FACE_OUTER_BOUND('',#673,.T.);
#384=FACE_OUTER_BOUND('',#674,.T.);
#385=FACE_OUTER_BOUND('',#675,.T.);
#386=FACE_OUTER_BOUND('',#676,.T.);
#387=FACE_OUTER_BOUND('',#677,.T.);
#388=FACE_OUTER_BOUND('',#678,.T.);
#389=FACE_OUTER_BOUND('',#679,.T.);
#390=FACE_OUTER_BOUND('',#680,.T.);
#391=FACE_OUTER_BOUND('',#681,.T.);
#392=FACE_OUTER_BOUND('',#682,.T.);
#393=FACE_OUTER_BOUND('',#683,.T.);
#394=FACE_OUTER_BOUND('',#684,.T.);
#395=FACE_OUTER_BOUND('',#685,.T.);
#396=FACE_OUTER_BOUND('',#686,.T.);
#397=FACE_OUTER_BOUND('',#687,.T.);
#398=FACE_OUTER_BOUND('',#688,.T.);
#399=FACE_OUTER_BOUND('',#690,.T.);
#400=FACE_OUTER_BOUND('',#691,.T.);
#401=FACE_OUTER_BOUND('',#692,.T.);
#402=FACE_OUTER_BOUND('',#693,.T.);
#403=FACE_OUTER_BOUND('',#695,.T.);
#404=FACE_OUTER_BOUND('',#696,.T.);
#405=FACE_OUTER_BOUND('',#698,.T.);
#406=FACE_OUTER_BOUND('',#699,.T.);
#407=FACE_OUTER_BOUND('',#700,.T.);
#408=FACE_OUTER_BOUND('',#701,.T.);
#409=FACE_OUTER_BOUND('',#702,.T.);
#410=FACE_OUTER_BOUND('',#704,.T.);
#411=FACE_OUTER_BOUND('',#705,.T.);
#412=FACE_OUTER_BOUND('',#706,.T.);
#413=FACE_OUTER_BOUND('',#707,.T.);
#414=FACE_OUTER_BOUND('',#708,.T.);
#415=FACE_OUTER_BOUND('',#710,.T.);
#416=FACE_OUTER_BOUND('',#711,.T.);
#417=FACE_OUTER_BOUND('',#712,.T.);
#418=FACE_OUTER_BOUND('',#714,.T.);
#419=FACE_OUTER_BOUND('',#715,.T.);
#420=FACE_OUTER_BOUND('',#717,.T.);
#421=FACE_OUTER_BOUND('',#718,.T.);
#422=FACE_OUTER_BOUND('',#719,.T.);
#423=FACE_OUTER_BOUND('',#720,.T.);
#424=FACE_OUTER_BOUND('',#721,.T.);
#425=EDGE_LOOP('',(#3041,#3042,#3043,#3044,#3045,#3046));
#426=EDGE_LOOP('',(#3047));
#427=EDGE_LOOP('',(#3048,#3049,#3050,#3051));
#428=EDGE_LOOP('',(#3052,#3053,#3054,#3055));
#429=EDGE_LOOP('',(#3056,#3057,#3058,#3059));
#430=EDGE_LOOP('',(#3060,#3061,#3062,#3063,#3064,#3065));
#431=EDGE_LOOP('',(#3066));
#432=EDGE_LOOP('',(#3067,#3068,#3069,#3070,#3071,#3072));
#433=EDGE_LOOP('',(#3073));
#434=EDGE_LOOP('',(#3074,#3075,#3076,#3077));
#435=EDGE_LOOP('',(#3078,#3079,#3080,#3081));
#436=EDGE_LOOP('',(#3082,#3083,#3084,#3085));
#437=EDGE_LOOP('',(#3086,#3087,#3088,#3089,#3090,#3091));
#438=EDGE_LOOP('',(#3092));
#439=EDGE_LOOP('',(#3093,#3094,#3095,#3096,#3097,#3098,#3099,#3100,#3101,
#3102,#3103,#3104,#3105,#3106,#3107,#3108,#3109,#3110,#3111,#3112));
#440=EDGE_LOOP('',(#3113,#3114,#3115,#3116));
#441=EDGE_LOOP('',(#3117,#3118,#3119,#3120));
#442=EDGE_LOOP('',(#3121,#3122,#3123,#3124));
#443=EDGE_LOOP('',(#3125,#3126,#3127,#3128));
#444=EDGE_LOOP('',(#3129,#3130,#3131,#3132));
#445=EDGE_LOOP('',(#3133,#3134,#3135,#3136));
#446=EDGE_LOOP('',(#3137,#3138,#3139,#3140));
#447=EDGE_LOOP('',(#3141,#3142,#3143,#3144));
#448=EDGE_LOOP('',(#3145,#3146,#3147,#3148));
#449=EDGE_LOOP('',(#3149,#3150,#3151,#3152));
#450=EDGE_LOOP('',(#3153,#3154,#3155,#3156));
#451=EDGE_LOOP('',(#3157,#3158,#3159,#3160));
#452=EDGE_LOOP('',(#3161,#3162,#3163,#3164));
#453=EDGE_LOOP('',(#3165,#3166,#3167,#3168));
#454=EDGE_LOOP('',(#3169,#3170,#3171,#3172));
#455=EDGE_LOOP('',(#3173,#3174,#3175,#3176));
#456=EDGE_LOOP('',(#3177,#3178,#3179,#3180));
#457=EDGE_LOOP('',(#3181,#3182,#3183,#3184));
#458=EDGE_LOOP('',(#3185,#3186,#3187,#3188));
#459=EDGE_LOOP('',(#3189,#3190,#3191,#3192));
#460=EDGE_LOOP('',(#3193,#3194,#3195,#3196));
#461=EDGE_LOOP('',(#3197,#3198,#3199,#3200));
#462=EDGE_LOOP('',(#3201,#3202,#3203,#3204));
#463=EDGE_LOOP('',(#3205,#3206,#3207,#3208));
#464=EDGE_LOOP('',(#3209,#3210,#3211,#3212));
#465=EDGE_LOOP('',(#3213,#3214,#3215,#3216));
#466=EDGE_LOOP('',(#3217,#3218,#3219,#3220));
#467=EDGE_LOOP('',(#3221,#3222,#3223,#3224));
#468=EDGE_LOOP('',(#3225,#3226,#3227,#3228));
#469=EDGE_LOOP('',(#3229,#3230,#3231,#3232));
#470=EDGE_LOOP('',(#3233,#3234,#3235,#3236));
#471=EDGE_LOOP('',(#3237,#3238,#3239,#3240));
#472=EDGE_LOOP('',(#3241,#3242,#3243,#3244));
#473=EDGE_LOOP('',(#3245,#3246,#3247,#3248));
#474=EDGE_LOOP('',(#3249,#3250,#3251,#3252));
#475=EDGE_LOOP('',(#3253,#3254,#3255,#3256));
#476=EDGE_LOOP('',(#3257,#3258,#3259,#3260));
#477=EDGE_LOOP('',(#3261,#3262,#3263,#3264));
#478=EDGE_LOOP('',(#3265,#3266,#3267,#3268));
#479=EDGE_LOOP('',(#3269,#3270,#3271,#3272));
#480=EDGE_LOOP('',(#3273,#3274,#3275,#3276));
#481=EDGE_LOOP('',(#3277,#3278,#3279,#3280));
#482=EDGE_LOOP('',(#3281,#3282,#3283,#3284));
#483=EDGE_LOOP('',(#3285,#3286,#3287,#3288));
#484=EDGE_LOOP('',(#3289,#3290,#3291,#3292));
#485=EDGE_LOOP('',(#3293,#3294,#3295,#3296));
#486=EDGE_LOOP('',(#3297,#3298,#3299,#3300));
#487=EDGE_LOOP('',(#3301,#3302,#3303,#3304));
#488=EDGE_LOOP('',(#3305,#3306,#3307,#3308));
#489=EDGE_LOOP('',(#3309,#3310,#3311,#3312));
#490=EDGE_LOOP('',(#3313,#3314,#3315,#3316));
#491=EDGE_LOOP('',(#3317,#3318,#3319,#3320));
#492=EDGE_LOOP('',(#3321,#3322,#3323,#3324));
#493=EDGE_LOOP('',(#3325,#3326,#3327,#3328));
#494=EDGE_LOOP('',(#3329,#3330,#3331,#3332));
#495=EDGE_LOOP('',(#3333,#3334,#3335,#3336));
#496=EDGE_LOOP('',(#3337,#3338,#3339,#3340));
#497=EDGE_LOOP('',(#3341,#3342,#3343,#3344));
#498=EDGE_LOOP('',(#3345,#3346,#3347,#3348));
#499=EDGE_LOOP('',(#3349,#3350,#3351,#3352));
#500=EDGE_LOOP('',(#3353,#3354,#3355,#3356));
#501=EDGE_LOOP('',(#3357,#3358,#3359,#3360));
#502=EDGE_LOOP('',(#3361,#3362,#3363,#3364));
#503=EDGE_LOOP('',(#3365,#3366,#3367,#3368));
#504=EDGE_LOOP('',(#3369,#3370,#3371,#3372));
#505=EDGE_LOOP('',(#3373,#3374,#3375,#3376));
#506=EDGE_LOOP('',(#3377,#3378,#3379,#3380));
#507=EDGE_LOOP('',(#3381,#3382,#3383,#3384));
#508=EDGE_LOOP('',(#3385,#3386,#3387,#3388));
#509=EDGE_LOOP('',(#3389,#3390,#3391,#3392));
#510=EDGE_LOOP('',(#3393,#3394,#3395,#3396));
#511=EDGE_LOOP('',(#3397,#3398,#3399,#3400));
#512=EDGE_LOOP('',(#3401,#3402,#3403,#3404));
#513=EDGE_LOOP('',(#3405,#3406,#3407,#3408));
#514=EDGE_LOOP('',(#3409,#3410,#3411,#3412));
#515=EDGE_LOOP('',(#3413,#3414,#3415,#3416,#3417,#3418,#3419,#3420,#3421,
#3422,#3423,#3424));
#516=EDGE_LOOP('',(#3425,#3426,#3427,#3428));
#517=EDGE_LOOP('',(#3429,#3430,#3431,#3432));
#518=EDGE_LOOP('',(#3433,#3434,#3435,#3436));
#519=EDGE_LOOP('',(#3437,#3438,#3439,#3440,#3441,#3442,#3443));
#520=EDGE_LOOP('',(#3444));
#521=EDGE_LOOP('',(#3445,#3446,#3447,#3448));
#522=EDGE_LOOP('',(#3449,#3450,#3451,#3452,#3453,#3454,#3455));
#523=EDGE_LOOP('',(#3456));
#524=EDGE_LOOP('',(#3457,#3458,#3459,#3460));
#525=EDGE_LOOP('',(#3461,#3462,#3463,#3464,#3465,#3466,#3467));
#526=EDGE_LOOP('',(#3468));
#527=EDGE_LOOP('',(#3469,#3470,#3471,#3472));
#528=EDGE_LOOP('',(#3473,#3474,#3475,#3476,#3477,#3478,#3479));
#529=EDGE_LOOP('',(#3480));
#530=EDGE_LOOP('',(#3481,#3482,#3483,#3484));
#531=EDGE_LOOP('',(#3485,#3486,#3487,#3488));
#532=EDGE_LOOP('',(#3489,#3490,#3491,#3492));
#533=EDGE_LOOP('',(#3493,#3494,#3495,#3496));
#534=EDGE_LOOP('',(#3497,#3498,#3499,#3500));
#535=EDGE_LOOP('',(#3501,#3502,#3503,#3504,#3505,#3506));
#536=EDGE_LOOP('',(#3507,#3508,#3509,#3510));
#537=EDGE_LOOP('',(#3511,#3512,#3513,#3514,#3515,#3516));
#538=EDGE_LOOP('',(#3517,#3518,#3519,#3520));
#539=EDGE_LOOP('',(#3521,#3522,#3523,#3524));
#540=EDGE_LOOP('',(#3525,#3526,#3527,#3528));
#541=EDGE_LOOP('',(#3529,#3530,#3531,#3532));
#542=EDGE_LOOP('',(#3533,#3534,#3535,#3536,#3537,#3538,#3539,#3540,#3541,
#3542,#3543,#3544,#3545,#3546,#3547,#3548,#3549,#3550,#3551,#3552,#3553,
#3554,#3555,#3556,#3557,#3558,#3559,#3560,#3561));
#543=EDGE_LOOP('',(#3562,#3563,#3564,#3565));
#544=EDGE_LOOP('',(#3566,#3567,#3568,#3569,#3570,#3571,#3572,#3573,#3574,
#3575,#3576,#3577,#3578,#3579,#3580,#3581,#3582,#3583,#3584,#3585,#3586,
#3587,#3588,#3589,#3590,#3591,#3592,#3593,#3594));
#545=EDGE_LOOP('',(#3595,#3596,#3597,#3598));
#546=EDGE_LOOP('',(#3599,#3600,#3601,#3602,#3603,#3604));
#547=EDGE_LOOP('',(#3605,#3606,#3607,#3608));
#548=EDGE_LOOP('',(#3609,#3610,#3611,#3612,#3613,#3614,#3615,#3616));
#549=EDGE_LOOP('',(#3617,#3618,#3619,#3620));
#550=EDGE_LOOP('',(#3621,#3622,#3623,#3624,#3625));
#551=EDGE_LOOP('',(#3626,#3627,#3628,#3629,#3630));
#552=EDGE_LOOP('',(#3631,#3632,#3633,#3634,#3635,#3636));
#553=EDGE_LOOP('',(#3637,#3638,#3639,#3640,#3641,#3642,#3643,#3644,#3645,
#3646,#3647,#3648,#3649,#3650,#3651,#3652,#3653,#3654));
#554=EDGE_LOOP('',(#3655,#3656,#3657,#3658,#3659,#3660));
#555=EDGE_LOOP('',(#3661,#3662,#3663,#3664,#3665));
#556=EDGE_LOOP('',(#3666,#3667,#3668,#3669));
#557=EDGE_LOOP('',(#3670,#3671,#3672,#3673));
#558=EDGE_LOOP('',(#3674,#3675,#3676,#3677));
#559=EDGE_LOOP('',(#3678,#3679,#3680,#3681,#3682));
#560=EDGE_LOOP('',(#3683,#3684,#3685,#3686));
#561=EDGE_LOOP('',(#3687,#3688,#3689,#3690));
#562=EDGE_LOOP('',(#3691,#3692,#3693,#3694));
#563=EDGE_LOOP('',(#3695,#3696,#3697,#3698));
#564=EDGE_LOOP('',(#3699,#3700,#3701,#3702));
#565=EDGE_LOOP('',(#3703,#3704,#3705,#3706));
#566=EDGE_LOOP('',(#3707,#3708,#3709,#3710));
#567=EDGE_LOOP('',(#3711,#3712,#3713,#3714));
#568=EDGE_LOOP('',(#3715,#3716,#3717,#3718,#3719,#3720));
#569=EDGE_LOOP('',(#3721));
#570=EDGE_LOOP('',(#3722,#3723,#3724,#3725));
#571=EDGE_LOOP('',(#3726,#3727,#3728,#3729));
#572=EDGE_LOOP('',(#3730,#3731,#3732,#3733));
#573=EDGE_LOOP('',(#3734,#3735,#3736,#3737));
#574=EDGE_LOOP('',(#3738,#3739,#3740,#3741));
#575=EDGE_LOOP('',(#3742,#3743,#3744,#3745));
#576=EDGE_LOOP('',(#3746,#3747,#3748,#3749));
#577=EDGE_LOOP('',(#3750,#3751,#3752,#3753));
#578=EDGE_LOOP('',(#3754,#3755,#3756,#3757,#3758,#3759,#3760,#3761,#3762));
#579=EDGE_LOOP('',(#3763,#3764,#3765,#3766));
#580=EDGE_LOOP('',(#3767,#3768,#3769,#3770));
#581=EDGE_LOOP('',(#3771,#3772,#3773,#3774,#3775));
#582=EDGE_LOOP('',(#3776,#3777,#3778,#3779,#3780));
#583=EDGE_LOOP('',(#3781,#3782,#3783,#3784));
#584=EDGE_LOOP('',(#3785,#3786,#3787,#3788,#3789,#3790));
#585=EDGE_LOOP('',(#3791));
#586=EDGE_LOOP('',(#3792,#3793,#3794,#3795));
#587=EDGE_LOOP('',(#3796,#3797,#3798,#3799));
#588=EDGE_LOOP('',(#3800,#3801,#3802,#3803));
#589=EDGE_LOOP('',(#3804,#3805,#3806,#3807,#3808,#3809));
#590=EDGE_LOOP('',(#3810));
#591=EDGE_LOOP('',(#3811,#3812,#3813,#3814));
#592=EDGE_LOOP('',(#3815,#3816,#3817,#3818));
#593=EDGE_LOOP('',(#3819,#3820,#3821,#3822,#3823));
#594=EDGE_LOOP('',(#3824,#3825,#3826,#3827,#3828));
#595=EDGE_LOOP('',(#3829,#3830,#3831,#3832,#3833));
#596=EDGE_LOOP('',(#3834,#3835,#3836,#3837,#3838));
#597=EDGE_LOOP('',(#3839,#3840,#3841,#3842,#3843,#3844,#3845,#3846,#3847));
#598=EDGE_LOOP('',(#3848,#3849,#3850,#3851,#3852,#3853,#3854,#3855,#3856,
#3857,#3858,#3859));
#599=EDGE_LOOP('',(#3860,#3861,#3862,#3863,#3864,#3865));
#600=EDGE_LOOP('',(#3866,#3867,#3868,#3869,#3870,#3871,#3872,#3873,#3874,
#3875,#3876,#3877));
#601=EDGE_LOOP('',(#3878));
#602=EDGE_LOOP('',(#3879,#3880,#3881,#3882));
#603=EDGE_LOOP('',(#3883,#3884,#3885,#3886));
#604=EDGE_LOOP('',(#3887,#3888,#3889,#3890,#3891,#3892));
#605=EDGE_LOOP('',(#3893,#3894,#3895,#3896));
#606=EDGE_LOOP('',(#3897,#3898,#3899,#3900));
#607=EDGE_LOOP('',(#3901,#3902,#3903,#3904,#3905,#3906));
#608=EDGE_LOOP('',(#3907,#3908,#3909,#3910,#3911,#3912,#3913,#3914,#3915,
#3916,#3917,#3918));
#609=EDGE_LOOP('',(#3919,#3920,#3921,#3922,#3923,#3924));
#610=EDGE_LOOP('',(#3925,#3926,#3927,#3928,#3929));
#611=EDGE_LOOP('',(#3930,#3931,#3932,#3933,#3934));
#612=EDGE_LOOP('',(#3935,#3936,#3937,#3938));
#613=EDGE_LOOP('',(#3939,#3940,#3941,#3942,#3943,#3944));
#614=EDGE_LOOP('',(#3945,#3946,#3947,#3948));
#615=EDGE_LOOP('',(#3949,#3950,#3951,#3952));
#616=EDGE_LOOP('',(#3953));
#617=EDGE_LOOP('',(#3954));
#618=EDGE_LOOP('',(#3955,#3956,#3957,#3958));
#619=EDGE_LOOP('',(#3959,#3960,#3961,#3962));
#620=EDGE_LOOP('',(#3963,#3964,#3965,#3966));
#621=EDGE_LOOP('',(#3967,#3968,#3969,#3970));
#622=EDGE_LOOP('',(#3971,#3972,#3973,#3974));
#623=EDGE_LOOP('',(#3975,#3976,#3977,#3978));
#624=EDGE_LOOP('',(#3979,#3980,#3981,#3982));
#625=EDGE_LOOP('',(#3983));
#626=EDGE_LOOP('',(#3984));
#627=EDGE_LOOP('',(#3985,#3986,#3987,#3988));
#628=EDGE_LOOP('',(#3989,#3990,#3991,#3992));
#629=EDGE_LOOP('',(#3993,#3994,#3995,#3996));
#630=EDGE_LOOP('',(#3997,#3998,#3999,#4000));
#631=EDGE_LOOP('',(#4001,#4002,#4003,#4004,#4005,#4006,#4007,#4008,#4009,
#4010,#4011,#4012,#4013,#4014,#4015,#4016,#4017,#4018,#4019,#4020,#4021,
#4022,#4023,#4024,#4025,#4026,#4027,#4028));
#632=EDGE_LOOP('',(#4029));
#633=EDGE_LOOP('',(#4030));
#634=EDGE_LOOP('',(#4031,#4032,#4033,#4034));
#635=EDGE_LOOP('',(#4035,#4036,#4037,#4038));
#636=EDGE_LOOP('',(#4039));
#637=EDGE_LOOP('',(#4040));
#638=EDGE_LOOP('',(#4041));
#639=EDGE_LOOP('',(#4042,#4043,#4044,#4045));
#640=EDGE_LOOP('',(#4046,#4047,#4048,#4049));
#641=EDGE_LOOP('',(#4050,#4051,#4052,#4053));
#642=EDGE_LOOP('',(#4054,#4055,#4056,#4057));
#643=EDGE_LOOP('',(#4058,#4059,#4060,#4061));
#644=EDGE_LOOP('',(#4062,#4063,#4064,#4065));
#645=EDGE_LOOP('',(#4066,#4067,#4068,#4069));
#646=EDGE_LOOP('',(#4070,#4071,#4072,#4073));
#647=EDGE_LOOP('',(#4074,#4075,#4076,#4077));
#648=EDGE_LOOP('',(#4078,#4079,#4080,#4081));
#649=EDGE_LOOP('',(#4082,#4083,#4084,#4085));
#650=EDGE_LOOP('',(#4086,#4087,#4088,#4089));
#651=EDGE_LOOP('',(#4090,#4091,#4092,#4093));
#652=EDGE_LOOP('',(#4094,#4095,#4096,#4097));
#653=EDGE_LOOP('',(#4098,#4099,#4100,#4101));
#654=EDGE_LOOP('',(#4102,#4103,#4104,#4105));
#655=EDGE_LOOP('',(#4106,#4107,#4108,#4109));
#656=EDGE_LOOP('',(#4110,#4111,#4112,#4113));
#657=EDGE_LOOP('',(#4114,#4115,#4116,#4117));
#658=EDGE_LOOP('',(#4118,#4119,#4120,#4121));
#659=EDGE_LOOP('',(#4122,#4123,#4124,#4125));
#660=EDGE_LOOP('',(#4126,#4127,#4128,#4129,#4130,#4131,#4132,#4133,#4134,
#4135,#4136,#4137,#4138,#4139,#4140,#4141,#4142,#4143,#4144,#4145,#4146,
#4147,#4148,#4149,#4150,#4151,#4152,#4153));
#661=EDGE_LOOP('',(#4154));
#662=EDGE_LOOP('',(#4155));
#663=EDGE_LOOP('',(#4156,#4157,#4158,#4159));
#664=EDGE_LOOP('',(#4160,#4161,#4162,#4163));
#665=EDGE_LOOP('',(#4164));
#666=EDGE_LOOP('',(#4165));
#667=EDGE_LOOP('',(#4166));
#668=EDGE_LOOP('',(#4167,#4168,#4169,#4170));
#669=EDGE_LOOP('',(#4171,#4172,#4173,#4174));
#670=EDGE_LOOP('',(#4175,#4176,#4177,#4178));
#671=EDGE_LOOP('',(#4179,#4180,#4181,#4182));
#672=EDGE_LOOP('',(#4183,#4184,#4185,#4186));
#673=EDGE_LOOP('',(#4187,#4188,#4189,#4190));
#674=EDGE_LOOP('',(#4191,#4192,#4193,#4194));
#675=EDGE_LOOP('',(#4195,#4196,#4197,#4198));
#676=EDGE_LOOP('',(#4199,#4200,#4201,#4202));
#677=EDGE_LOOP('',(#4203,#4204,#4205,#4206));
#678=EDGE_LOOP('',(#4207,#4208,#4209,#4210));
#679=EDGE_LOOP('',(#4211,#4212,#4213,#4214));
#680=EDGE_LOOP('',(#4215,#4216,#4217,#4218));
#681=EDGE_LOOP('',(#4219,#4220,#4221,#4222));
#682=EDGE_LOOP('',(#4223,#4224,#4225,#4226));
#683=EDGE_LOOP('',(#4227,#4228,#4229,#4230));
#684=EDGE_LOOP('',(#4231,#4232,#4233,#4234));
#685=EDGE_LOOP('',(#4235,#4236,#4237,#4238));
#686=EDGE_LOOP('',(#4239,#4240,#4241,#4242));
#687=EDGE_LOOP('',(#4243,#4244,#4245,#4246));
#688=EDGE_LOOP('',(#4247,#4248,#4249,#4250,#4251,#4252));
#689=EDGE_LOOP('',(#4253));
#690=EDGE_LOOP('',(#4254,#4255,#4256,#4257));
#691=EDGE_LOOP('',(#4258,#4259,#4260,#4261));
#692=EDGE_LOOP('',(#4262,#4263,#4264,#4265));
#693=EDGE_LOOP('',(#4266,#4267,#4268,#4269,#4270,#4271));
#694=EDGE_LOOP('',(#4272));
#695=EDGE_LOOP('',(#4273,#4274,#4275,#4276));
#696=EDGE_LOOP('',(#4277,#4278,#4279,#4280,#4281,#4282));
#697=EDGE_LOOP('',(#4283));
#698=EDGE_LOOP('',(#4284,#4285,#4286,#4287,#4288,#4289,#4290,#4291));
#699=EDGE_LOOP('',(#4292,#4293,#4294,#4295));
#700=EDGE_LOOP('',(#4296,#4297,#4298,#4299));
#701=EDGE_LOOP('',(#4300,#4301,#4302,#4303,#4304,#4305,#4306,#4307));
#702=EDGE_LOOP('',(#4308,#4309,#4310,#4311,#4312,#4313));
#703=EDGE_LOOP('',(#4314));
#704=EDGE_LOOP('',(#4315,#4316,#4317,#4318));
#705=EDGE_LOOP('',(#4319,#4320,#4321,#4322));
#706=EDGE_LOOP('',(#4323,#4324,#4325,#4326));
#707=EDGE_LOOP('',(#4327,#4328,#4329,#4330));
#708=EDGE_LOOP('',(#4331,#4332,#4333,#4334,#4335,#4336));
#709=EDGE_LOOP('',(#4337));
#710=EDGE_LOOP('',(#4338,#4339,#4340,#4341));
#711=EDGE_LOOP('',(#4342,#4343,#4344,#4345));
#712=EDGE_LOOP('',(#4346,#4347,#4348,#4349,#4350));
#713=EDGE_LOOP('',(#4351));
#714=EDGE_LOOP('',(#4352,#4353,#4354,#4355));
#715=EDGE_LOOP('',(#4356,#4357,#4358,#4359,#4360,#4361));
#716=EDGE_LOOP('',(#4362));
#717=EDGE_LOOP('',(#4363,#4364,#4365,#4366,#4367,#4368,#4369,#4370));
#718=EDGE_LOOP('',(#4371,#4372,#4373,#4374));
#719=EDGE_LOOP('',(#4375,#4376,#4377,#4378));
#720=EDGE_LOOP('',(#4379,#4380,#4381,#4382,#4383,#4384,#4385,#4386));
#721=EDGE_LOOP('',(#4387,#4388,#4389,#4390,#4391));
#722=EDGE_LOOP('',(#4392));
#723=LINE('',#6550,#1279);
#724=LINE('',#6554,#1280);
#725=LINE('',#6556,#1281);
#726=LINE('',#6557,#1282);
#727=LINE('',#6562,#1283);
#728=LINE('',#6565,#1284);
#729=LINE('',#6568,#1285);
#730=LINE('',#6569,#1286);
#731=LINE('',#6572,#1287);
#732=LINE('',#6576,#1288);
#733=LINE('',#6578,#1289);
#734=LINE('',#6579,#1290);
#735=LINE('',#6587,#1291);
#736=LINE('',#6591,#1292);
#737=LINE('',#6593,#1293);
#738=LINE('',#6594,#1294);
#739=LINE('',#6599,#1295);
#740=LINE('',#6602,#1296);
#741=LINE('',#6605,#1297);
#742=LINE('',#6606,#1298);
#743=LINE('',#6609,#1299);
#744=LINE('',#6613,#1300);
#745=LINE('',#6615,#1301);
#746=LINE('',#6616,#1302);
#747=LINE('',#6620,#1303);
#748=LINE('',#6622,#1304);
#749=LINE('',#6624,#1305);
#750=LINE('',#6626,#1306);
#751=LINE('',#6628,#1307);
#752=LINE('',#6630,#1308);
#753=LINE('',#6632,#1309);
#754=LINE('',#6634,#1310);
#755=LINE('',#6636,#1311);
#756=LINE('',#6638,#1312);
#757=LINE('',#6640,#1313);
#758=LINE('',#6642,#1314);
#759=LINE('',#6644,#1315);
#760=LINE('',#6645,#1316);
#761=LINE('',#6646,#1317);
#762=LINE('',#6647,#1318);
#763=LINE('',#6651,#1319);
#764=LINE('',#6653,#1320);
#765=LINE('',#6655,#1321);
#766=LINE('',#6656,#1322);
#767=LINE('',#6659,#1323);
#768=LINE('',#6661,#1324);
#769=LINE('',#6662,#1325);
#770=LINE('',#6665,#1326);
#771=LINE('',#6667,#1327);
#772=LINE('',#6668,#1328);
#773=LINE('',#6670,#1329);
#774=LINE('',#6671,#1330);
#775=LINE('',#6675,#1331);
#776=LINE('',#6677,#1332);
#777=LINE('',#6678,#1333);
#778=LINE('',#6681,#1334);
#779=LINE('',#6683,#1335);
#780=LINE('',#6684,#1336);
#781=LINE('',#6687,#1337);
#782=LINE('',#6689,#1338);
#783=LINE('',#6691,#1339);
#784=LINE('',#6692,#1340);
#785=LINE('',#6695,#1341);
#786=LINE('',#6697,#1342);
#787=LINE('',#6698,#1343);
#788=LINE('',#6700,#1344);
#789=LINE('',#6702,#1345);
#790=LINE('',#6703,#1346);
#791=LINE('',#6705,#1347);
#792=LINE('',#6709,#1348);
#793=LINE('',#6711,#1349);
#794=LINE('',#6712,#1350);
#795=LINE('',#6715,#1351);
#796=LINE('',#6717,#1352);
#797=LINE('',#6719,#1353);
#798=LINE('',#6720,#1354);
#799=LINE('',#6723,#1355);
#800=LINE('',#6725,#1356);
#801=LINE('',#6726,#1357);
#802=LINE('',#6728,#1358);
#803=LINE('',#6730,#1359);
#804=LINE('',#6731,#1360);
#805=LINE('',#6733,#1361);
#806=LINE('',#6737,#1362);
#807=LINE('',#6739,#1363);
#808=LINE('',#6740,#1364);
#809=LINE('',#6743,#1365);
#810=LINE('',#6745,#1366);
#811=LINE('',#6747,#1367);
#812=LINE('',#6748,#1368);
#813=LINE('',#6751,#1369);
#814=LINE('',#6753,#1370);
#815=LINE('',#6754,#1371);
#816=LINE('',#6756,#1372);
#817=LINE('',#6758,#1373);
#818=LINE('',#6759,#1374);
#819=LINE('',#6761,#1375);
#820=LINE('',#6765,#1376);
#821=LINE('',#6767,#1377);
#822=LINE('',#6768,#1378);
#823=LINE('',#6771,#1379);
#824=LINE('',#6773,#1380);
#825=LINE('',#6775,#1381);
#826=LINE('',#6776,#1382);
#827=LINE('',#6779,#1383);
#828=LINE('',#6781,#1384);
#829=LINE('',#6782,#1385);
#830=LINE('',#6784,#1386);
#831=LINE('',#6786,#1387);
#832=LINE('',#6787,#1388);
#833=LINE('',#6789,#1389);
#834=LINE('',#6793,#1390);
#835=LINE('',#6795,#1391);
#836=LINE('',#6796,#1392);
#837=LINE('',#6799,#1393);
#838=LINE('',#6801,#1394);
#839=LINE('',#6803,#1395);
#840=LINE('',#6804,#1396);
#841=LINE('',#6807,#1397);
#842=LINE('',#6809,#1398);
#843=LINE('',#6810,#1399);
#844=LINE('',#6812,#1400);
#845=LINE('',#6814,#1401);
#846=LINE('',#6815,#1402);
#847=LINE('',#6817,#1403);
#848=LINE('',#6821,#1404);
#849=LINE('',#6823,#1405);
#850=LINE('',#6824,#1406);
#851=LINE('',#6827,#1407);
#852=LINE('',#6829,#1408);
#853=LINE('',#6831,#1409);
#854=LINE('',#6832,#1410);
#855=LINE('',#6835,#1411);
#856=LINE('',#6837,#1412);
#857=LINE('',#6838,#1413);
#858=LINE('',#6840,#1414);
#859=LINE('',#6842,#1415);
#860=LINE('',#6843,#1416);
#861=LINE('',#6845,#1417);
#862=LINE('',#6849,#1418);
#863=LINE('',#6851,#1419);
#864=LINE('',#6852,#1420);
#865=LINE('',#6855,#1421);
#866=LINE('',#6857,#1422);
#867=LINE('',#6859,#1423);
#868=LINE('',#6860,#1424);
#869=LINE('',#6863,#1425);
#870=LINE('',#6865,#1426);
#871=LINE('',#6866,#1427);
#872=LINE('',#6868,#1428);
#873=LINE('',#6870,#1429);
#874=LINE('',#6871,#1430);
#875=LINE('',#6873,#1431);
#876=LINE('',#6877,#1432);
#877=LINE('',#6879,#1433);
#878=LINE('',#6880,#1434);
#879=LINE('',#6883,#1435);
#880=LINE('',#6885,#1436);
#881=LINE('',#6887,#1437);
#882=LINE('',#6888,#1438);
#883=LINE('',#6891,#1439);
#884=LINE('',#6893,#1440);
#885=LINE('',#6894,#1441);
#886=LINE('',#6896,#1442);
#887=LINE('',#6898,#1443);
#888=LINE('',#6899,#1444);
#889=LINE('',#6901,#1445);
#890=LINE('',#6905,#1446);
#891=LINE('',#6907,#1447);
#892=LINE('',#6908,#1448);
#893=LINE('',#6911,#1449);
#894=LINE('',#6913,#1450);
#895=LINE('',#6915,#1451);
#896=LINE('',#6916,#1452);
#897=LINE('',#6919,#1453);
#898=LINE('',#6921,#1454);
#899=LINE('',#6922,#1455);
#900=LINE('',#6924,#1456);
#901=LINE('',#6926,#1457);
#902=LINE('',#6927,#1458);
#903=LINE('',#6929,#1459);
#904=LINE('',#6933,#1460);
#905=LINE('',#6935,#1461);
#906=LINE('',#6936,#1462);
#907=LINE('',#6939,#1463);
#908=LINE('',#6941,#1464);
#909=LINE('',#6943,#1465);
#910=LINE('',#6944,#1466);
#911=LINE('',#6947,#1467);
#912=LINE('',#6949,#1468);
#913=LINE('',#6950,#1469);
#914=LINE('',#6952,#1470);
#915=LINE('',#6954,#1471);
#916=LINE('',#6955,#1472);
#917=LINE('',#6957,#1473);
#918=LINE('',#6961,#1474);
#919=LINE('',#6963,#1475);
#920=LINE('',#6964,#1476);
#921=LINE('',#6967,#1477);
#922=LINE('',#6969,#1478);
#923=LINE('',#6971,#1479);
#924=LINE('',#6972,#1480);
#925=LINE('',#6975,#1481);
#926=LINE('',#6977,#1482);
#927=LINE('',#6978,#1483);
#928=LINE('',#6980,#1484);
#929=LINE('',#6982,#1485);
#930=LINE('',#6983,#1486);
#931=LINE('',#6985,#1487);
#932=LINE('',#6989,#1488);
#933=LINE('',#6991,#1489);
#934=LINE('',#6992,#1490);
#935=LINE('',#6994,#1491);
#936=LINE('',#6996,#1492);
#937=LINE('',#6999,#1493);
#938=LINE('',#7001,#1494);
#939=LINE('',#7002,#1495);
#940=LINE('',#7009,#1496);
#941=LINE('',#7013,#1497);
#942=LINE('',#7015,#1498);
#943=LINE('',#7017,#1499);
#944=LINE('',#7019,#1500);
#945=LINE('',#7022,#1501);
#946=LINE('',#7030,#1502);
#947=LINE('',#7033,#1503);
#948=LINE('',#7035,#1504);
#949=LINE('',#7039,#1505);
#950=LINE('',#7041,#1506);
#951=LINE('',#7042,#1507);
#952=LINE('',#7049,#1508);
#953=LINE('',#7053,#1509);
#954=LINE('',#7055,#1510);
#955=LINE('',#7057,#1511);
#956=LINE('',#7059,#1512);
#957=LINE('',#7062,#1513);
#958=LINE('',#7070,#1514);
#959=LINE('',#7073,#1515);
#960=LINE('',#7075,#1516);
#961=LINE('',#7079,#1517);
#962=LINE('',#7081,#1518);
#963=LINE('',#7082,#1519);
#964=LINE('',#7086,#1520);
#965=LINE('',#7088,#1521);
#966=LINE('',#7090,#1522);
#967=LINE('',#7091,#1523);
#968=LINE('',#7093,#1524);
#969=LINE('',#7095,#1525);
#970=LINE('',#7096,#1526);
#971=LINE('',#7099,#1527);
#972=LINE('',#7102,#1528);
#973=LINE('',#7104,#1529);
#974=LINE('',#7105,#1530);
#975=LINE('',#7108,#1531);
#976=LINE('',#7112,#1532);
#977=LINE('',#7120,#1533);
#978=LINE('',#7125,#1534);
#979=LINE('',#7129,#1535);
#980=LINE('',#7131,#1536);
#981=LINE('',#7132,#1537);
#982=LINE('',#7135,#1538);
#983=LINE('',#7136,#1539);
#984=LINE('',#7139,#1540);
#985=LINE('',#7140,#1541);
#986=LINE('',#7143,#1542);
#987=LINE('',#7145,#1543);
#988=LINE('',#7147,#1544);
#989=LINE('',#7149,#1545);
#990=LINE('',#7150,#1546);
#991=LINE('',#7152,#1547);
#992=LINE('',#7153,#1548);
#993=LINE('',#7156,#1549);
#994=LINE('',#7157,#1550);
#995=LINE('',#7160,#1551);
#996=LINE('',#7161,#1552);
#997=LINE('',#7163,#1553);
#998=LINE('',#7165,#1554);
#999=LINE('',#7173,#1555);
#1000=LINE('',#7177,#1556);
#1001=LINE('',#7178,#1557);
#1002=LINE('',#7182,#1558);
#1003=LINE('',#7184,#1559);
#1004=LINE('',#7186,#1560);
#1005=LINE('',#7187,#1561);
#1006=LINE('',#7190,#1562);
#1007=LINE('',#7192,#1563);
#1008=LINE('',#7194,#1564);
#1009=LINE('',#7195,#1565);
#1010=LINE('',#7197,#1566);
#1011=LINE('',#7199,#1567);
#1012=LINE('',#7200,#1568);
#1013=LINE('',#7207,#1569);
#1014=LINE('',#7208,#1570);
#1015=LINE('',#7212,#1571);
#1016=LINE('',#7214,#1572);
#1017=LINE('',#7216,#1573);
#1018=LINE('',#7217,#1574);
#1019=LINE('',#7222,#1575);
#1020=LINE('',#7227,#1576);
#1021=LINE('',#7229,#1577);
#1022=LINE('',#7231,#1578);
#1023=LINE('',#7232,#1579);
#1024=LINE('',#7235,#1580);
#1025=LINE('',#7237,#1581);
#1026=LINE('',#7238,#1582);
#1027=LINE('',#7241,#1583);
#1028=LINE('',#7243,#1584);
#1029=LINE('',#7244,#1585);
#1030=LINE('',#7247,#1586);
#1031=LINE('',#7249,#1587);
#1032=LINE('',#7250,#1588);
#1033=LINE('',#7253,#1589);
#1034=LINE('',#7255,#1590);
#1035=LINE('',#7256,#1591);
#1036=LINE('',#7258,#1592);
#1037=LINE('',#7259,#1593);
#1038=LINE('',#7264,#1594);
#1039=LINE('',#7266,#1595);
#1040=LINE('',#7268,#1596);
#1041=LINE('',#7269,#1597);
#1042=LINE('',#7271,#1598);
#1043=LINE('',#7272,#1599);
#1044=LINE('',#7276,#1600);
#1045=LINE('',#7278,#1601);
#1046=LINE('',#7280,#1602);
#1047=LINE('',#7281,#1603);
#1048=LINE('',#7283,#1604);
#1049=LINE('',#7284,#1605);
#1050=LINE('',#7288,#1606);
#1051=LINE('',#7290,#1607);
#1052=LINE('',#7292,#1608);
#1053=LINE('',#7293,#1609);
#1054=LINE('',#7295,#1610);
#1055=LINE('',#7296,#1611);
#1056=LINE('',#7300,#1612);
#1057=LINE('',#7302,#1613);
#1058=LINE('',#7304,#1614);
#1059=LINE('',#7305,#1615);
#1060=LINE('',#7307,#1616);
#1061=LINE('',#7308,#1617);
#1062=LINE('',#7311,#1618);
#1063=LINE('',#7315,#1619);
#1064=LINE('',#7318,#1620);
#1065=LINE('',#7323,#1621);
#1066=LINE('',#7324,#1622);
#1067=LINE('',#7326,#1623);
#1068=LINE('',#7327,#1624);
#1069=LINE('',#7331,#1625);
#1070=LINE('',#7337,#1626);
#1071=LINE('',#7344,#1627);
#1072=LINE('',#7347,#1628);
#1073=LINE('',#7350,#1629);
#1074=LINE('',#7353,#1630);
#1075=LINE('',#7354,#1631);
#1076=LINE('',#7357,#1632);
#1077=LINE('',#7358,#1633);
#1078=LINE('',#7362,#1634);
#1079=LINE('',#7365,#1635);
#1080=LINE('',#7368,#1636);
#1081=LINE('',#7371,#1637);
#1082=LINE('',#7374,#1638);
#1083=LINE('',#7375,#1639);
#1084=LINE('',#7377,#1640);
#1085=LINE('',#7379,#1641);
#1086=LINE('',#7381,#1642);
#1087=LINE('',#7383,#1643);
#1088=LINE('',#7394,#1644);
#1089=LINE('',#7397,#1645);
#1090=LINE('',#7403,#1646);
#1091=LINE('',#7406,#1647);
#1092=LINE('',#7409,#1648);
#1093=LINE('',#7412,#1649);
#1094=LINE('',#7416,#1650);
#1095=LINE('',#7419,#1651);
#1096=LINE('',#7423,#1652);
#1097=LINE('',#7424,#1653);
#1098=LINE('',#7427,#1654);
#1099=LINE('',#7429,#1655);
#1100=LINE('',#7430,#1656);
#1101=LINE('',#7432,#1657);
#1102=LINE('',#7434,#1658);
#1103=LINE('',#7435,#1659);
#1104=LINE('',#7438,#1660);
#1105=LINE('',#7440,#1661);
#1106=LINE('',#7441,#1662);
#1107=LINE('',#7444,#1663);
#1108=LINE('',#7446,#1664);
#1109=LINE('',#7447,#1665);
#1110=LINE('',#7450,#1666);
#1111=LINE('',#7452,#1667);
#1112=LINE('',#7453,#1668);
#1113=LINE('',#7455,#1669);
#1114=LINE('',#7457,#1670);
#1115=LINE('',#7465,#1671);
#1116=LINE('',#7468,#1672);
#1117=LINE('',#7476,#1673);
#1118=LINE('',#7480,#1674);
#1119=LINE('',#7483,#1675);
#1120=LINE('',#7485,#1676);
#1121=LINE('',#7486,#1677);
#1122=LINE('',#7490,#1678);
#1123=LINE('',#7493,#1679);
#1124=LINE('',#7494,#1680);
#1125=LINE('',#7503,#1681);
#1126=LINE('',#7509,#1682);
#1127=LINE('',#7514,#1683);
#1128=LINE('',#7516,#1684);
#1129=LINE('',#7518,#1685);
#1130=LINE('',#7519,#1686);
#1131=LINE('',#7522,#1687);
#1132=LINE('',#7524,#1688);
#1133=LINE('',#7525,#1689);
#1134=LINE('',#7528,#1690);
#1135=LINE('',#7530,#1691);
#1136=LINE('',#7532,#1692);
#1137=LINE('',#7534,#1693);
#1138=LINE('',#7536,#1694);
#1139=LINE('',#7538,#1695);
#1140=LINE('',#7540,#1696);
#1141=LINE('',#7544,#1697);
#1142=LINE('',#7546,#1698);
#1143=LINE('',#7548,#1699);
#1144=LINE('',#7550,#1700);
#1145=LINE('',#7552,#1701);
#1146=LINE('',#7561,#1702);
#1147=LINE('',#7563,#1703);
#1148=LINE('',#7565,#1704);
#1149=LINE('',#7608,#1705);
#1150=LINE('',#7610,#1706);
#1151=LINE('',#7612,#1707);
#1152=LINE('',#7623,#1708);
#1153=LINE('',#7624,#1709);
#1154=LINE('',#7627,#1710);
#1155=LINE('',#7629,#1711);
#1156=LINE('',#7631,#1712);
#1157=LINE('',#7632,#1713);
#1158=LINE('',#7635,#1714);
#1159=LINE('',#7637,#1715);
#1160=LINE('',#7639,#1716);
#1161=LINE('',#7640,#1717);
#1162=LINE('',#7649,#1718);
#1163=LINE('',#7651,#1719);
#1164=LINE('',#7652,#1720);
#1165=LINE('',#7655,#1721);
#1166=LINE('',#7656,#1722);
#1167=LINE('',#7659,#1723);
#1168=LINE('',#7660,#1724);
#1169=LINE('',#7663,#1725);
#1170=LINE('',#7665,#1726);
#1171=LINE('',#7666,#1727);
#1172=LINE('',#7669,#1728);
#1173=LINE('',#7670,#1729);
#1174=LINE('',#7673,#1730);
#1175=LINE('',#7674,#1731);
#1176=LINE('',#7677,#1732);
#1177=LINE('',#7679,#1733);
#1178=LINE('',#7680,#1734);
#1179=LINE('',#7683,#1735);
#1180=LINE('',#7684,#1736);
#1181=LINE('',#7687,#1737);
#1182=LINE('',#7688,#1738);
#1183=LINE('',#7690,#1739);
#1184=LINE('',#7693,#1740);
#1185=LINE('',#7695,#1741);
#1186=LINE('',#7696,#1742);
#1187=LINE('',#7699,#1743);
#1188=LINE('',#7700,#1744);
#1189=LINE('',#7703,#1745);
#1190=LINE('',#7704,#1746);
#1191=LINE('',#7706,#1747);
#1192=LINE('',#7709,#1748);
#1193=LINE('',#7710,#1749);
#1194=LINE('',#7713,#1750);
#1195=LINE('',#7716,#1751);
#1196=LINE('',#7720,#1752);
#1197=LINE('',#7723,#1753);
#1198=LINE('',#7724,#1754);
#1199=LINE('',#7727,#1755);
#1200=LINE('',#7728,#1756);
#1201=LINE('',#7731,#1757);
#1202=LINE('',#7732,#1758);
#1203=LINE('',#7735,#1759);
#1204=LINE('',#7746,#1760);
#1205=LINE('',#7748,#1761);
#1206=LINE('',#7750,#1762);
#1207=LINE('',#7793,#1763);
#1208=LINE('',#7795,#1764);
#1209=LINE('',#7797,#1765);
#1210=LINE('',#7805,#1766);
#1211=LINE('',#7806,#1767);
#1212=LINE('',#7819,#1768);
#1213=LINE('',#7827,#1769);
#1214=LINE('',#7851,#1770);
#1215=LINE('',#7896,#1771);
#1216=LINE('',#7920,#1772);
#1217=LINE('',#7922,#1773);
#1218=LINE('',#7965,#1774);
#1219=LINE('',#7967,#1775);
#1220=LINE('',#7974,#1776);
#1221=LINE('',#7980,#1777);
#1222=LINE('',#7987,#1778);
#1223=LINE('',#7990,#1779);
#1224=LINE('',#7993,#1780);
#1225=LINE('',#7995,#1781);
#1226=LINE('',#7996,#1782);
#1227=LINE('',#7999,#1783);
#1228=LINE('',#8001,#1784);
#1229=LINE('',#8003,#1785);
#1230=LINE('',#8008,#1786);
#1231=LINE('',#8014,#1787);
#1232=LINE('',#8017,#1788);
#1233=LINE('',#8020,#1789);
#1234=LINE('',#8022,#1790);
#1235=LINE('',#8023,#1791);
#1236=LINE('',#8026,#1792);
#1237=LINE('',#8028,#1793);
#1238=LINE('',#8030,#1794);
#1239=LINE('',#8035,#1795);
#1240=LINE('',#8038,#1796);
#1241=LINE('',#8040,#1797);
#1242=LINE('',#8041,#1798);
#1243=LINE('',#8043,#1799);
#1244=LINE('',#8045,#1800);
#1245=LINE('',#8046,#1801);
#1246=LINE('',#8049,#1802);
#1247=LINE('',#8050,#1803);
#1248=LINE('',#8052,#1804);
#1249=LINE('',#8054,#1805);
#1250=LINE('',#8060,#1806);
#1251=LINE('',#8066,#1807);
#1252=LINE('',#8073,#1808);
#1253=LINE('',#8076,#1809);
#1254=LINE('',#8079,#1810);
#1255=LINE('',#8081,#1811);
#1256=LINE('',#8082,#1812);
#1257=LINE('',#8085,#1813);
#1258=LINE('',#8087,#1814);
#1259=LINE('',#8089,#1815);
#1260=LINE('',#8093,#1816);
#1261=LINE('',#8100,#1817);
#1262=LINE('',#8103,#1818);
#1263=LINE('',#8106,#1819);
#1264=LINE('',#8108,#1820);
#1265=LINE('',#8110,#1821);
#1266=LINE('',#8111,#1822);
#1267=LINE('',#8114,#1823);
#1268=LINE('',#8115,#1824);
#1269=LINE('',#8118,#1825);
#1270=LINE('',#8120,#1826);
#1271=LINE('',#8121,#1827);
#1272=LINE('',#8124,#1828);
#1273=LINE('',#8125,#1829);
#1274=LINE('',#8126,#1830);
#1275=LINE('',#8129,#1831);
#1276=LINE('',#8130,#1832);
#1277=LINE('',#8132,#1833);
#1278=LINE('',#8134,#1834);
#1279=VECTOR('',#5265,10.);
#1280=VECTOR('',#5268,10.);
#1281=VECTOR('',#5269,10.);
#1282=VECTOR('',#5270,10.);
#1283=VECTOR('',#5275,10.);
#1284=VECTOR('',#5278,10.);
#1285=VECTOR('',#5281,10.);
#1286=VECTOR('',#5282,10.);
#1287=VECTOR('',#5285,10.);
#1288=VECTOR('',#5290,10.);
#1289=VECTOR('',#5291,10.);
#1290=VECTOR('',#5292,10.);
#1291=VECTOR('',#5299,10.);
#1292=VECTOR('',#5302,10.);
#1293=VECTOR('',#5303,10.);
#1294=VECTOR('',#5304,10.);
#1295=VECTOR('',#5309,10.);
#1296=VECTOR('',#5312,10.);
#1297=VECTOR('',#5315,10.);
#1298=VECTOR('',#5316,10.);
#1299=VECTOR('',#5319,10.);
#1300=VECTOR('',#5324,10.);
#1301=VECTOR('',#5325,10.);
#1302=VECTOR('',#5326,10.);
#1303=VECTOR('',#5331,10.);
#1304=VECTOR('',#5332,10.);
#1305=VECTOR('',#5333,10.);
#1306=VECTOR('',#5334,10.);
#1307=VECTOR('',#5335,10.);
#1308=VECTOR('',#5336,10.);
#1309=VECTOR('',#5337,10.);
#1310=VECTOR('',#5338,10.);
#1311=VECTOR('',#5339,10.);
#1312=VECTOR('',#5340,10.);
#1313=VECTOR('',#5341,10.);
#1314=VECTOR('',#5342,10.);
#1315=VECTOR('',#5343,10.);
#1316=VECTOR('',#5344,10.);
#1317=VECTOR('',#5345,10.);
#1318=VECTOR('',#5346,10.);
#1319=VECTOR('',#5349,10.);
#1320=VECTOR('',#5350,10.);
#1321=VECTOR('',#5351,10.);
#1322=VECTOR('',#5352,10.);
#1323=VECTOR('',#5355,10.);
#1324=VECTOR('',#5356,10.);
#1325=VECTOR('',#5357,10.);
#1326=VECTOR('',#5360,10.);
#1327=VECTOR('',#5361,10.);
#1328=VECTOR('',#5362,10.);
#1329=VECTOR('',#5365,10.);
#1330=VECTOR('',#5366,10.);
#1331=VECTOR('',#5371,10.);
#1332=VECTOR('',#5372,10.);
#1333=VECTOR('',#5373,10.);
#1334=VECTOR('',#5376,10.);
#1335=VECTOR('',#5377,10.);
#1336=VECTOR('',#5378,10.);
#1337=VECTOR('',#5381,10.);
#1338=VECTOR('',#5382,10.);
#1339=VECTOR('',#5383,10.);
#1340=VECTOR('',#5384,10.);
#1341=VECTOR('',#5387,10.);
#1342=VECTOR('',#5388,10.);
#1343=VECTOR('',#5389,10.);
#1344=VECTOR('',#5392,10.);
#1345=VECTOR('',#5393,10.);
#1346=VECTOR('',#5394,10.);
#1347=VECTOR('',#5397,10.);
#1348=VECTOR('',#5402,10.);
#1349=VECTOR('',#5403,10.);
#1350=VECTOR('',#5404,10.);
#1351=VECTOR('',#5407,10.);
#1352=VECTOR('',#5408,10.);
#1353=VECTOR('',#5409,10.);
#1354=VECTOR('',#5410,10.);
#1355=VECTOR('',#5413,10.);
#1356=VECTOR('',#5414,10.);
#1357=VECTOR('',#5415,10.);
#1358=VECTOR('',#5418,10.);
#1359=VECTOR('',#5419,10.);
#1360=VECTOR('',#5420,10.);
#1361=VECTOR('',#5423,10.);
#1362=VECTOR('',#5428,10.);
#1363=VECTOR('',#5429,10.);
#1364=VECTOR('',#5430,10.);
#1365=VECTOR('',#5433,10.);
#1366=VECTOR('',#5434,10.);
#1367=VECTOR('',#5435,10.);
#1368=VECTOR('',#5436,10.);
#1369=VECTOR('',#5439,10.);
#1370=VECTOR('',#5440,10.);
#1371=VECTOR('',#5441,10.);
#1372=VECTOR('',#5444,10.);
#1373=VECTOR('',#5445,10.);
#1374=VECTOR('',#5446,10.);
#1375=VECTOR('',#5449,10.);
#1376=VECTOR('',#5454,10.);
#1377=VECTOR('',#5455,10.);
#1378=VECTOR('',#5456,10.);
#1379=VECTOR('',#5459,10.);
#1380=VECTOR('',#5460,10.);
#1381=VECTOR('',#5461,10.);
#1382=VECTOR('',#5462,10.);
#1383=VECTOR('',#5465,10.);
#1384=VECTOR('',#5466,10.);
#1385=VECTOR('',#5467,10.);
#1386=VECTOR('',#5470,10.);
#1387=VECTOR('',#5471,10.);
#1388=VECTOR('',#5472,10.);
#1389=VECTOR('',#5475,10.);
#1390=VECTOR('',#5480,10.);
#1391=VECTOR('',#5481,10.);
#1392=VECTOR('',#5482,10.);
#1393=VECTOR('',#5485,10.);
#1394=VECTOR('',#5486,10.);
#1395=VECTOR('',#5487,10.);
#1396=VECTOR('',#5488,10.);
#1397=VECTOR('',#5491,10.);
#1398=VECTOR('',#5492,10.);
#1399=VECTOR('',#5493,10.);
#1400=VECTOR('',#5496,10.);
#1401=VECTOR('',#5497,10.);
#1402=VECTOR('',#5498,10.);
#1403=VECTOR('',#5501,10.);
#1404=VECTOR('',#5506,10.);
#1405=VECTOR('',#5507,10.);
#1406=VECTOR('',#5508,10.);
#1407=VECTOR('',#5511,10.);
#1408=VECTOR('',#5512,10.);
#1409=VECTOR('',#5513,10.);
#1410=VECTOR('',#5514,10.);
#1411=VECTOR('',#5517,10.);
#1412=VECTOR('',#5518,10.);
#1413=VECTOR('',#5519,10.);
#1414=VECTOR('',#5522,10.);
#1415=VECTOR('',#5523,10.);
#1416=VECTOR('',#5524,10.);
#1417=VECTOR('',#5527,10.);
#1418=VECTOR('',#5532,10.);
#1419=VECTOR('',#5533,10.);
#1420=VECTOR('',#5534,10.);
#1421=VECTOR('',#5537,10.);
#1422=VECTOR('',#5538,10.);
#1423=VECTOR('',#5539,10.);
#1424=VECTOR('',#5540,10.);
#1425=VECTOR('',#5543,10.);
#1426=VECTOR('',#5544,10.);
#1427=VECTOR('',#5545,10.);
#1428=VECTOR('',#5548,10.);
#1429=VECTOR('',#5549,10.);
#1430=VECTOR('',#5550,10.);
#1431=VECTOR('',#5553,10.);
#1432=VECTOR('',#5558,10.);
#1433=VECTOR('',#5559,10.);
#1434=VECTOR('',#5560,10.);
#1435=VECTOR('',#5563,10.);
#1436=VECTOR('',#5564,10.);
#1437=VECTOR('',#5565,10.);
#1438=VECTOR('',#5566,10.);
#1439=VECTOR('',#5569,10.);
#1440=VECTOR('',#5570,10.);
#1441=VECTOR('',#5571,10.);
#1442=VECTOR('',#5574,10.);
#1443=VECTOR('',#5575,10.);
#1444=VECTOR('',#5576,10.);
#1445=VECTOR('',#5579,10.);
#1446=VECTOR('',#5584,10.);
#1447=VECTOR('',#5585,10.);
#1448=VECTOR('',#5586,10.);
#1449=VECTOR('',#5589,10.);
#1450=VECTOR('',#5590,10.);
#1451=VECTOR('',#5591,10.);
#1452=VECTOR('',#5592,10.);
#1453=VECTOR('',#5595,10.);
#1454=VECTOR('',#5596,10.);
#1455=VECTOR('',#5597,10.);
#1456=VECTOR('',#5600,10.);
#1457=VECTOR('',#5601,10.);
#1458=VECTOR('',#5602,10.);
#1459=VECTOR('',#5605,10.);
#1460=VECTOR('',#5610,10.);
#1461=VECTOR('',#5611,10.);
#1462=VECTOR('',#5612,10.);
#1463=VECTOR('',#5615,10.);
#1464=VECTOR('',#5616,10.);
#1465=VECTOR('',#5617,10.);
#1466=VECTOR('',#5618,10.);
#1467=VECTOR('',#5621,10.);
#1468=VECTOR('',#5622,10.);
#1469=VECTOR('',#5623,10.);
#1470=VECTOR('',#5626,10.);
#1471=VECTOR('',#5627,10.);
#1472=VECTOR('',#5628,10.);
#1473=VECTOR('',#5631,10.);
#1474=VECTOR('',#5636,10.);
#1475=VECTOR('',#5637,10.);
#1476=VECTOR('',#5638,10.);
#1477=VECTOR('',#5641,10.);
#1478=VECTOR('',#5642,10.);
#1479=VECTOR('',#5643,10.);
#1480=VECTOR('',#5644,10.);
#1481=VECTOR('',#5647,10.);
#1482=VECTOR('',#5648,10.);
#1483=VECTOR('',#5649,10.);
#1484=VECTOR('',#5652,10.);
#1485=VECTOR('',#5653,10.);
#1486=VECTOR('',#5654,10.);
#1487=VECTOR('',#5657,10.);
#1488=VECTOR('',#5662,10.);
#1489=VECTOR('',#5663,10.);
#1490=VECTOR('',#5664,10.);
#1491=VECTOR('',#5667,2.);
#1492=VECTOR('',#5670,2.);
#1493=VECTOR('',#5673,10.);
#1494=VECTOR('',#5674,10.);
#1495=VECTOR('',#5675,10.);
#1496=VECTOR('',#5684,10.);
#1497=VECTOR('',#5689,10.);
#1498=VECTOR('',#5690,10.);
#1499=VECTOR('',#5691,10.);
#1500=VECTOR('',#5692,10.);
#1501=VECTOR('',#5695,10.);
#1502=VECTOR('',#5704,10.);
#1503=VECTOR('',#5707,10.);
#1504=VECTOR('',#5708,10.);
#1505=VECTOR('',#5711,10.);
#1506=VECTOR('',#5712,10.);
#1507=VECTOR('',#5713,10.);
#1508=VECTOR('',#5720,10.);
#1509=VECTOR('',#5725,10.);
#1510=VECTOR('',#5726,10.);
#1511=VECTOR('',#5727,10.);
#1512=VECTOR('',#5728,10.);
#1513=VECTOR('',#5731,10.);
#1514=VECTOR('',#5740,10.);
#1515=VECTOR('',#5743,10.);
#1516=VECTOR('',#5744,10.);
#1517=VECTOR('',#5747,10.);
#1518=VECTOR('',#5748,10.);
#1519=VECTOR('',#5749,10.);
#1520=VECTOR('',#5754,2.00000002980236);
#1521=VECTOR('',#5757,2.00000002980236);
#1522=VECTOR('',#5760,10.);
#1523=VECTOR('',#5761,10.);
#1524=VECTOR('',#5764,10.);
#1525=VECTOR('',#5767,10.);
#1526=VECTOR('',#5768,10.);
#1527=VECTOR('',#5773,10.);
#1528=VECTOR('',#5778,10.);
#1529=VECTOR('',#5781,10.);
#1530=VECTOR('',#5782,10.);
#1531=VECTOR('',#5787,10.);
#1532=VECTOR('',#5790,10.);
#1533=VECTOR('',#5801,10.);
#1534=VECTOR('',#5806,10.);
#1535=VECTOR('',#5811,10.);
#1536=VECTOR('',#5812,10.);
#1537=VECTOR('',#5813,10.);
#1538=VECTOR('',#5816,10.);
#1539=VECTOR('',#5817,10.);
#1540=VECTOR('',#5820,10.);
#1541=VECTOR('',#5821,10.);
#1542=VECTOR('',#5824,10.);
#1543=VECTOR('',#5825,10.);
#1544=VECTOR('',#5826,10.);
#1545=VECTOR('',#5827,10.);
#1546=VECTOR('',#5828,10.);
#1547=VECTOR('',#5831,10.);
#1548=VECTOR('',#5832,10.);
#1549=VECTOR('',#5835,10.);
#1550=VECTOR('',#5836,10.);
#1551=VECTOR('',#5839,10.);
#1552=VECTOR('',#5840,10.);
#1553=VECTOR('',#5843,10.);
#1554=VECTOR('',#5846,10.);
#1555=VECTOR('',#5855,10.);
#1556=VECTOR('',#5858,10.);
#1557=VECTOR('',#5859,10.);
#1558=VECTOR('',#5862,10.);
#1559=VECTOR('',#5863,10.);
#1560=VECTOR('',#5864,10.);
#1561=VECTOR('',#5865,10.);
#1562=VECTOR('',#5866,10.);
#1563=VECTOR('',#5867,10.);
#1564=VECTOR('',#5868,10.);
#1565=VECTOR('',#5869,10.);
#1566=VECTOR('',#5870,10.);
#1567=VECTOR('',#5871,10.);
#1568=VECTOR('',#5872,10.);
#1569=VECTOR('',#5879,10.);
#1570=VECTOR('',#5880,10.);
#1571=VECTOR('',#5883,10.);
#1572=VECTOR('',#5884,10.);
#1573=VECTOR('',#5885,10.);
#1574=VECTOR('',#5886,10.);
#1575=VECTOR('',#5891,2.5);
#1576=VECTOR('',#5896,10.);
#1577=VECTOR('',#5897,10.);
#1578=VECTOR('',#5898,10.);
#1579=VECTOR('',#5899,10.);
#1580=VECTOR('',#5902,10.);
#1581=VECTOR('',#5903,10.);
#1582=VECTOR('',#5904,10.);
#1583=VECTOR('',#5907,10.);
#1584=VECTOR('',#5908,10.);
#1585=VECTOR('',#5909,10.);
#1586=VECTOR('',#5912,10.);
#1587=VECTOR('',#5913,10.);
#1588=VECTOR('',#5914,10.);
#1589=VECTOR('',#5917,10.);
#1590=VECTOR('',#5918,10.);
#1591=VECTOR('',#5919,10.);
#1592=VECTOR('',#5922,10.);
#1593=VECTOR('',#5923,10.);
#1594=VECTOR('',#5928,10.);
#1595=VECTOR('',#5929,10.);
#1596=VECTOR('',#5930,10.);
#1597=VECTOR('',#5931,10.);
#1598=VECTOR('',#5934,10.);
#1599=VECTOR('',#5935,10.);
#1600=VECTOR('',#5938,10.);
#1601=VECTOR('',#5939,10.);
#1602=VECTOR('',#5940,10.);
#1603=VECTOR('',#5941,10.);
#1604=VECTOR('',#5944,10.);
#1605=VECTOR('',#5945,10.);
#1606=VECTOR('',#5948,10.);
#1607=VECTOR('',#5949,10.);
#1608=VECTOR('',#5950,10.);
#1609=VECTOR('',#5951,10.);
#1610=VECTOR('',#5954,10.);
#1611=VECTOR('',#5955,10.);
#1612=VECTOR('',#5958,10.);
#1613=VECTOR('',#5959,10.);
#1614=VECTOR('',#5960,10.);
#1615=VECTOR('',#5961,10.);
#1616=VECTOR('',#5964,10.);
#1617=VECTOR('',#5965,10.);
#1618=VECTOR('',#5968,10.);
#1619=VECTOR('',#5971,10.);
#1620=VECTOR('',#5974,10.);
#1621=VECTOR('',#5981,10.);
#1622=VECTOR('',#5982,10.);
#1623=VECTOR('',#5985,10.);
#1624=VECTOR('',#5986,10.);
#1625=VECTOR('',#5991,2.);
#1626=VECTOR('',#5998,2.);
#1627=VECTOR('',#6005,10.);
#1628=VECTOR('',#6008,10.);
#1629=VECTOR('',#6011,10.);
#1630=VECTOR('',#6014,10.);
#1631=VECTOR('',#6015,10.);
#1632=VECTOR('',#6018,10.);
#1633=VECTOR('',#6019,10.);
#1634=VECTOR('',#6024,10.);
#1635=VECTOR('',#6027,10.);
#1636=VECTOR('',#6030,10.);
#1637=VECTOR('',#6033,10.);
#1638=VECTOR('',#6036,10.);
#1639=VECTOR('',#6037,10.);
#1640=VECTOR('',#6040,10.);
#1641=VECTOR('',#6043,10.);
#1642=VECTOR('',#6046,10.);
#1643=VECTOR('',#6049,10.);
#1644=VECTOR('',#6064,17.5);
#1645=VECTOR('',#6067,10.);
#1646=VECTOR('',#6072,17.5);
#1647=VECTOR('',#6075,10.);
#1648=VECTOR('',#6078,10.);
#1649=VECTOR('',#6081,10.);
#1650=VECTOR('',#6086,10.);
#1651=VECTOR('',#6089,10.);
#1652=VECTOR('',#6096,10.);
#1653=VECTOR('',#6097,10.);
#1654=VECTOR('',#6100,10.);
#1655=VECTOR('',#6101,10.);
#1656=VECTOR('',#6102,10.);
#1657=VECTOR('',#6103,10.);
#1658=VECTOR('',#6104,10.);
#1659=VECTOR('',#6105,10.);
#1660=VECTOR('',#6108,10.);
#1661=VECTOR('',#6109,10.);
#1662=VECTOR('',#6110,10.);
#1663=VECTOR('',#6113,10.);
#1664=VECTOR('',#6114,10.);
#1665=VECTOR('',#6115,10.);
#1666=VECTOR('',#6118,10.);
#1667=VECTOR('',#6119,10.);
#1668=VECTOR('',#6120,10.);
#1669=VECTOR('',#6123,10.);
#1670=VECTOR('',#6126,10.);
#1671=VECTOR('',#6135,10.);
#1672=VECTOR('',#6138,10.);
#1673=VECTOR('',#6147,2.);
#1674=VECTOR('',#6152,1.99999999999999);
#1675=VECTOR('',#6155,10.);
#1676=VECTOR('',#6156,10.);
#1677=VECTOR('',#6157,10.);
#1678=VECTOR('',#6162,10.);
#1679=VECTOR('',#6165,10.);
#1680=VECTOR('',#6166,10.);
#1681=VECTOR('',#6179,1.5);
#1682=VECTOR('',#6186,1.50515377971685);
#1683=VECTOR('',#6191,10.);
#1684=VECTOR('',#6192,10.);
#1685=VECTOR('',#6193,10.);
#1686=VECTOR('',#6194,10.);
#1687=VECTOR('',#6197,10.);
#1688=VECTOR('',#6198,10.);
#1689=VECTOR('',#6199,10.);
#1690=VECTOR('',#6202,10.);
#1691=VECTOR('',#6203,10.);
#1692=VECTOR('',#6204,10.);
#1693=VECTOR('',#6205,10.);
#1694=VECTOR('',#6206,10.);
#1695=VECTOR('',#6207,10.);
#1696=VECTOR('',#6208,10.);
#1697=VECTOR('',#6211,10.);
#1698=VECTOR('',#6212,10.);
#1699=VECTOR('',#6213,10.);
#1700=VECTOR('',#6214,10.);
#1701=VECTOR('',#6215,10.);
#1702=VECTOR('',#6216,10.);
#1703=VECTOR('',#6217,10.);
#1704=VECTOR('',#6218,10.);
#1705=VECTOR('',#6219,10.);
#1706=VECTOR('',#6220,10.);
#1707=VECTOR('',#6221,10.);
#1708=VECTOR('',#6222,10.);
#1709=VECTOR('',#6223,10.);
#1710=VECTOR('',#6224,10.);
#1711=VECTOR('',#6225,10.);
#1712=VECTOR('',#6226,10.);
#1713=VECTOR('',#6227,10.);
#1714=VECTOR('',#6228,10.);
#1715=VECTOR('',#6229,10.);
#1716=VECTOR('',#6230,10.);
#1717=VECTOR('',#6231,10.);
#1718=VECTOR('',#6240,10.);
#1719=VECTOR('',#6241,10.);
#1720=VECTOR('',#6242,10.);
#1721=VECTOR('',#6245,10.);
#1722=VECTOR('',#6246,10.);
#1723=VECTOR('',#6249,10.);
#1724=VECTOR('',#6250,10.);
#1725=VECTOR('',#6253,10.);
#1726=VECTOR('',#6254,10.);
#1727=VECTOR('',#6255,10.);
#1728=VECTOR('',#6258,10.);
#1729=VECTOR('',#6259,10.);
#1730=VECTOR('',#6262,10.);
#1731=VECTOR('',#6263,10.);
#1732=VECTOR('',#6266,10.);
#1733=VECTOR('',#6267,10.);
#1734=VECTOR('',#6268,10.);
#1735=VECTOR('',#6271,10.);
#1736=VECTOR('',#6272,10.);
#1737=VECTOR('',#6275,10.);
#1738=VECTOR('',#6276,10.);
#1739=VECTOR('',#6279,10.);
#1740=VECTOR('',#6282,10.);
#1741=VECTOR('',#6283,10.);
#1742=VECTOR('',#6284,10.);
#1743=VECTOR('',#6287,10.);
#1744=VECTOR('',#6288,10.);
#1745=VECTOR('',#6291,10.);
#1746=VECTOR('',#6292,10.);
#1747=VECTOR('',#6295,10.);
#1748=VECTOR('',#6298,10.);
#1749=VECTOR('',#6299,10.);
#1750=VECTOR('',#6302,10.);
#1751=VECTOR('',#6307,10.);
#1752=VECTOR('',#6312,1.99999999999999);
#1753=VECTOR('',#6315,10.);
#1754=VECTOR('',#6316,10.);
#1755=VECTOR('',#6319,10.);
#1756=VECTOR('',#6320,10.);
#1757=VECTOR('',#6323,10.);
#1758=VECTOR('',#6324,10.);
#1759=VECTOR('',#6327,10.);
#1760=VECTOR('',#6328,10.);
#1761=VECTOR('',#6329,10.);
#1762=VECTOR('',#6330,10.);
#1763=VECTOR('',#6331,10.);
#1764=VECTOR('',#6332,10.);
#1765=VECTOR('',#6333,10.);
#1766=VECTOR('',#6334,10.);
#1767=VECTOR('',#6335,10.);
#1768=VECTOR('',#6344,10.);
#1769=VECTOR('',#6347,10.);
#1770=VECTOR('',#6350,10.);
#1771=VECTOR('',#6351,10.);
#1772=VECTOR('',#6354,10.);
#1773=VECTOR('',#6357,10.);
#1774=VECTOR('',#6362,1.99999999999998);
#1775=VECTOR('',#6365,1.99999999999998);
#1776=VECTOR('',#6374,2.00000002980232);
#1777=VECTOR('',#6381,2.00000002980232);
#1778=VECTOR('',#6388,10.);
#1779=VECTOR('',#6391,10.);
#1780=VECTOR('',#6394,10.);
#1781=VECTOR('',#6395,10.);
#1782=VECTOR('',#6396,10.);
#1783=VECTOR('',#6399,10.);
#1784=VECTOR('',#6400,10.);
#1785=VECTOR('',#6401,10.);
#1786=VECTOR('',#6408,10.);
#1787=VECTOR('',#6413,10.);
#1788=VECTOR('',#6416,10.);
#1789=VECTOR('',#6419,10.);
#1790=VECTOR('',#6420,10.);
#1791=VECTOR('',#6421,10.);
#1792=VECTOR('',#6424,10.);
#1793=VECTOR('',#6425,10.);
#1794=VECTOR('',#6426,10.);
#1795=VECTOR('',#6433,10.);
#1796=VECTOR('',#6436,10.);
#1797=VECTOR('',#6437,10.);
#1798=VECTOR('',#6438,10.);
#1799=VECTOR('',#6441,10.);
#1800=VECTOR('',#6442,10.);
#1801=VECTOR('',#6443,10.);
#1802=VECTOR('',#6446,10.);
#1803=VECTOR('',#6447,10.);
#1804=VECTOR('',#6450,10.);
#1805=VECTOR('',#6453,10.);
#1806=VECTOR('',#6460,2.00000002980232);
#1807=VECTOR('',#6467,2.00000002980232);
#1808=VECTOR('',#6474,10.);
#1809=VECTOR('',#6477,10.);
#1810=VECTOR('',#6480,10.);
#1811=VECTOR('',#6481,10.);
#1812=VECTOR('',#6482,10.);
#1813=VECTOR('',#6485,10.);
#1814=VECTOR('',#6486,10.);
#1815=VECTOR('',#6487,10.);
#1816=VECTOR('',#6492,10.);
#1817=VECTOR('',#6499,10.);
#1818=VECTOR('',#6502,10.);
#1819=VECTOR('',#6505,10.);
#1820=VECTOR('',#6506,10.);
#1821=VECTOR('',#6507,10.);
#1822=VECTOR('',#6508,10.);
#1823=VECTOR('',#6511,10.);
#1824=VECTOR('',#6512,10.);
#1825=VECTOR('',#6515,10.);
#1826=VECTOR('',#6516,10.);
#1827=VECTOR('',#6517,10.);
#1828=VECTOR('',#6520,10.);
#1829=VECTOR('',#6521,10.);
#1830=VECTOR('',#6522,10.);
#1831=VECTOR('',#6525,10.);
#1832=VECTOR('',#6526,10.);
#1833=VECTOR('',#6529,10.);
#1834=VECTOR('',#6532,10.);
#1835=CIRCLE('',#4895,9.);
#1836=CIRCLE('',#4896,9.);
#1837=CIRCLE('',#4897,2.);
#1838=CIRCLE('',#4899,9.);
#1839=CIRCLE('',#4902,9.);
#1840=CIRCLE('',#4904,2.);
#1841=CIRCLE('',#4906,9.);
#1842=CIRCLE('',#4907,9.);
#1843=CIRCLE('',#4908,2.);
#1844=CIRCLE('',#4910,9.);
#1845=CIRCLE('',#4913,9.);
#1846=CIRCLE('',#4915,2.);
#1847=CIRCLE('',#4996,2.);
#1848=CIRCLE('',#4997,2.);
#1849=CIRCLE('',#4999,9.5);
#1850=CIRCLE('',#5000,2.00000002980236);
#1851=CIRCLE('',#5002,2.);
#1852=CIRCLE('',#5003,2.);
#1853=CIRCLE('',#5005,9.5);
#1854=CIRCLE('',#5006,2.00000002980236);
#1855=CIRCLE('',#5008,2.);
#1856=CIRCLE('',#5009,2.);
#1857=CIRCLE('',#5011,9.5);
#1858=CIRCLE('',#5012,2.00000002980236);
#1859=CIRCLE('',#5014,2.);
#1860=CIRCLE('',#5015,2.);
#1861=CIRCLE('',#5017,9.5);
#1862=CIRCLE('',#5018,2.00000002980236);
#1863=CIRCLE('',#5052,2.);
#1864=CIRCLE('',#5053,2.);
#1865=CIRCLE('',#5056,2.);
#1866=CIRCLE('',#5057,2.);
#1867=CIRCLE('',#5060,2.5);
#1868=CIRCLE('',#5061,2.5);
#1869=CIRCLE('',#5078,3.);
#1870=CIRCLE('',#5079,3.);
#1871=CIRCLE('',#5080,2.);
#1872=CIRCLE('',#5081,2.);
#1873=CIRCLE('',#5085,2.);
#1874=CIRCLE('',#5087,2.);
#1875=CIRCLE('',#5088,2.);
#1876=CIRCLE('',#5089,2.);
#1877=CIRCLE('',#5091,3.);
#1878=CIRCLE('',#5092,3.);
#1879=CIRCLE('',#5094,3.);
#1880=CIRCLE('',#5097,3.);
#1881=CIRCLE('',#5099,3.);
#1882=CIRCLE('',#5101,3.);
#1883=CIRCLE('',#5112,17.5);
#1884=CIRCLE('',#5113,17.5);
#1885=CIRCLE('',#5115,17.5);
#1886=CIRCLE('',#5116,17.5);
#1887=CIRCLE('',#5118,1.5);
#1888=CIRCLE('',#5119,2.50000001490116);
#1889=CIRCLE('',#5121,1.5);
#1890=CIRCLE('',#5123,2.50000001490116);
#1891=CIRCLE('',#5134,3.28344061589116);
#1892=CIRCLE('',#5135,3.28344061589116);
#1893=CIRCLE('',#5136,1.99999999999999);
#1894=CIRCLE('',#5137,2.);
#1895=CIRCLE('',#5139,2.);
#1896=CIRCLE('',#5141,1.99999999999999);
#1897=CIRCLE('',#5144,3.28344061589116);
#1898=CIRCLE('',#5147,3.28344061589116);
#1899=CIRCLE('',#5151,1.5);
#1900=CIRCLE('',#5152,1.5);
#1901=CIRCLE('',#5154,1.50515377971685);
#1902=CIRCLE('',#5155,1.50515377971685);
#1903=CIRCLE('',#5159,1.99999999999999);
#1904=CIRCLE('',#5160,1.99999999999999);
#1905=CIRCLE('',#5161,1.99999999999998);
#1906=CIRCLE('',#5162,1.99999999999998);
#1907=CIRCLE('',#5179,1.99999999999999);
#1908=CIRCLE('',#5182,1.99999999999999);
#1909=CIRCLE('',#5187,1.99999999999998);
#1910=CIRCLE('',#5188,1.99999999999998);
#1911=CIRCLE('',#5201,2.00000002980232);
#1912=CIRCLE('',#5202,2.00000002980232);
#1913=CIRCLE('',#5204,2.00000002980232);
#1914=CIRCLE('',#5205,2.00000002980232);
#1915=CIRCLE('',#5207,8.);
#1916=CIRCLE('',#5208,8.);
#1917=CIRCLE('',#5211,8.);
#1918=CIRCLE('',#5213,8.);
#1919=CIRCLE('',#5215,8.);
#1920=CIRCLE('',#5216,8.);
#1921=CIRCLE('',#5219,8.);
#1922=CIRCLE('',#5221,8.);
#1923=CIRCLE('',#5229,2.00000002980232);
#1924=CIRCLE('',#5230,2.00000002980232);
#1925=CIRCLE('',#5232,2.00000002980232);
#1926=CIRCLE('',#5233,2.00000002980232);
#1927=CIRCLE('',#5235,8.);
#1928=CIRCLE('',#5236,8.);
#1929=CIRCLE('',#5239,8.);
#1930=CIRCLE('',#5241,8.);
#1931=CIRCLE('',#5243,8.);
#1932=CIRCLE('',#5244,8.);
#1933=VERTEX_POINT('',#6546);
#1934=VERTEX_POINT('',#6547);
#1935=VERTEX_POINT('',#6549);
#1936=VERTEX_POINT('',#6551);
#1937=VERTEX_POINT('',#6553);
#1938=VERTEX_POINT('',#6555);
#1939=VERTEX_POINT('',#6558);
#1940=VERTEX_POINT('',#6561);
#1941=VERTEX_POINT('',#6563);
#1942=VERTEX_POINT('',#6567);
#1943=VERTEX_POINT('',#6571);
#1944=VERTEX_POINT('',#6575);
#1945=VERTEX_POINT('',#6577);
#1946=VERTEX_POINT('',#6580);
#1947=VERTEX_POINT('',#6583);
#1948=VERTEX_POINT('',#6584);
#1949=VERTEX_POINT('',#6586);
#1950=VERTEX_POINT('',#6588);
#1951=VERTEX_POINT('',#6590);
#1952=VERTEX_POINT('',#6592);
#1953=VERTEX_POINT('',#6595);
#1954=VERTEX_POINT('',#6598);
#1955=VERTEX_POINT('',#6600);
#1956=VERTEX_POINT('',#6604);
#1957=VERTEX_POINT('',#6608);
#1958=VERTEX_POINT('',#6612);
#1959=VERTEX_POINT('',#6614);
#1960=VERTEX_POINT('',#6617);
#1961=VERTEX_POINT('',#6621);
#1962=VERTEX_POINT('',#6623);
#1963=VERTEX_POINT('',#6625);
#1964=VERTEX_POINT('',#6627);
#1965=VERTEX_POINT('',#6629);
#1966=VERTEX_POINT('',#6631);
#1967=VERTEX_POINT('',#6633);
#1968=VERTEX_POINT('',#6635);
#1969=VERTEX_POINT('',#6637);
#1970=VERTEX_POINT('',#6639);
#1971=VERTEX_POINT('',#6641);
#1972=VERTEX_POINT('',#6643);
#1973=VERTEX_POINT('',#6649);
#1974=VERTEX_POINT('',#6650);
#1975=VERTEX_POINT('',#6652);
#1976=VERTEX_POINT('',#6654);
#1977=VERTEX_POINT('',#6658);
#1978=VERTEX_POINT('',#6660);
#1979=VERTEX_POINT('',#6664);
#1980=VERTEX_POINT('',#6666);
#1981=VERTEX_POINT('',#6674);
#1982=VERTEX_POINT('',#6676);
#1983=VERTEX_POINT('',#6680);
#1984=VERTEX_POINT('',#6682);
#1985=VERTEX_POINT('',#6686);
#1986=VERTEX_POINT('',#6688);
#1987=VERTEX_POINT('',#6690);
#1988=VERTEX_POINT('',#6694);
#1989=VERTEX_POINT('',#6696);
#1990=VERTEX_POINT('',#6701);
#1991=VERTEX_POINT('',#6708);
#1992=VERTEX_POINT('',#6710);
#1993=VERTEX_POINT('',#6714);
#1994=VERTEX_POINT('',#6716);
#1995=VERTEX_POINT('',#6718);
#1996=VERTEX_POINT('',#6722);
#1997=VERTEX_POINT('',#6724);
#1998=VERTEX_POINT('',#6729);
#1999=VERTEX_POINT('',#6736);
#2000=VERTEX_POINT('',#6738);
#2001=VERTEX_POINT('',#6742);
#2002=VERTEX_POINT('',#6744);
#2003=VERTEX_POINT('',#6746);
#2004=VERTEX_POINT('',#6750);
#2005=VERTEX_POINT('',#6752);
#2006=VERTEX_POINT('',#6757);
#2007=VERTEX_POINT('',#6764);
#2008=VERTEX_POINT('',#6766);
#2009=VERTEX_POINT('',#6770);
#2010=VERTEX_POINT('',#6772);
#2011=VERTEX_POINT('',#6774);
#2012=VERTEX_POINT('',#6778);
#2013=VERTEX_POINT('',#6780);
#2014=VERTEX_POINT('',#6785);
#2015=VERTEX_POINT('',#6792);
#2016=VERTEX_POINT('',#6794);
#2017=VERTEX_POINT('',#6798);
#2018=VERTEX_POINT('',#6800);
#2019=VERTEX_POINT('',#6802);
#2020=VERTEX_POINT('',#6806);
#2021=VERTEX_POINT('',#6808);
#2022=VERTEX_POINT('',#6813);
#2023=VERTEX_POINT('',#6820);
#2024=VERTEX_POINT('',#6822);
#2025=VERTEX_POINT('',#6826);
#2026=VERTEX_POINT('',#6828);
#2027=VERTEX_POINT('',#6830);
#2028=VERTEX_POINT('',#6834);
#2029=VERTEX_POINT('',#6836);
#2030=VERTEX_POINT('',#6841);
#2031=VERTEX_POINT('',#6848);
#2032=VERTEX_POINT('',#6850);
#2033=VERTEX_POINT('',#6854);
#2034=VERTEX_POINT('',#6856);
#2035=VERTEX_POINT('',#6858);
#2036=VERTEX_POINT('',#6862);
#2037=VERTEX_POINT('',#6864);
#2038=VERTEX_POINT('',#6869);
#2039=VERTEX_POINT('',#6876);
#2040=VERTEX_POINT('',#6878);
#2041=VERTEX_POINT('',#6882);
#2042=VERTEX_POINT('',#6884);
#2043=VERTEX_POINT('',#6886);
#2044=VERTEX_POINT('',#6890);
#2045=VERTEX_POINT('',#6892);
#2046=VERTEX_POINT('',#6897);
#2047=VERTEX_POINT('',#6904);
#2048=VERTEX_POINT('',#6906);
#2049=VERTEX_POINT('',#6910);
#2050=VERTEX_POINT('',#6912);
#2051=VERTEX_POINT('',#6914);
#2052=VERTEX_POINT('',#6918);
#2053=VERTEX_POINT('',#6920);
#2054=VERTEX_POINT('',#6925);
#2055=VERTEX_POINT('',#6932);
#2056=VERTEX_POINT('',#6934);
#2057=VERTEX_POINT('',#6938);
#2058=VERTEX_POINT('',#6940);
#2059=VERTEX_POINT('',#6942);
#2060=VERTEX_POINT('',#6946);
#2061=VERTEX_POINT('',#6948);
#2062=VERTEX_POINT('',#6953);
#2063=VERTEX_POINT('',#6960);
#2064=VERTEX_POINT('',#6962);
#2065=VERTEX_POINT('',#6966);
#2066=VERTEX_POINT('',#6968);
#2067=VERTEX_POINT('',#6970);
#2068=VERTEX_POINT('',#6974);
#2069=VERTEX_POINT('',#6976);
#2070=VERTEX_POINT('',#6981);
#2071=VERTEX_POINT('',#6988);
#2072=VERTEX_POINT('',#6990);
#2073=VERTEX_POINT('',#6998);
#2074=VERTEX_POINT('',#7000);
#2075=VERTEX_POINT('',#7006);
#2076=VERTEX_POINT('',#7008);
#2077=VERTEX_POINT('',#7012);
#2078=VERTEX_POINT('',#7014);
#2079=VERTEX_POINT('',#7016);
#2080=VERTEX_POINT('',#7018);
#2081=VERTEX_POINT('',#7020);
#2082=VERTEX_POINT('',#7023);
#2083=VERTEX_POINT('',#7026);
#2084=VERTEX_POINT('',#7028);
#2085=VERTEX_POINT('',#7032);
#2086=VERTEX_POINT('',#7034);
#2087=VERTEX_POINT('',#7036);
#2088=VERTEX_POINT('',#7038);
#2089=VERTEX_POINT('',#7040);
#2090=VERTEX_POINT('',#7043);
#2091=VERTEX_POINT('',#7046);
#2092=VERTEX_POINT('',#7048);
#2093=VERTEX_POINT('',#7052);
#2094=VERTEX_POINT('',#7054);
#2095=VERTEX_POINT('',#7056);
#2096=VERTEX_POINT('',#7058);
#2097=VERTEX_POINT('',#7060);
#2098=VERTEX_POINT('',#7063);
#2099=VERTEX_POINT('',#7066);
#2100=VERTEX_POINT('',#7068);
#2101=VERTEX_POINT('',#7072);
#2102=VERTEX_POINT('',#7074);
#2103=VERTEX_POINT('',#7076);
#2104=VERTEX_POINT('',#7078);
#2105=VERTEX_POINT('',#7080);
#2106=VERTEX_POINT('',#7083);
#2107=VERTEX_POINT('',#7110);
#2108=VERTEX_POINT('',#7111);
#2109=VERTEX_POINT('',#7114);
#2110=VERTEX_POINT('',#7118);
#2111=VERTEX_POINT('',#7122);
#2112=VERTEX_POINT('',#7124);
#2113=VERTEX_POINT('',#7128);
#2114=VERTEX_POINT('',#7130);
#2115=VERTEX_POINT('',#7134);
#2116=VERTEX_POINT('',#7138);
#2117=VERTEX_POINT('',#7142);
#2118=VERTEX_POINT('',#7144);
#2119=VERTEX_POINT('',#7146);
#2120=VERTEX_POINT('',#7148);
#2121=VERTEX_POINT('',#7155);
#2122=VERTEX_POINT('',#7159);
#2123=VERTEX_POINT('',#7169);
#2124=VERTEX_POINT('',#7170);
#2125=VERTEX_POINT('',#7172);
#2126=VERTEX_POINT('',#7174);
#2127=VERTEX_POINT('',#7176);
#2128=VERTEX_POINT('',#7180);
#2129=VERTEX_POINT('',#7181);
#2130=VERTEX_POINT('',#7183);
#2131=VERTEX_POINT('',#7185);
#2132=VERTEX_POINT('',#7188);
#2133=VERTEX_POINT('',#7189);
#2134=VERTEX_POINT('',#7191);
#2135=VERTEX_POINT('',#7193);
#2136=VERTEX_POINT('',#7196);
#2137=VERTEX_POINT('',#7198);
#2138=VERTEX_POINT('',#7202);
#2139=VERTEX_POINT('',#7204);
#2140=VERTEX_POINT('',#7206);
#2141=VERTEX_POINT('',#7210);
#2142=VERTEX_POINT('',#7211);
#2143=VERTEX_POINT('',#7213);
#2144=VERTEX_POINT('',#7215);
#2145=VERTEX_POINT('',#7219);
#2146=VERTEX_POINT('',#7221);
#2147=VERTEX_POINT('',#7225);
#2148=VERTEX_POINT('',#7226);
#2149=VERTEX_POINT('',#7228);
#2150=VERTEX_POINT('',#7230);
#2151=VERTEX_POINT('',#7234);
#2152=VERTEX_POINT('',#7236);
#2153=VERTEX_POINT('',#7240);
#2154=VERTEX_POINT('',#7242);
#2155=VERTEX_POINT('',#7246);
#2156=VERTEX_POINT('',#7248);
#2157=VERTEX_POINT('',#7252);
#2158=VERTEX_POINT('',#7254);
#2159=VERTEX_POINT('',#7262);
#2160=VERTEX_POINT('',#7263);
#2161=VERTEX_POINT('',#7265);
#2162=VERTEX_POINT('',#7267);
#2163=VERTEX_POINT('',#7274);
#2164=VERTEX_POINT('',#7275);
#2165=VERTEX_POINT('',#7277);
#2166=VERTEX_POINT('',#7279);
#2167=VERTEX_POINT('',#7286);
#2168=VERTEX_POINT('',#7287);
#2169=VERTEX_POINT('',#7289);
#2170=VERTEX_POINT('',#7291);
#2171=VERTEX_POINT('',#7298);
#2172=VERTEX_POINT('',#7299);
#2173=VERTEX_POINT('',#7301);
#2174=VERTEX_POINT('',#7303);
#2175=VERTEX_POINT('',#7310);
#2176=VERTEX_POINT('',#7312);
#2177=VERTEX_POINT('',#7314);
#2178=VERTEX_POINT('',#7316);
#2179=VERTEX_POINT('',#7319);
#2180=VERTEX_POINT('',#7329);
#2181=VERTEX_POINT('',#7333);
#2182=VERTEX_POINT('',#7336);
#2183=VERTEX_POINT('',#7340);
#2184=VERTEX_POINT('',#7341);
#2185=VERTEX_POINT('',#7343);
#2186=VERTEX_POINT('',#7345);
#2187=VERTEX_POINT('',#7349);
#2188=VERTEX_POINT('',#7351);
#2189=VERTEX_POINT('',#7356);
#2190=VERTEX_POINT('',#7360);
#2191=VERTEX_POINT('',#7364);
#2192=VERTEX_POINT('',#7366);
#2193=VERTEX_POINT('',#7370);
#2194=VERTEX_POINT('',#7372);
#2195=VERTEX_POINT('',#7390);
#2196=VERTEX_POINT('',#7391);
#2197=VERTEX_POINT('',#7393);
#2198=VERTEX_POINT('',#7395);
#2199=VERTEX_POINT('',#7399);
#2200=VERTEX_POINT('',#7400);
#2201=VERTEX_POINT('',#7402);
#2202=VERTEX_POINT('',#7404);
#2203=VERTEX_POINT('',#7408);
#2204=VERTEX_POINT('',#7410);
#2205=VERTEX_POINT('',#7415);
#2206=VERTEX_POINT('',#7417);
#2207=VERTEX_POINT('',#7426);
#2208=VERTEX_POINT('',#7428);
#2209=VERTEX_POINT('',#7431);
#2210=VERTEX_POINT('',#7433);
#2211=VERTEX_POINT('',#7437);
#2212=VERTEX_POINT('',#7439);
#2213=VERTEX_POINT('',#7443);
#2214=VERTEX_POINT('',#7445);
#2215=VERTEX_POINT('',#7449);
#2216=VERTEX_POINT('',#7451);
#2217=VERTEX_POINT('',#7461);
#2218=VERTEX_POINT('',#7462);
#2219=VERTEX_POINT('',#7464);
#2220=VERTEX_POINT('',#7466);
#2221=VERTEX_POINT('',#7469);
#2222=VERTEX_POINT('',#7471);
#2223=VERTEX_POINT('',#7474);
#2224=VERTEX_POINT('',#7478);
#2225=VERTEX_POINT('',#7482);
#2226=VERTEX_POINT('',#7484);
#2227=VERTEX_POINT('',#7488);
#2228=VERTEX_POINT('',#7492);
#2229=VERTEX_POINT('',#7500);
#2230=VERTEX_POINT('',#7502);
#2231=VERTEX_POINT('',#7506);
#2232=VERTEX_POINT('',#7508);
#2233=VERTEX_POINT('',#7512);
#2234=VERTEX_POINT('',#7513);
#2235=VERTEX_POINT('',#7515);
#2236=VERTEX_POINT('',#7517);
#2237=VERTEX_POINT('',#7521);
#2238=VERTEX_POINT('',#7523);
#2239=VERTEX_POINT('',#7527);
#2240=VERTEX_POINT('',#7529);
#2241=VERTEX_POINT('',#7531);
#2242=VERTEX_POINT('',#7533);
#2243=VERTEX_POINT('',#7535);
#2244=VERTEX_POINT('',#7537);
#2245=VERTEX_POINT('',#7539);
#2246=VERTEX_POINT('',#7541);
#2247=VERTEX_POINT('',#7543);
#2248=VERTEX_POINT('',#7545);
#2249=VERTEX_POINT('',#7547);
#2250=VERTEX_POINT('',#7549);
#2251=VERTEX_POINT('',#7551);
#2252=VERTEX_POINT('',#7553);
#2253=VERTEX_POINT('',#7560);
#2254=VERTEX_POINT('',#7562);
#2255=VERTEX_POINT('',#7564);
#2256=VERTEX_POINT('',#7566);
#2257=VERTEX_POINT('',#7575);
#2258=VERTEX_POINT('',#7598);
#2259=VERTEX_POINT('',#7607);
#2260=VERTEX_POINT('',#7609);
#2261=VERTEX_POINT('',#7611);
#2262=VERTEX_POINT('',#7613);
#2263=VERTEX_POINT('',#7622);
#2264=VERTEX_POINT('',#7625);
#2265=VERTEX_POINT('',#7626);
#2266=VERTEX_POINT('',#7628);
#2267=VERTEX_POINT('',#7630);
#2268=VERTEX_POINT('',#7633);
#2269=VERTEX_POINT('',#7634);
#2270=VERTEX_POINT('',#7636);
#2271=VERTEX_POINT('',#7638);
#2272=VERTEX_POINT('',#7641);
#2273=VERTEX_POINT('',#7643);
#2274=VERTEX_POINT('',#7645);
#2275=VERTEX_POINT('',#7648);
#2276=VERTEX_POINT('',#7650);
#2277=VERTEX_POINT('',#7654);
#2278=VERTEX_POINT('',#7658);
#2279=VERTEX_POINT('',#7662);
#2280=VERTEX_POINT('',#7664);
#2281=VERTEX_POINT('',#7668);
#2282=VERTEX_POINT('',#7672);
#2283=VERTEX_POINT('',#7676);
#2284=VERTEX_POINT('',#7678);
#2285=VERTEX_POINT('',#7682);
#2286=VERTEX_POINT('',#7686);
#2287=VERTEX_POINT('',#7692);
#2288=VERTEX_POINT('',#7694);
#2289=VERTEX_POINT('',#7698);
#2290=VERTEX_POINT('',#7702);
#2291=VERTEX_POINT('',#7708);
#2292=VERTEX_POINT('',#7712);
#2293=VERTEX_POINT('',#7718);
#2294=VERTEX_POINT('',#7722);
#2295=VERTEX_POINT('',#7726);
#2296=VERTEX_POINT('',#7730);
#2297=VERTEX_POINT('',#7734);
#2298=VERTEX_POINT('',#7736);
#2299=VERTEX_POINT('',#7745);
#2300=VERTEX_POINT('',#7747);
#2301=VERTEX_POINT('',#7749);
#2302=VERTEX_POINT('',#7751);
#2303=VERTEX_POINT('',#7760);
#2304=VERTEX_POINT('',#7783);
#2305=VERTEX_POINT('',#7792);
#2306=VERTEX_POINT('',#7794);
#2307=VERTEX_POINT('',#7796);
#2308=VERTEX_POINT('',#7798);
#2309=VERTEX_POINT('',#7807);
#2310=VERTEX_POINT('',#7809);
#2311=VERTEX_POINT('',#7971);
#2312=VERTEX_POINT('',#7973);
#2313=VERTEX_POINT('',#7977);
#2314=VERTEX_POINT('',#7979);
#2315=VERTEX_POINT('',#7983);
#2316=VERTEX_POINT('',#7984);
#2317=VERTEX_POINT('',#7986);
#2318=VERTEX_POINT('',#7988);
#2319=VERTEX_POINT('',#7992);
#2320=VERTEX_POINT('',#7994);
#2321=VERTEX_POINT('',#7998);
#2322=VERTEX_POINT('',#8000);
#2323=VERTEX_POINT('',#8002);
#2324=VERTEX_POINT('',#8006);
#2325=VERTEX_POINT('',#8010);
#2326=VERTEX_POINT('',#8011);
#2327=VERTEX_POINT('',#8013);
#2328=VERTEX_POINT('',#8015);
#2329=VERTEX_POINT('',#8019);
#2330=VERTEX_POINT('',#8021);
#2331=VERTEX_POINT('',#8025);
#2332=VERTEX_POINT('',#8027);
#2333=VERTEX_POINT('',#8029);
#2334=VERTEX_POINT('',#8033);
#2335=VERTEX_POINT('',#8037);
#2336=VERTEX_POINT('',#8039);
#2337=VERTEX_POINT('',#8044);
#2338=VERTEX_POINT('',#8048);
#2339=VERTEX_POINT('',#8057);
#2340=VERTEX_POINT('',#8059);
#2341=VERTEX_POINT('',#8063);
#2342=VERTEX_POINT('',#8065);
#2343=VERTEX_POINT('',#8069);
#2344=VERTEX_POINT('',#8070);
#2345=VERTEX_POINT('',#8072);
#2346=VERTEX_POINT('',#8074);
#2347=VERTEX_POINT('',#8078);
#2348=VERTEX_POINT('',#8080);
#2349=VERTEX_POINT('',#8084);
#2350=VERTEX_POINT('',#8086);
#2351=VERTEX_POINT('',#8088);
#2352=VERTEX_POINT('',#8092);
#2353=VERTEX_POINT('',#8096);
#2354=VERTEX_POINT('',#8097);
#2355=VERTEX_POINT('',#8099);
#2356=VERTEX_POINT('',#8101);
#2357=VERTEX_POINT('',#8105);
#2358=VERTEX_POINT('',#8107);
#2359=VERTEX_POINT('',#8109);
#2360=VERTEX_POINT('',#8113);
#2361=VERTEX_POINT('',#8117);
#2362=VERTEX_POINT('',#8119);
#2363=VERTEX_POINT('',#8123);
#2364=VERTEX_POINT('',#8128);
#2365=EDGE_CURVE('',#1933,#1934,#1835,.T.);
#2366=EDGE_CURVE('',#1935,#1933,#723,.T.);
#2367=EDGE_CURVE('',#1936,#1935,#1836,.T.);
#2368=EDGE_CURVE('',#1937,#1936,#724,.T.);
#2369=EDGE_CURVE('',#1938,#1937,#725,.T.);
#2370=EDGE_CURVE('',#1934,#1938,#726,.T.);
#2371=EDGE_CURVE('',#1939,#1939,#1837,.T.);
#2372=EDGE_CURVE('',#1935,#1940,#727,.T.);
#2373=EDGE_CURVE('',#1941,#1940,#1838,.T.);
#2374=EDGE_CURVE('',#1941,#1936,#728,.T.);
#2375=EDGE_CURVE('',#1933,#1942,#729,.T.);
#2376=EDGE_CURVE('',#1940,#1942,#730,.T.);
#2377=EDGE_CURVE('',#1934,#1943,#731,.T.);
#2378=EDGE_CURVE('',#1942,#1943,#1839,.T.);
#2379=EDGE_CURVE('',#1943,#1944,#732,.T.);
#2380=EDGE_CURVE('',#1945,#1944,#733,.T.);
#2381=EDGE_CURVE('',#1945,#1941,#734,.T.);
#2382=EDGE_CURVE('',#1946,#1946,#1840,.T.);
#2383=EDGE_CURVE('',#1947,#1948,#1841,.T.);
#2384=EDGE_CURVE('',#1949,#1947,#735,.T.);
#2385=EDGE_CURVE('',#1950,#1949,#1842,.T.);
#2386=EDGE_CURVE('',#1951,#1950,#736,.T.);
#2387=EDGE_CURVE('',#1952,#1951,#737,.T.);
#2388=EDGE_CURVE('',#1948,#1952,#738,.T.);
#2389=EDGE_CURVE('',#1953,#1953,#1843,.T.);
#2390=EDGE_CURVE('',#1949,#1954,#739,.T.);
#2391=EDGE_CURVE('',#1955,#1954,#1844,.T.);
#2392=EDGE_CURVE('',#1955,#1950,#740,.T.);
#2393=EDGE_CURVE('',#1947,#1956,#741,.T.);
#2394=EDGE_CURVE('',#1954,#1956,#742,.T.);
#2395=EDGE_CURVE('',#1948,#1957,#743,.T.);
#2396=EDGE_CURVE('',#1956,#1957,#1845,.T.);
#2397=EDGE_CURVE('',#1957,#1958,#744,.T.);
#2398=EDGE_CURVE('',#1959,#1958,#745,.T.);
#2399=EDGE_CURVE('',#1959,#1955,#746,.T.);
#2400=EDGE_CURVE('',#1960,#1960,#1846,.T.);
#2401=EDGE_CURVE('',#1944,#1938,#747,.T.);
#2402=EDGE_CURVE('',#1937,#1961,#748,.T.);
#2403=EDGE_CURVE('',#1962,#1961,#749,.T.);
#2404=EDGE_CURVE('',#1963,#1962,#750,.T.);
#2405=EDGE_CURVE('',#1964,#1963,#751,.T.);
#2406=EDGE_CURVE('',#1964,#1965,#752,.T.);
#2407=EDGE_CURVE('',#1966,#1965,#753,.T.);
#2408=EDGE_CURVE('',#1967,#1966,#754,.T.);
#2409=EDGE_CURVE('',#1968,#1967,#755,.T.);
#2410=EDGE_CURVE('',#1968,#1969,#756,.T.);
#2411=EDGE_CURVE('',#1970,#1969,#757,.T.);
#2412=EDGE_CURVE('',#1971,#1970,#758,.T.);
#2413=EDGE_CURVE('',#1972,#1971,#759,.T.);
#2414=EDGE_CURVE('',#1972,#1959,#760,.T.);
#2415=EDGE_CURVE('',#1958,#1952,#761,.T.);
#2416=EDGE_CURVE('',#1951,#1945,#762,.T.);
#2417=EDGE_CURVE('',#1973,#1974,#763,.T.);
#2418=EDGE_CURVE('',#1973,#1975,#764,.T.);
#2419=EDGE_CURVE('',#1976,#1975,#765,.T.);
#2420=EDGE_CURVE('',#1974,#1976,#766,.T.);
#2421=EDGE_CURVE('',#1974,#1977,#767,.T.);
#2422=EDGE_CURVE('',#1978,#1976,#768,.T.);
#2423=EDGE_CURVE('',#1977,#1978,#769,.T.);
#2424=EDGE_CURVE('',#1977,#1979,#770,.T.);
#2425=EDGE_CURVE('',#1980,#1978,#771,.T.);
#2426=EDGE_CURVE('',#1979,#1980,#772,.T.);
#2427=EDGE_CURVE('',#1979,#1973,#773,.T.);
#2428=EDGE_CURVE('',#1975,#1980,#774,.T.);
#2429=EDGE_CURVE('',#1981,#1977,#775,.T.);
#2430=EDGE_CURVE('',#1981,#1982,#776,.T.);
#2431=EDGE_CURVE('',#1974,#1982,#777,.T.);
#2432=EDGE_CURVE('',#1983,#1973,#778,.T.);
#2433=EDGE_CURVE('',#1984,#1983,#779,.T.);
#2434=EDGE_CURVE('',#1979,#1984,#780,.T.);
#2435=EDGE_CURVE('',#1982,#1985,#781,.T.);
#2436=EDGE_CURVE('',#1982,#1986,#782,.T.);
#2437=EDGE_CURVE('',#1987,#1986,#783,.T.);
#2438=EDGE_CURVE('',#1985,#1987,#784,.T.);
#2439=EDGE_CURVE('',#1985,#1988,#785,.T.);
#2440=EDGE_CURVE('',#1989,#1987,#786,.T.);
#2441=EDGE_CURVE('',#1988,#1989,#787,.T.);
#2442=EDGE_CURVE('',#1988,#1981,#788,.T.);
#2443=EDGE_CURVE('',#1990,#1989,#789,.T.);
#2444=EDGE_CURVE('',#1981,#1990,#790,.T.);
#2445=EDGE_CURVE('',#1986,#1990,#791,.T.);
#2446=EDGE_CURVE('',#1991,#1988,#792,.T.);
#2447=EDGE_CURVE('',#1991,#1992,#793,.T.);
#2448=EDGE_CURVE('',#1985,#1992,#794,.T.);
#2449=EDGE_CURVE('',#1992,#1993,#795,.T.);
#2450=EDGE_CURVE('',#1992,#1994,#796,.T.);
#2451=EDGE_CURVE('',#1995,#1994,#797,.T.);
#2452=EDGE_CURVE('',#1993,#1995,#798,.T.);
#2453=EDGE_CURVE('',#1993,#1996,#799,.T.);
#2454=EDGE_CURVE('',#1997,#1995,#800,.T.);
#2455=EDGE_CURVE('',#1996,#1997,#801,.T.);
#2456=EDGE_CURVE('',#1996,#1991,#802,.T.);
#2457=EDGE_CURVE('',#1998,#1997,#803,.T.);
#2458=EDGE_CURVE('',#1991,#1998,#804,.T.);
#2459=EDGE_CURVE('',#1994,#1998,#805,.T.);
#2460=EDGE_CURVE('',#1999,#1996,#806,.T.);
#2461=EDGE_CURVE('',#1999,#2000,#807,.T.);
#2462=EDGE_CURVE('',#1993,#2000,#808,.T.);
#2463=EDGE_CURVE('',#2000,#2001,#809,.T.);
#2464=EDGE_CURVE('',#2000,#2002,#810,.T.);
#2465=EDGE_CURVE('',#2003,#2002,#811,.T.);
#2466=EDGE_CURVE('',#2001,#2003,#812,.T.);
#2467=EDGE_CURVE('',#2001,#2004,#813,.T.);
#2468=EDGE_CURVE('',#2005,#2003,#814,.T.);
#2469=EDGE_CURVE('',#2004,#2005,#815,.T.);
#2470=EDGE_CURVE('',#2004,#1999,#816,.T.);
#2471=EDGE_CURVE('',#2006,#2005,#817,.T.);
#2472=EDGE_CURVE('',#1999,#2006,#818,.T.);
#2473=EDGE_CURVE('',#2002,#2006,#819,.T.);
#2474=EDGE_CURVE('',#2007,#2004,#820,.T.);
#2475=EDGE_CURVE('',#2007,#2008,#821,.T.);
#2476=EDGE_CURVE('',#2001,#2008,#822,.T.);
#2477=EDGE_CURVE('',#2008,#2009,#823,.T.);
#2478=EDGE_CURVE('',#2008,#2010,#824,.T.);
#2479=EDGE_CURVE('',#2011,#2010,#825,.T.);
#2480=EDGE_CURVE('',#2009,#2011,#826,.T.);
#2481=EDGE_CURVE('',#2009,#2012,#827,.T.);
#2482=EDGE_CURVE('',#2013,#2011,#828,.T.);
#2483=EDGE_CURVE('',#2012,#2013,#829,.T.);
#2484=EDGE_CURVE('',#2012,#2007,#830,.T.);
#2485=EDGE_CURVE('',#2014,#2013,#831,.T.);
#2486=EDGE_CURVE('',#2007,#2014,#832,.T.);
#2487=EDGE_CURVE('',#2010,#2014,#833,.T.);
#2488=EDGE_CURVE('',#2015,#2012,#834,.T.);
#2489=EDGE_CURVE('',#2015,#2016,#835,.T.);
#2490=EDGE_CURVE('',#2009,#2016,#836,.T.);
#2491=EDGE_CURVE('',#2016,#2017,#837,.T.);
#2492=EDGE_CURVE('',#2016,#2018,#838,.T.);
#2493=EDGE_CURVE('',#2019,#2018,#839,.T.);
#2494=EDGE_CURVE('',#2017,#2019,#840,.T.);
#2495=EDGE_CURVE('',#2017,#2020,#841,.T.);
#2496=EDGE_CURVE('',#2021,#2019,#842,.T.);
#2497=EDGE_CURVE('',#2020,#2021,#843,.T.);
#2498=EDGE_CURVE('',#2020,#2015,#844,.T.);
#2499=EDGE_CURVE('',#2022,#2021,#845,.T.);
#2500=EDGE_CURVE('',#2015,#2022,#846,.T.);
#2501=EDGE_CURVE('',#2018,#2022,#847,.T.);
#2502=EDGE_CURVE('',#2023,#2020,#848,.T.);
#2503=EDGE_CURVE('',#2023,#2024,#849,.T.);
#2504=EDGE_CURVE('',#2017,#2024,#850,.T.);
#2505=EDGE_CURVE('',#2024,#2025,#851,.T.);
#2506=EDGE_CURVE('',#2024,#2026,#852,.T.);
#2507=EDGE_CURVE('',#2027,#2026,#853,.T.);
#2508=EDGE_CURVE('',#2025,#2027,#854,.T.);
#2509=EDGE_CURVE('',#2025,#2028,#855,.T.);
#2510=EDGE_CURVE('',#2029,#2027,#856,.T.);
#2511=EDGE_CURVE('',#2028,#2029,#857,.T.);
#2512=EDGE_CURVE('',#2028,#2023,#858,.T.);
#2513=EDGE_CURVE('',#2030,#2029,#859,.T.);
#2514=EDGE_CURVE('',#2023,#2030,#860,.T.);
#2515=EDGE_CURVE('',#2026,#2030,#861,.T.);
#2516=EDGE_CURVE('',#2031,#2028,#862,.T.);
#2517=EDGE_CURVE('',#2031,#2032,#863,.T.);
#2518=EDGE_CURVE('',#2025,#2032,#864,.T.);
#2519=EDGE_CURVE('',#2032,#2033,#865,.T.);
#2520=EDGE_CURVE('',#2032,#2034,#866,.T.);
#2521=EDGE_CURVE('',#2035,#2034,#867,.T.);
#2522=EDGE_CURVE('',#2033,#2035,#868,.T.);
#2523=EDGE_CURVE('',#2033,#2036,#869,.T.);
#2524=EDGE_CURVE('',#2037,#2035,#870,.T.);
#2525=EDGE_CURVE('',#2036,#2037,#871,.T.);
#2526=EDGE_CURVE('',#2036,#2031,#872,.T.);
#2527=EDGE_CURVE('',#2038,#2037,#873,.T.);
#2528=EDGE_CURVE('',#2031,#2038,#874,.T.);
#2529=EDGE_CURVE('',#2034,#2038,#875,.T.);
#2530=EDGE_CURVE('',#2039,#2036,#876,.T.);
#2531=EDGE_CURVE('',#2039,#2040,#877,.T.);
#2532=EDGE_CURVE('',#2033,#2040,#878,.T.);
#2533=EDGE_CURVE('',#2040,#2041,#879,.T.);
#2534=EDGE_CURVE('',#2040,#2042,#880,.T.);
#2535=EDGE_CURVE('',#2043,#2042,#881,.T.);
#2536=EDGE_CURVE('',#2041,#2043,#882,.T.);
#2537=EDGE_CURVE('',#2041,#2044,#883,.T.);
#2538=EDGE_CURVE('',#2045,#2043,#884,.T.);
#2539=EDGE_CURVE('',#2044,#2045,#885,.T.);
#2540=EDGE_CURVE('',#2044,#2039,#886,.T.);
#2541=EDGE_CURVE('',#2046,#2045,#887,.T.);
#2542=EDGE_CURVE('',#2039,#2046,#888,.T.);
#2543=EDGE_CURVE('',#2042,#2046,#889,.T.);
#2544=EDGE_CURVE('',#2047,#2044,#890,.T.);
#2545=EDGE_CURVE('',#2047,#2048,#891,.T.);
#2546=EDGE_CURVE('',#2041,#2048,#892,.T.);
#2547=EDGE_CURVE('',#2048,#2049,#893,.T.);
#2548=EDGE_CURVE('',#2048,#2050,#894,.T.);
#2549=EDGE_CURVE('',#2051,#2050,#895,.T.);
#2550=EDGE_CURVE('',#2049,#2051,#896,.T.);
#2551=EDGE_CURVE('',#2049,#2052,#897,.T.);
#2552=EDGE_CURVE('',#2053,#2051,#898,.T.);
#2553=EDGE_CURVE('',#2052,#2053,#899,.T.);
#2554=EDGE_CURVE('',#2052,#2047,#900,.T.);
#2555=EDGE_CURVE('',#2054,#2053,#901,.T.);
#2556=EDGE_CURVE('',#2047,#2054,#902,.T.);
#2557=EDGE_CURVE('',#2050,#2054,#903,.T.);
#2558=EDGE_CURVE('',#2055,#2052,#904,.T.);
#2559=EDGE_CURVE('',#2055,#2056,#905,.T.);
#2560=EDGE_CURVE('',#2049,#2056,#906,.T.);
#2561=EDGE_CURVE('',#2056,#2057,#907,.T.);
#2562=EDGE_CURVE('',#2056,#2058,#908,.T.);
#2563=EDGE_CURVE('',#2059,#2058,#909,.T.);
#2564=EDGE_CURVE('',#2057,#2059,#910,.T.);
#2565=EDGE_CURVE('',#2057,#2060,#911,.T.);
#2566=EDGE_CURVE('',#2061,#2059,#912,.T.);
#2567=EDGE_CURVE('',#2060,#2061,#913,.T.);
#2568=EDGE_CURVE('',#2060,#2055,#914,.T.);
#2569=EDGE_CURVE('',#2062,#2061,#915,.T.);
#2570=EDGE_CURVE('',#2055,#2062,#916,.T.);
#2571=EDGE_CURVE('',#2058,#2062,#917,.T.);
#2572=EDGE_CURVE('',#2063,#2060,#918,.T.);
#2573=EDGE_CURVE('',#2063,#2064,#919,.T.);
#2574=EDGE_CURVE('',#2057,#2064,#920,.T.);
#2575=EDGE_CURVE('',#2064,#2065,#921,.T.);
#2576=EDGE_CURVE('',#2064,#2066,#922,.T.);
#2577=EDGE_CURVE('',#2067,#2066,#923,.T.);
#2578=EDGE_CURVE('',#2065,#2067,#924,.T.);
#2579=EDGE_CURVE('',#2065,#2068,#925,.T.);
#2580=EDGE_CURVE('',#2069,#2067,#926,.T.);
#2581=EDGE_CURVE('',#2068,#2069,#927,.T.);
#2582=EDGE_CURVE('',#2068,#2063,#928,.T.);
#2583=EDGE_CURVE('',#2070,#2069,#929,.T.);
#2584=EDGE_CURVE('',#2063,#2070,#930,.T.);
#2585=EDGE_CURVE('',#2066,#2070,#931,.T.);
#2586=EDGE_CURVE('',#2071,#2068,#932,.T.);
#2587=EDGE_CURVE('',#2072,#2071,#933,.T.);
#2588=EDGE_CURVE('',#2065,#2072,#934,.T.);
#2589=EDGE_CURVE('',#1960,#1953,#935,.T.);
#2590=EDGE_CURVE('',#1946,#1939,#936,.T.);
#2591=EDGE_CURVE('',#2073,#1972,#937,.T.);
#2592=EDGE_CURVE('',#2073,#2074,#938,.T.);
#2593=EDGE_CURVE('',#1961,#2074,#939,.T.);
#2594=EDGE_CURVE('',#2075,#1963,#1847,.F.);
#2595=EDGE_CURVE('',#2075,#2076,#940,.T.);
#2596=EDGE_CURVE('',#2076,#1964,#1848,.T.);
#2597=EDGE_CURVE('',#2075,#2077,#941,.T.);
#2598=EDGE_CURVE('',#2077,#2078,#942,.T.);
#2599=EDGE_CURVE('',#2078,#2079,#943,.T.);
#2600=EDGE_CURVE('',#2080,#2079,#944,.T.);
#2601=EDGE_CURVE('',#2081,#2080,#1849,.T.);
#2602=EDGE_CURVE('',#2076,#2081,#945,.T.);
#2603=EDGE_CURVE('',#2082,#2082,#1850,.T.);
#2604=EDGE_CURVE('',#2083,#1966,#1851,.T.);
#2605=EDGE_CURVE('',#1965,#2084,#1852,.T.);
#2606=EDGE_CURVE('',#2084,#2083,#946,.T.);
#2607=EDGE_CURVE('',#2085,#2083,#947,.T.);
#2608=EDGE_CURVE('',#2084,#2086,#948,.T.);
#2609=EDGE_CURVE('',#2087,#2086,#1853,.T.);
#2610=EDGE_CURVE('',#2088,#2087,#949,.T.);
#2611=EDGE_CURVE('',#2089,#2088,#950,.T.);
#2612=EDGE_CURVE('',#2089,#2085,#951,.T.);
#2613=EDGE_CURVE('',#2090,#2090,#1854,.T.);
#2614=EDGE_CURVE('',#2091,#1967,#1855,.F.);
#2615=EDGE_CURVE('',#2091,#2092,#952,.T.);
#2616=EDGE_CURVE('',#2092,#1968,#1856,.T.);
#2617=EDGE_CURVE('',#2091,#2093,#953,.T.);
#2618=EDGE_CURVE('',#2094,#2093,#954,.T.);
#2619=EDGE_CURVE('',#2094,#2095,#955,.T.);
#2620=EDGE_CURVE('',#2096,#2095,#956,.T.);
#2621=EDGE_CURVE('',#2097,#2096,#1857,.T.);
#2622=EDGE_CURVE('',#2092,#2097,#957,.T.);
#2623=EDGE_CURVE('',#2098,#2098,#1858,.T.);
#2624=EDGE_CURVE('',#2099,#1970,#1859,.T.);
#2625=EDGE_CURVE('',#1969,#2100,#1860,.T.);
#2626=EDGE_CURVE('',#2100,#2099,#958,.T.);
#2627=EDGE_CURVE('',#2101,#2099,#959,.T.);
#2628=EDGE_CURVE('',#2100,#2102,#960,.T.);
#2629=EDGE_CURVE('',#2103,#2102,#1861,.T.);
#2630=EDGE_CURVE('',#2104,#2103,#961,.T.);
#2631=EDGE_CURVE('',#2105,#2104,#962,.T.);
#2632=EDGE_CURVE('',#2101,#2105,#963,.T.);
#2633=EDGE_CURVE('',#2106,#2106,#1862,.T.);
#2634=EDGE_CURVE('',#2082,#2090,#964,.T.);
#2635=EDGE_CURVE('',#2098,#2106,#965,.T.);
#2636=EDGE_CURVE('',#2080,#2087,#966,.T.);
#2637=EDGE_CURVE('',#2086,#2081,#967,.T.);
#2638=EDGE_CURVE('',#2079,#2088,#968,.T.);
#2639=EDGE_CURVE('',#2096,#2103,#969,.T.);
#2640=EDGE_CURVE('',#2102,#2097,#970,.T.);
#2641=EDGE_CURVE('',#2089,#2078,#971,.T.);
#2642=EDGE_CURVE('',#2085,#2077,#972,.T.);
#2643=EDGE_CURVE('',#2105,#2094,#973,.T.);
#2644=EDGE_CURVE('',#2095,#2104,#974,.T.);
#2645=EDGE_CURVE('',#2101,#2093,#975,.T.);
#2646=EDGE_CURVE('',#2107,#2108,#976,.T.);
#2647=EDGE_CURVE('',#1983,#2108,#70,.F.);
#2648=EDGE_CURVE('',#2072,#2109,#71,.T.);
#2649=EDGE_CURVE('',#2107,#2109,#72,.T.);
#2650=EDGE_CURVE('',#2071,#2110,#73,.T.);
#2651=EDGE_CURVE('',#2110,#2109,#977,.T.);
#2652=EDGE_CURVE('',#1984,#2111,#74,.T.);
#2653=EDGE_CURVE('',#2111,#2112,#978,.T.);
#2654=EDGE_CURVE('',#2110,#2112,#75,.T.);
#2655=EDGE_CURVE('',#2107,#2113,#979,.T.);
#2656=EDGE_CURVE('',#2113,#2114,#980,.T.);
#2657=EDGE_CURVE('',#2114,#2108,#981,.T.);
#2658=EDGE_CURVE('',#2115,#2112,#982,.T.);
#2659=EDGE_CURVE('',#2115,#2113,#983,.T.);
#2660=EDGE_CURVE('',#2116,#2111,#984,.T.);
#2661=EDGE_CURVE('',#2115,#2116,#985,.T.);
#2662=EDGE_CURVE('',#2117,#2116,#986,.T.);
#2663=EDGE_CURVE('',#2118,#2117,#987,.T.);
#2664=EDGE_CURVE('',#2118,#2119,#988,.T.);
#2665=EDGE_CURVE('',#2119,#2120,#989,.T.);
#2666=EDGE_CURVE('',#2120,#2114,#990,.T.);
#2667=EDGE_CURVE('',#2074,#2118,#991,.T.);
#2668=EDGE_CURVE('',#2073,#2119,#992,.T.);
#2669=EDGE_CURVE('',#2117,#2121,#993,.T.);
#2670=EDGE_CURVE('',#2121,#1984,#994,.T.);
#2671=EDGE_CURVE('',#2120,#2122,#995,.T.);
#2672=EDGE_CURVE('',#1983,#2122,#996,.T.);
#2673=EDGE_CURVE('',#1971,#2122,#997,.T.);
#2674=EDGE_CURVE('',#2121,#1962,#998,.T.);
#2675=EDGE_CURVE('',#2123,#2124,#1863,.T.);
#2676=EDGE_CURVE('',#2124,#2125,#999,.T.);
#2677=EDGE_CURVE('',#2125,#2126,#1864,.T.);
#2678=EDGE_CURVE('',#2126,#2127,#1000,.T.);
#2679=EDGE_CURVE('',#2127,#2123,#1001,.T.);
#2680=EDGE_CURVE('',#2128,#2129,#1002,.T.);
#2681=EDGE_CURVE('',#2130,#2129,#1003,.T.);
#2682=EDGE_CURVE('',#2131,#2130,#1004,.T.);
#2683=EDGE_CURVE('',#2131,#2128,#1005,.T.);
#2684=EDGE_CURVE('',#2132,#2133,#1006,.T.);
#2685=EDGE_CURVE('',#2134,#2133,#1007,.T.);
#2686=EDGE_CURVE('',#2134,#2135,#1008,.T.);
#2687=EDGE_CURVE('',#2135,#2132,#1009,.T.);
#2688=EDGE_CURVE('',#2136,#2125,#1010,.T.);
#2689=EDGE_CURVE('',#2124,#2137,#1011,.T.);
#2690=EDGE_CURVE('',#2137,#2136,#1012,.T.);
#2691=EDGE_CURVE('',#2138,#2134,#1865,.T.);
#2692=EDGE_CURVE('',#2133,#2139,#1866,.T.);
#2693=EDGE_CURVE('',#2139,#2140,#1013,.T.);
#2694=EDGE_CURVE('',#2140,#2138,#1014,.T.);
#2695=EDGE_CURVE('',#2141,#2142,#1015,.T.);
#2696=EDGE_CURVE('',#2142,#2143,#1016,.T.);
#2697=EDGE_CURVE('',#2143,#2144,#1017,.T.);
#2698=EDGE_CURVE('',#2144,#2141,#1018,.T.);
#2699=EDGE_CURVE('',#2145,#2145,#1867,.T.);
#2700=EDGE_CURVE('',#2145,#2146,#1019,.T.);
#2701=EDGE_CURVE('',#2146,#2146,#1868,.T.);
#2702=EDGE_CURVE('',#2147,#2148,#1020,.T.);
#2703=EDGE_CURVE('',#2147,#2149,#1021,.T.);
#2704=EDGE_CURVE('',#2149,#2150,#1022,.T.);
#2705=EDGE_CURVE('',#2148,#2150,#1023,.T.);
#2706=EDGE_CURVE('',#2151,#2147,#1024,.T.);
#2707=EDGE_CURVE('',#2151,#2152,#1025,.T.);
#2708=EDGE_CURVE('',#2152,#2149,#1026,.T.);
#2709=EDGE_CURVE('',#2153,#2151,#1027,.T.);
#2710=EDGE_CURVE('',#2153,#2154,#1028,.T.);
#2711=EDGE_CURVE('',#2154,#2152,#1029,.T.);
#2712=EDGE_CURVE('',#2155,#2153,#1030,.T.);
#2713=EDGE_CURVE('',#2155,#2156,#1031,.T.);
#2714=EDGE_CURVE('',#2156,#2154,#1032,.T.);
#2715=EDGE_CURVE('',#2157,#2155,#1033,.T.);
#2716=EDGE_CURVE('',#2157,#2158,#1034,.T.);
#2717=EDGE_CURVE('',#2158,#2156,#1035,.T.);
#2718=EDGE_CURVE('',#2148,#2157,#1036,.T.);
#2719=EDGE_CURVE('',#2150,#2158,#1037,.T.);
#2720=EDGE_CURVE('',#2159,#2160,#1038,.T.);
#2721=EDGE_CURVE('',#2159,#2161,#1039,.T.);
#2722=EDGE_CURVE('',#2161,#2162,#1040,.T.);
#2723=EDGE_CURVE('',#2160,#2162,#1041,.T.);
#2724=EDGE_CURVE('',#2162,#2144,#1042,.T.);
#2725=EDGE_CURVE('',#2141,#2161,#1043,.T.);
#2726=EDGE_CURVE('',#2163,#2164,#1044,.T.);
#2727=EDGE_CURVE('',#2163,#2165,#1045,.T.);
#2728=EDGE_CURVE('',#2165,#2166,#1046,.T.);
#2729=EDGE_CURVE('',#2164,#2166,#1047,.T.);
#2730=EDGE_CURVE('',#2128,#2165,#1048,.T.);
#2731=EDGE_CURVE('',#2166,#2131,#1049,.T.);
#2732=EDGE_CURVE('',#2167,#2168,#1050,.T.);
#2733=EDGE_CURVE('',#2167,#2169,#1051,.T.);
#2734=EDGE_CURVE('',#2170,#2169,#1052,.T.);
#2735=EDGE_CURVE('',#2168,#2170,#1053,.T.);
#2736=EDGE_CURVE('',#2170,#2142,#1054,.T.);
#2737=EDGE_CURVE('',#2169,#2143,#1055,.T.);
#2738=EDGE_CURVE('',#2171,#2172,#1056,.T.);
#2739=EDGE_CURVE('',#2171,#2173,#1057,.T.);
#2740=EDGE_CURVE('',#2174,#2173,#1058,.T.);
#2741=EDGE_CURVE('',#2172,#2174,#1059,.T.);
#2742=EDGE_CURVE('',#2173,#2130,#1060,.T.);
#2743=EDGE_CURVE('',#2129,#2174,#1061,.T.);
#2744=EDGE_CURVE('',#2139,#2175,#1062,.T.);
#2745=EDGE_CURVE('',#2176,#2175,#1869,.T.);
#2746=EDGE_CURVE('',#2177,#2176,#1063,.T.);
#2747=EDGE_CURVE('',#2178,#2177,#1870,.T.);
#2748=EDGE_CURVE('',#2138,#2178,#1064,.T.);
#2749=EDGE_CURVE('',#2140,#2179,#1871,.T.);
#2750=EDGE_CURVE('',#2179,#2140,#1872,.T.);
#2751=EDGE_CURVE('',#2168,#2171,#1065,.T.);
#2752=EDGE_CURVE('',#2172,#2167,#1066,.T.);
#2753=EDGE_CURVE('',#2164,#2159,#1067,.T.);
#2754=EDGE_CURVE('',#2160,#2163,#1068,.T.);
#2755=EDGE_CURVE('',#2180,#2180,#1873,.T.);
#2756=EDGE_CURVE('',#2180,#2179,#1069,.T.);
#2757=EDGE_CURVE('',#2127,#2181,#1874,.T.);
#2758=EDGE_CURVE('',#2181,#2127,#1875,.T.);
#2759=EDGE_CURVE('',#2181,#2182,#1070,.T.);
#2760=EDGE_CURVE('',#2182,#2182,#1876,.T.);
#2761=EDGE_CURVE('',#2183,#2184,#1877,.T.);
#2762=EDGE_CURVE('',#2184,#2185,#1071,.T.);
#2763=EDGE_CURVE('',#2185,#2186,#1878,.T.);
#2764=EDGE_CURVE('',#2186,#2183,#1072,.T.);
#2765=EDGE_CURVE('',#2187,#2185,#1073,.T.);
#2766=EDGE_CURVE('',#2188,#2187,#1879,.T.);
#2767=EDGE_CURVE('',#2136,#2188,#1074,.T.);
#2768=EDGE_CURVE('',#2137,#2186,#1075,.T.);
#2769=EDGE_CURVE('',#2184,#2189,#1076,.T.);
#2770=EDGE_CURVE('',#2187,#2189,#1077,.T.);
#2771=EDGE_CURVE('',#2189,#2190,#1880,.T.);
#2772=EDGE_CURVE('',#2190,#2188,#1078,.T.);
#2773=EDGE_CURVE('',#2177,#2191,#1079,.T.);
#2774=EDGE_CURVE('',#2191,#2192,#1881,.T.);
#2775=EDGE_CURVE('',#2192,#2178,#1080,.T.);
#2776=EDGE_CURVE('',#2193,#2191,#1081,.T.);
#2777=EDGE_CURVE('',#2194,#2193,#1882,.T.);
#2778=EDGE_CURVE('',#2132,#2194,#1082,.T.);
#2779=EDGE_CURVE('',#2135,#2192,#1083,.T.);
#2780=EDGE_CURVE('',#2193,#2176,#1084,.T.);
#2781=EDGE_CURVE('',#2175,#2194,#1085,.T.);
#2782=EDGE_CURVE('',#2123,#2183,#1086,.T.);
#2783=EDGE_CURVE('',#2126,#2190,#1087,.T.);
#2784=EDGE_CURVE('',#2195,#2196,#1883,.T.);
#2785=EDGE_CURVE('',#2196,#2197,#1088,.T.);
#2786=EDGE_CURVE('',#2198,#2197,#1884,.F.);
#2787=EDGE_CURVE('',#2198,#2195,#1089,.T.);
#2788=EDGE_CURVE('',#2199,#2200,#1885,.T.);
#2789=EDGE_CURVE('',#2200,#2201,#1090,.T.);
#2790=EDGE_CURVE('',#2202,#2201,#1886,.F.);
#2791=EDGE_CURVE('',#2202,#2199,#1091,.T.);
#2792=EDGE_CURVE('',#2203,#2195,#1092,.T.);
#2793=EDGE_CURVE('',#2203,#2204,#1887,.T.);
#2794=EDGE_CURVE('',#2202,#2204,#1093,.T.);
#2795=EDGE_CURVE('',#2201,#2196,#1888,.T.);
#2796=EDGE_CURVE('',#2205,#2203,#1094,.T.);
#2797=EDGE_CURVE('',#2206,#2205,#1889,.T.);
#2798=EDGE_CURVE('',#2204,#2206,#1095,.T.);
#2799=EDGE_CURVE('',#2197,#2200,#1890,.T.);
#2800=EDGE_CURVE('',#2198,#2205,#1096,.T.);
#2801=EDGE_CURVE('',#2206,#2199,#1097,.T.);
#2802=EDGE_CURVE('',#2195,#2207,#1098,.T.);
#2803=EDGE_CURVE('',#2207,#2208,#1099,.T.);
#2804=EDGE_CURVE('',#2208,#2202,#1100,.T.);
#2805=EDGE_CURVE('',#2199,#2209,#1101,.T.);
#2806=EDGE_CURVE('',#2209,#2210,#1102,.T.);
#2807=EDGE_CURVE('',#2210,#2198,#1103,.T.);
#2808=EDGE_CURVE('',#2210,#2211,#1104,.T.);
#2809=EDGE_CURVE('',#2211,#2212,#1105,.T.);
#2810=EDGE_CURVE('',#2212,#2207,#1106,.T.);
#2811=EDGE_CURVE('',#2213,#2209,#1107,.T.);
#2812=EDGE_CURVE('',#2213,#2214,#1108,.T.);
#2813=EDGE_CURVE('',#2214,#2211,#1109,.T.);
#2814=EDGE_CURVE('',#2215,#2212,#1110,.T.);
#2815=EDGE_CURVE('',#2215,#2216,#1111,.T.);
#2816=EDGE_CURVE('',#2216,#2208,#1112,.T.);
#2817=EDGE_CURVE('',#2214,#2215,#1113,.T.);
#2818=EDGE_CURVE('',#2216,#2213,#1114,.T.);
#2819=EDGE_CURVE('',#2217,#2218,#1891,.T.);
#2820=EDGE_CURVE('',#2218,#2219,#1115,.T.);
#2821=EDGE_CURVE('',#2219,#2220,#1892,.T.);
#2822=EDGE_CURVE('',#2220,#2217,#1116,.T.);
#2823=EDGE_CURVE('',#2221,#2221,#1893,.T.);
#2824=EDGE_CURVE('',#2222,#2222,#1894,.T.);
#2825=EDGE_CURVE('',#2223,#2223,#1895,.T.);
#2826=EDGE_CURVE('',#2223,#2222,#1117,.T.);
#2827=EDGE_CURVE('',#2224,#2224,#1896,.T.);
#2828=EDGE_CURVE('',#2224,#2221,#1118,.T.);
#2829=EDGE_CURVE('',#2225,#2218,#1119,.T.);
#2830=EDGE_CURVE('',#2226,#2225,#1120,.T.);
#2831=EDGE_CURVE('',#2219,#2226,#1121,.T.);
#2832=EDGE_CURVE('',#2227,#2226,#1897,.T.);
#2833=EDGE_CURVE('',#2220,#2227,#1122,.T.);
#2834=EDGE_CURVE('',#2228,#2227,#1123,.T.);
#2835=EDGE_CURVE('',#2217,#2228,#1124,.T.);
#2836=EDGE_CURVE('',#2225,#2228,#1898,.T.);
#2837=EDGE_CURVE('',#2229,#2229,#1899,.T.);
#2838=EDGE_CURVE('',#2229,#2230,#1125,.T.);
#2839=EDGE_CURVE('',#2230,#2230,#1900,.T.);
#2840=EDGE_CURVE('',#2231,#2231,#1901,.T.);
#2841=EDGE_CURVE('',#2231,#2232,#1126,.T.);
#2842=EDGE_CURVE('',#2232,#2232,#1902,.T.);
#2843=EDGE_CURVE('',#2233,#2234,#1127,.T.);
#2844=EDGE_CURVE('',#2233,#2235,#1128,.T.);
#2845=EDGE_CURVE('',#2236,#2235,#1129,.T.);
#2846=EDGE_CURVE('',#2236,#2234,#1130,.T.);
#2847=EDGE_CURVE('',#2237,#2235,#1131,.T.);
#2848=EDGE_CURVE('',#2238,#2237,#1132,.T.);
#2849=EDGE_CURVE('',#2236,#2238,#1133,.T.);
#2850=EDGE_CURVE('',#2239,#2233,#1134,.T.);
#2851=EDGE_CURVE('',#2239,#2240,#1135,.T.);
#2852=EDGE_CURVE('',#2240,#2241,#1136,.T.);
#2853=EDGE_CURVE('',#2241,#2242,#1137,.T.);
#2854=EDGE_CURVE('',#2243,#2242,#1138,.T.);
#2855=EDGE_CURVE('',#2244,#2243,#1139,.T.);
#2856=EDGE_CURVE('',#2244,#2245,#1140,.T.);
#2857=EDGE_CURVE('',#2245,#2246,#1903,.T.);
#2858=EDGE_CURVE('',#2246,#2247,#1141,.T.);
#2859=EDGE_CURVE('',#2248,#2247,#1142,.T.);
#2860=EDGE_CURVE('',#2248,#2249,#1143,.T.);
#2861=EDGE_CURVE('',#2249,#2250,#1144,.T.);
#2862=EDGE_CURVE('',#2250,#2251,#1145,.T.);
#2863=EDGE_CURVE('',#2251,#2252,#32,.T.);
#2864=EDGE_CURVE('',#2253,#2252,#1146,.F.);
#2865=EDGE_CURVE('',#2254,#2253,#1147,.T.);
#2866=EDGE_CURVE('',#2255,#2254,#1148,.F.);
#2867=EDGE_CURVE('',#2255,#2256,#33,.T.);
#2868=EDGE_CURVE('',#2256,#2257,#34,.T.);
#2869=EDGE_CURVE('',#2257,#2258,#35,.T.);
#2870=EDGE_CURVE('',#2259,#2258,#1149,.F.);
#2871=EDGE_CURVE('',#2260,#2259,#1150,.T.);
#2872=EDGE_CURVE('',#2261,#2260,#1151,.F.);
#2873=EDGE_CURVE('',#2261,#2262,#36,.T.);
#2874=EDGE_CURVE('',#2262,#2263,#1152,.T.);
#2875=EDGE_CURVE('',#2263,#2237,#1153,.T.);
#2876=EDGE_CURVE('',#2264,#2265,#1154,.T.);
#2877=EDGE_CURVE('',#2265,#2266,#1155,.T.);
#2878=EDGE_CURVE('',#2266,#2267,#1156,.T.);
#2879=EDGE_CURVE('',#2267,#2264,#1157,.T.);
#2880=EDGE_CURVE('',#2268,#2269,#1158,.T.);
#2881=EDGE_CURVE('',#2269,#2270,#1159,.T.);
#2882=EDGE_CURVE('',#2270,#2271,#1160,.T.);
#2883=EDGE_CURVE('',#2271,#2268,#1161,.T.);
#2884=EDGE_CURVE('',#2272,#2272,#1904,.T.);
#2885=EDGE_CURVE('',#2273,#2273,#1905,.T.);
#2886=EDGE_CURVE('',#2274,#2274,#1906,.T.);
#2887=EDGE_CURVE('',#2246,#2275,#1162,.T.);
#2888=EDGE_CURVE('',#2275,#2276,#1163,.T.);
#2889=EDGE_CURVE('',#2247,#2276,#1164,.T.);
#2890=EDGE_CURVE('',#2276,#2277,#1165,.T.);
#2891=EDGE_CURVE('',#2248,#2277,#1166,.T.);
#2892=EDGE_CURVE('',#2234,#2278,#1167,.T.);
#2893=EDGE_CURVE('',#2278,#2239,#1168,.T.);
#2894=EDGE_CURVE('',#2279,#2244,#1169,.T.);
#2895=EDGE_CURVE('',#2280,#2243,#1170,.T.);
#2896=EDGE_CURVE('',#2279,#2280,#1171,.T.);
#2897=EDGE_CURVE('',#2242,#2281,#1172,.T.);
#2898=EDGE_CURVE('',#2281,#2280,#1173,.T.);
#2899=EDGE_CURVE('',#2282,#2241,#1174,.T.);
#2900=EDGE_CURVE('',#2281,#2282,#1175,.T.);
#2901=EDGE_CURVE('',#2283,#2266,#1176,.T.);
#2902=EDGE_CURVE('',#2284,#2283,#1177,.T.);
#2903=EDGE_CURVE('',#2284,#2267,#1178,.T.);
#2904=EDGE_CURVE('',#2285,#2284,#1179,.T.);
#2905=EDGE_CURVE('',#2285,#2264,#1180,.T.);
#2906=EDGE_CURVE('',#2286,#2285,#1181,.T.);
#2907=EDGE_CURVE('',#2286,#2265,#1182,.T.);
#2908=EDGE_CURVE('',#2283,#2286,#1183,.T.);
#2909=EDGE_CURVE('',#2287,#2270,#1184,.T.);
#2910=EDGE_CURVE('',#2288,#2287,#1185,.T.);
#2911=EDGE_CURVE('',#2288,#2271,#1186,.T.);
#2912=EDGE_CURVE('',#2289,#2288,#1187,.T.);
#2913=EDGE_CURVE('',#2289,#2268,#1188,.T.);
#2914=EDGE_CURVE('',#2290,#2289,#1189,.T.);
#2915=EDGE_CURVE('',#2290,#2269,#1190,.T.);
#2916=EDGE_CURVE('',#2287,#2290,#1191,.T.);
#2917=EDGE_CURVE('',#2291,#2263,#1192,.T.);
#2918=EDGE_CURVE('',#2238,#2291,#1193,.T.);
#2919=EDGE_CURVE('',#2292,#2245,#1194,.T.);
#2920=EDGE_CURVE('',#2275,#2292,#1907,.T.);
#2921=EDGE_CURVE('',#2292,#2279,#1195,.T.);
#2922=EDGE_CURVE('',#2293,#2293,#1908,.T.);
#2923=EDGE_CURVE('',#2293,#2272,#1196,.T.);
#2924=EDGE_CURVE('',#2294,#2277,#1197,.T.);
#2925=EDGE_CURVE('',#2249,#2294,#1198,.T.);
#2926=EDGE_CURVE('',#2295,#2294,#1199,.T.);
#2927=EDGE_CURVE('',#2250,#2295,#1200,.T.);
#2928=EDGE_CURVE('',#2296,#2278,#1201,.T.);
#2929=EDGE_CURVE('',#2240,#2296,#1202,.T.);
#2930=EDGE_CURVE('',#2291,#2297,#1203,.F.);
#2931=EDGE_CURVE('',#2297,#2298,#37,.T.);
#2932=EDGE_CURVE('',#2298,#2299,#1204,.F.);
#2933=EDGE_CURVE('',#2299,#2300,#1205,.T.);
#2934=EDGE_CURVE('',#2300,#2301,#1206,.F.);
#2935=EDGE_CURVE('',#2301,#2302,#38,.T.);
#2936=EDGE_CURVE('',#2302,#2303,#39,.T.);
#2937=EDGE_CURVE('',#2303,#2304,#40,.T.);
#2938=EDGE_CURVE('',#2304,#2305,#1207,.F.);
#2939=EDGE_CURVE('',#2305,#2306,#1208,.T.);
#2940=EDGE_CURVE('',#2306,#2307,#1209,.F.);
#2941=EDGE_CURVE('',#2307,#2308,#41,.T.);
#2942=EDGE_CURVE('',#2308,#2295,#1210,.F.);
#2943=EDGE_CURVE('',#2282,#2296,#1211,.T.);
#2944=EDGE_CURVE('',#2309,#2309,#1909,.T.);
#2945=EDGE_CURVE('',#2310,#2310,#1910,.T.);
#2946=EDGE_CURVE('',#2262,#2297,#42,.T.);
#2947=EDGE_CURVE('',#2260,#2299,#1212,.F.);
#2948=EDGE_CURVE('',#2261,#2298,#43,.F.);
#2949=EDGE_CURVE('',#2259,#2300,#1213,.T.);
#2950=EDGE_CURVE('',#2258,#2301,#44,.T.);
#2951=EDGE_CURVE('',#2257,#2302,#1214,.T.);
#2952=EDGE_CURVE('',#2256,#2303,#1215,.T.);
#2953=EDGE_CURVE('',#2255,#2304,#45,.F.);
#2954=EDGE_CURVE('',#2254,#2305,#1216,.F.);
#2955=EDGE_CURVE('',#2253,#2306,#1217,.T.);
#2956=EDGE_CURVE('',#2252,#2307,#46,.T.);
#2957=EDGE_CURVE('',#2251,#2308,#47,.F.);
#2958=EDGE_CURVE('',#2309,#2274,#1218,.T.);
#2959=EDGE_CURVE('',#2310,#2273,#1219,.T.);
#2960=EDGE_CURVE('',#2311,#2311,#1911,.T.);
#2961=EDGE_CURVE('',#2311,#2312,#1220,.T.);
#2962=EDGE_CURVE('',#2312,#2312,#1912,.T.);
#2963=EDGE_CURVE('',#2313,#2313,#1913,.T.);
#2964=EDGE_CURVE('',#2313,#2314,#1221,.T.);
#2965=EDGE_CURVE('',#2314,#2314,#1914,.T.);
#2966=EDGE_CURVE('',#2315,#2316,#1915,.T.);
#2967=EDGE_CURVE('',#2316,#2317,#1222,.T.);
#2968=EDGE_CURVE('',#2317,#2318,#1916,.T.);
#2969=EDGE_CURVE('',#2318,#2315,#1223,.T.);
#2970=EDGE_CURVE('',#2319,#2318,#1224,.T.);
#2971=EDGE_CURVE('',#2320,#2319,#1225,.T.);
#2972=EDGE_CURVE('',#2315,#2320,#1226,.T.);
#2973=EDGE_CURVE('',#2321,#2317,#1227,.T.);
#2974=EDGE_CURVE('',#2321,#2322,#1228,.T.);
#2975=EDGE_CURVE('',#2322,#2323,#1229,.T.);
#2976=EDGE_CURVE('',#2319,#2323,#1917,.T.);
#2977=EDGE_CURVE('',#2324,#2320,#1918,.T.);
#2978=EDGE_CURVE('',#2323,#2324,#1230,.T.);
#2979=EDGE_CURVE('',#2325,#2326,#1919,.T.);
#2980=EDGE_CURVE('',#2326,#2327,#1231,.T.);
#2981=EDGE_CURVE('',#2327,#2328,#1920,.T.);
#2982=EDGE_CURVE('',#2328,#2325,#1232,.T.);
#2983=EDGE_CURVE('',#2329,#2328,#1233,.T.);
#2984=EDGE_CURVE('',#2330,#2329,#1234,.T.);
#2985=EDGE_CURVE('',#2325,#2330,#1235,.T.);
#2986=EDGE_CURVE('',#2331,#2327,#1236,.T.);
#2987=EDGE_CURVE('',#2331,#2332,#1237,.T.);
#2988=EDGE_CURVE('',#2332,#2333,#1238,.T.);
#2989=EDGE_CURVE('',#2329,#2333,#1921,.T.);
#2990=EDGE_CURVE('',#2334,#2330,#1922,.T.);
#2991=EDGE_CURVE('',#2333,#2334,#1239,.T.);
#2992=EDGE_CURVE('',#2335,#2324,#1240,.T.);
#2993=EDGE_CURVE('',#2336,#2335,#1241,.T.);
#2994=EDGE_CURVE('',#2336,#2316,#1242,.T.);
#2995=EDGE_CURVE('',#2331,#2322,#1243,.T.);
#2996=EDGE_CURVE('',#2337,#2326,#1244,.T.);
#2997=EDGE_CURVE('',#2335,#2337,#1245,.T.);
#2998=EDGE_CURVE('',#2338,#2336,#1246,.T.);
#2999=EDGE_CURVE('',#2337,#2338,#1247,.T.);
#3000=EDGE_CURVE('',#2332,#2321,#1248,.T.);
#3001=EDGE_CURVE('',#2338,#2334,#1249,.T.);
#3002=EDGE_CURVE('',#2339,#2339,#1923,.T.);
#3003=EDGE_CURVE('',#2339,#2340,#1250,.T.);
#3004=EDGE_CURVE('',#2340,#2340,#1924,.T.);
#3005=EDGE_CURVE('',#2341,#2341,#1925,.T.);
#3006=EDGE_CURVE('',#2341,#2342,#1251,.T.);
#3007=EDGE_CURVE('',#2342,#2342,#1926,.T.);
#3008=EDGE_CURVE('',#2343,#2344,#1927,.T.);
#3009=EDGE_CURVE('',#2344,#2345,#1252,.T.);
#3010=EDGE_CURVE('',#2345,#2346,#1928,.T.);
#3011=EDGE_CURVE('',#2346,#2343,#1253,.T.);
#3012=EDGE_CURVE('',#2347,#2344,#1254,.T.);
#3013=EDGE_CURVE('',#2348,#2347,#1255,.T.);
#3014=EDGE_CURVE('',#2345,#2348,#1256,.T.);
#3015=EDGE_CURVE('',#2349,#2343,#1257,.T.);
#3016=EDGE_CURVE('',#2349,#2350,#1258,.T.);
#3017=EDGE_CURVE('',#2350,#2351,#1259,.T.);
#3018=EDGE_CURVE('',#2347,#2351,#1929,.T.);
#3019=EDGE_CURVE('',#2351,#2352,#1260,.T.);
#3020=EDGE_CURVE('',#2352,#2348,#1930,.T.);
#3021=EDGE_CURVE('',#2353,#2354,#1931,.T.);
#3022=EDGE_CURVE('',#2354,#2355,#1261,.T.);
#3023=EDGE_CURVE('',#2355,#2356,#1932,.T.);
#3024=EDGE_CURVE('',#2356,#2353,#1262,.T.);
#3025=EDGE_CURVE('',#2355,#2357,#1263,.T.);
#3026=EDGE_CURVE('',#2358,#2357,#1264,.T.);
#3027=EDGE_CURVE('',#2359,#2358,#1265,.T.);
#3028=EDGE_CURVE('',#2359,#2356,#1266,.T.);
#3029=EDGE_CURVE('',#2360,#2354,#1267,.T.);
#3030=EDGE_CURVE('',#2357,#2360,#1268,.T.);
#3031=EDGE_CURVE('',#2361,#2352,#1269,.T.);
#3032=EDGE_CURVE('',#2362,#2361,#1270,.T.);
#3033=EDGE_CURVE('',#2362,#2346,#1271,.T.);
#3034=EDGE_CURVE('',#2350,#2363,#1272,.T.);
#3035=EDGE_CURVE('',#2363,#2353,#1273,.T.);
#3036=EDGE_CURVE('',#2359,#2361,#1274,.T.);
#3037=EDGE_CURVE('',#2364,#2349,#1275,.T.);
#3038=EDGE_CURVE('',#2363,#2364,#1276,.T.);
#3039=EDGE_CURVE('',#2358,#2362,#1277,.T.);
#3040=EDGE_CURVE('',#2364,#2360,#1278,.T.);
#3041=ORIENTED_EDGE('',*,*,#2365,.F.);
#3042=ORIENTED_EDGE('',*,*,#2366,.F.);
#3043=ORIENTED_EDGE('',*,*,#2367,.F.);
#3044=ORIENTED_EDGE('',*,*,#2368,.F.);
#3045=ORIENTED_EDGE('',*,*,#2369,.F.);
#3046=ORIENTED_EDGE('',*,*,#2370,.F.);
#3047=ORIENTED_EDGE('',*,*,#2371,.F.);
#3048=ORIENTED_EDGE('',*,*,#2367,.T.);
#3049=ORIENTED_EDGE('',*,*,#2372,.T.);
#3050=ORIENTED_EDGE('',*,*,#2373,.F.);
#3051=ORIENTED_EDGE('',*,*,#2374,.T.);
#3052=ORIENTED_EDGE('',*,*,#2366,.T.);
#3053=ORIENTED_EDGE('',*,*,#2375,.T.);
#3054=ORIENTED_EDGE('',*,*,#2376,.F.);
#3055=ORIENTED_EDGE('',*,*,#2372,.F.);
#3056=ORIENTED_EDGE('',*,*,#2365,.T.);
#3057=ORIENTED_EDGE('',*,*,#2377,.T.);
#3058=ORIENTED_EDGE('',*,*,#2378,.F.);
#3059=ORIENTED_EDGE('',*,*,#2375,.F.);
#3060=ORIENTED_EDGE('',*,*,#2378,.T.);
#3061=ORIENTED_EDGE('',*,*,#2379,.T.);
#3062=ORIENTED_EDGE('',*,*,#2380,.F.);
#3063=ORIENTED_EDGE('',*,*,#2381,.T.);
#3064=ORIENTED_EDGE('',*,*,#2373,.T.);
#3065=ORIENTED_EDGE('',*,*,#2376,.T.);
#3066=ORIENTED_EDGE('',*,*,#2382,.T.);
#3067=ORIENTED_EDGE('',*,*,#2383,.F.);
#3068=ORIENTED_EDGE('',*,*,#2384,.F.);
#3069=ORIENTED_EDGE('',*,*,#2385,.F.);
#3070=ORIENTED_EDGE('',*,*,#2386,.F.);
#3071=ORIENTED_EDGE('',*,*,#2387,.F.);
#3072=ORIENTED_EDGE('',*,*,#2388,.F.);
#3073=ORIENTED_EDGE('',*,*,#2389,.F.);
#3074=ORIENTED_EDGE('',*,*,#2385,.T.);
#3075=ORIENTED_EDGE('',*,*,#2390,.T.);
#3076=ORIENTED_EDGE('',*,*,#2391,.F.);
#3077=ORIENTED_EDGE('',*,*,#2392,.T.);
#3078=ORIENTED_EDGE('',*,*,#2384,.T.);
#3079=ORIENTED_EDGE('',*,*,#2393,.T.);
#3080=ORIENTED_EDGE('',*,*,#2394,.F.);
#3081=ORIENTED_EDGE('',*,*,#2390,.F.);
#3082=ORIENTED_EDGE('',*,*,#2383,.T.);
#3083=ORIENTED_EDGE('',*,*,#2395,.T.);
#3084=ORIENTED_EDGE('',*,*,#2396,.F.);
#3085=ORIENTED_EDGE('',*,*,#2393,.F.);
#3086=ORIENTED_EDGE('',*,*,#2396,.T.);
#3087=ORIENTED_EDGE('',*,*,#2397,.T.);
#3088=ORIENTED_EDGE('',*,*,#2398,.F.);
#3089=ORIENTED_EDGE('',*,*,#2399,.T.);
#3090=ORIENTED_EDGE('',*,*,#2391,.T.);
#3091=ORIENTED_EDGE('',*,*,#2394,.T.);
#3092=ORIENTED_EDGE('',*,*,#2400,.T.);
#3093=ORIENTED_EDGE('',*,*,#2401,.T.);
#3094=ORIENTED_EDGE('',*,*,#2369,.T.);
#3095=ORIENTED_EDGE('',*,*,#2402,.T.);
#3096=ORIENTED_EDGE('',*,*,#2403,.F.);
#3097=ORIENTED_EDGE('',*,*,#2404,.F.);
#3098=ORIENTED_EDGE('',*,*,#2405,.F.);
#3099=ORIENTED_EDGE('',*,*,#2406,.T.);
#3100=ORIENTED_EDGE('',*,*,#2407,.F.);
#3101=ORIENTED_EDGE('',*,*,#2408,.F.);
#3102=ORIENTED_EDGE('',*,*,#2409,.F.);
#3103=ORIENTED_EDGE('',*,*,#2410,.T.);
#3104=ORIENTED_EDGE('',*,*,#2411,.F.);
#3105=ORIENTED_EDGE('',*,*,#2412,.F.);
#3106=ORIENTED_EDGE('',*,*,#2413,.F.);
#3107=ORIENTED_EDGE('',*,*,#2414,.T.);
#3108=ORIENTED_EDGE('',*,*,#2398,.T.);
#3109=ORIENTED_EDGE('',*,*,#2415,.T.);
#3110=ORIENTED_EDGE('',*,*,#2387,.T.);
#3111=ORIENTED_EDGE('',*,*,#2416,.T.);
#3112=ORIENTED_EDGE('',*,*,#2380,.T.);
#3113=ORIENTED_EDGE('',*,*,#2417,.F.);
#3114=ORIENTED_EDGE('',*,*,#2418,.T.);
#3115=ORIENTED_EDGE('',*,*,#2419,.F.);
#3116=ORIENTED_EDGE('',*,*,#2420,.F.);
#3117=ORIENTED_EDGE('',*,*,#2421,.F.);
#3118=ORIENTED_EDGE('',*,*,#2420,.T.);
#3119=ORIENTED_EDGE('',*,*,#2422,.F.);
#3120=ORIENTED_EDGE('',*,*,#2423,.F.);
#3121=ORIENTED_EDGE('',*,*,#2424,.F.);
#3122=ORIENTED_EDGE('',*,*,#2423,.T.);
#3123=ORIENTED_EDGE('',*,*,#2425,.F.);
#3124=ORIENTED_EDGE('',*,*,#2426,.F.);
#3125=ORIENTED_EDGE('',*,*,#2427,.F.);
#3126=ORIENTED_EDGE('',*,*,#2426,.T.);
#3127=ORIENTED_EDGE('',*,*,#2428,.F.);
#3128=ORIENTED_EDGE('',*,*,#2418,.F.);
#3129=ORIENTED_EDGE('',*,*,#2428,.T.);
#3130=ORIENTED_EDGE('',*,*,#2425,.T.);
#3131=ORIENTED_EDGE('',*,*,#2422,.T.);
#3132=ORIENTED_EDGE('',*,*,#2419,.T.);
#3133=ORIENTED_EDGE('',*,*,#2421,.T.);
#3134=ORIENTED_EDGE('',*,*,#2429,.F.);
#3135=ORIENTED_EDGE('',*,*,#2430,.T.);
#3136=ORIENTED_EDGE('',*,*,#2431,.F.);
#3137=ORIENTED_EDGE('',*,*,#2427,.T.);
#3138=ORIENTED_EDGE('',*,*,#2432,.F.);
#3139=ORIENTED_EDGE('',*,*,#2433,.F.);
#3140=ORIENTED_EDGE('',*,*,#2434,.F.);
#3141=ORIENTED_EDGE('',*,*,#2435,.F.);
#3142=ORIENTED_EDGE('',*,*,#2436,.T.);
#3143=ORIENTED_EDGE('',*,*,#2437,.F.);
#3144=ORIENTED_EDGE('',*,*,#2438,.F.);
#3145=ORIENTED_EDGE('',*,*,#2439,.F.);
#3146=ORIENTED_EDGE('',*,*,#2438,.T.);
#3147=ORIENTED_EDGE('',*,*,#2440,.F.);
#3148=ORIENTED_EDGE('',*,*,#2441,.F.);
#3149=ORIENTED_EDGE('',*,*,#2442,.F.);
#3150=ORIENTED_EDGE('',*,*,#2441,.T.);
#3151=ORIENTED_EDGE('',*,*,#2443,.F.);
#3152=ORIENTED_EDGE('',*,*,#2444,.F.);
#3153=ORIENTED_EDGE('',*,*,#2430,.F.);
#3154=ORIENTED_EDGE('',*,*,#2444,.T.);
#3155=ORIENTED_EDGE('',*,*,#2445,.F.);
#3156=ORIENTED_EDGE('',*,*,#2436,.F.);
#3157=ORIENTED_EDGE('',*,*,#2445,.T.);
#3158=ORIENTED_EDGE('',*,*,#2443,.T.);
#3159=ORIENTED_EDGE('',*,*,#2440,.T.);
#3160=ORIENTED_EDGE('',*,*,#2437,.T.);
#3161=ORIENTED_EDGE('',*,*,#2439,.T.);
#3162=ORIENTED_EDGE('',*,*,#2446,.F.);
#3163=ORIENTED_EDGE('',*,*,#2447,.T.);
#3164=ORIENTED_EDGE('',*,*,#2448,.F.);
#3165=ORIENTED_EDGE('',*,*,#2449,.F.);
#3166=ORIENTED_EDGE('',*,*,#2450,.T.);
#3167=ORIENTED_EDGE('',*,*,#2451,.F.);
#3168=ORIENTED_EDGE('',*,*,#2452,.F.);
#3169=ORIENTED_EDGE('',*,*,#2453,.F.);
#3170=ORIENTED_EDGE('',*,*,#2452,.T.);
#3171=ORIENTED_EDGE('',*,*,#2454,.F.);
#3172=ORIENTED_EDGE('',*,*,#2455,.F.);
#3173=ORIENTED_EDGE('',*,*,#2456,.F.);
#3174=ORIENTED_EDGE('',*,*,#2455,.T.);
#3175=ORIENTED_EDGE('',*,*,#2457,.F.);
#3176=ORIENTED_EDGE('',*,*,#2458,.F.);
#3177=ORIENTED_EDGE('',*,*,#2447,.F.);
#3178=ORIENTED_EDGE('',*,*,#2458,.T.);
#3179=ORIENTED_EDGE('',*,*,#2459,.F.);
#3180=ORIENTED_EDGE('',*,*,#2450,.F.);
#3181=ORIENTED_EDGE('',*,*,#2459,.T.);
#3182=ORIENTED_EDGE('',*,*,#2457,.T.);
#3183=ORIENTED_EDGE('',*,*,#2454,.T.);
#3184=ORIENTED_EDGE('',*,*,#2451,.T.);
#3185=ORIENTED_EDGE('',*,*,#2453,.T.);
#3186=ORIENTED_EDGE('',*,*,#2460,.F.);
#3187=ORIENTED_EDGE('',*,*,#2461,.T.);
#3188=ORIENTED_EDGE('',*,*,#2462,.F.);
#3189=ORIENTED_EDGE('',*,*,#2463,.F.);
#3190=ORIENTED_EDGE('',*,*,#2464,.T.);
#3191=ORIENTED_EDGE('',*,*,#2465,.F.);
#3192=ORIENTED_EDGE('',*,*,#2466,.F.);
#3193=ORIENTED_EDGE('',*,*,#2467,.F.);
#3194=ORIENTED_EDGE('',*,*,#2466,.T.);
#3195=ORIENTED_EDGE('',*,*,#2468,.F.);
#3196=ORIENTED_EDGE('',*,*,#2469,.F.);
#3197=ORIENTED_EDGE('',*,*,#2470,.F.);
#3198=ORIENTED_EDGE('',*,*,#2469,.T.);
#3199=ORIENTED_EDGE('',*,*,#2471,.F.);
#3200=ORIENTED_EDGE('',*,*,#2472,.F.);
#3201=ORIENTED_EDGE('',*,*,#2461,.F.);
#3202=ORIENTED_EDGE('',*,*,#2472,.T.);
#3203=ORIENTED_EDGE('',*,*,#2473,.F.);
#3204=ORIENTED_EDGE('',*,*,#2464,.F.);
#3205=ORIENTED_EDGE('',*,*,#2473,.T.);
#3206=ORIENTED_EDGE('',*,*,#2471,.T.);
#3207=ORIENTED_EDGE('',*,*,#2468,.T.);
#3208=ORIENTED_EDGE('',*,*,#2465,.T.);
#3209=ORIENTED_EDGE('',*,*,#2467,.T.);
#3210=ORIENTED_EDGE('',*,*,#2474,.F.);
#3211=ORIENTED_EDGE('',*,*,#2475,.T.);
#3212=ORIENTED_EDGE('',*,*,#2476,.F.);
#3213=ORIENTED_EDGE('',*,*,#2477,.F.);
#3214=ORIENTED_EDGE('',*,*,#2478,.T.);
#3215=ORIENTED_EDGE('',*,*,#2479,.F.);
#3216=ORIENTED_EDGE('',*,*,#2480,.F.);
#3217=ORIENTED_EDGE('',*,*,#2481,.F.);
#3218=ORIENTED_EDGE('',*,*,#2480,.T.);
#3219=ORIENTED_EDGE('',*,*,#2482,.F.);
#3220=ORIENTED_EDGE('',*,*,#2483,.F.);
#3221=ORIENTED_EDGE('',*,*,#2484,.F.);
#3222=ORIENTED_EDGE('',*,*,#2483,.T.);
#3223=ORIENTED_EDGE('',*,*,#2485,.F.);
#3224=ORIENTED_EDGE('',*,*,#2486,.F.);
#3225=ORIENTED_EDGE('',*,*,#2475,.F.);
#3226=ORIENTED_EDGE('',*,*,#2486,.T.);
#3227=ORIENTED_EDGE('',*,*,#2487,.F.);
#3228=ORIENTED_EDGE('',*,*,#2478,.F.);
#3229=ORIENTED_EDGE('',*,*,#2487,.T.);
#3230=ORIENTED_EDGE('',*,*,#2485,.T.);
#3231=ORIENTED_EDGE('',*,*,#2482,.T.);
#3232=ORIENTED_EDGE('',*,*,#2479,.T.);
#3233=ORIENTED_EDGE('',*,*,#2481,.T.);
#3234=ORIENTED_EDGE('',*,*,#2488,.F.);
#3235=ORIENTED_EDGE('',*,*,#2489,.T.);
#3236=ORIENTED_EDGE('',*,*,#2490,.F.);
#3237=ORIENTED_EDGE('',*,*,#2491,.F.);
#3238=ORIENTED_EDGE('',*,*,#2492,.T.);
#3239=ORIENTED_EDGE('',*,*,#2493,.F.);
#3240=ORIENTED_EDGE('',*,*,#2494,.F.);
#3241=ORIENTED_EDGE('',*,*,#2495,.F.);
#3242=ORIENTED_EDGE('',*,*,#2494,.T.);
#3243=ORIENTED_EDGE('',*,*,#2496,.F.);
#3244=ORIENTED_EDGE('',*,*,#2497,.F.);
#3245=ORIENTED_EDGE('',*,*,#2498,.F.);
#3246=ORIENTED_EDGE('',*,*,#2497,.T.);
#3247=ORIENTED_EDGE('',*,*,#2499,.F.);
#3248=ORIENTED_EDGE('',*,*,#2500,.F.);
#3249=ORIENTED_EDGE('',*,*,#2489,.F.);
#3250=ORIENTED_EDGE('',*,*,#2500,.T.);
#3251=ORIENTED_EDGE('',*,*,#2501,.F.);
#3252=ORIENTED_EDGE('',*,*,#2492,.F.);
#3253=ORIENTED_EDGE('',*,*,#2501,.T.);
#3254=ORIENTED_EDGE('',*,*,#2499,.T.);
#3255=ORIENTED_EDGE('',*,*,#2496,.T.);
#3256=ORIENTED_EDGE('',*,*,#2493,.T.);
#3257=ORIENTED_EDGE('',*,*,#2495,.T.);
#3258=ORIENTED_EDGE('',*,*,#2502,.F.);
#3259=ORIENTED_EDGE('',*,*,#2503,.T.);
#3260=ORIENTED_EDGE('',*,*,#2504,.F.);
#3261=ORIENTED_EDGE('',*,*,#2505,.F.);
#3262=ORIENTED_EDGE('',*,*,#2506,.T.);
#3263=ORIENTED_EDGE('',*,*,#2507,.F.);
#3264=ORIENTED_EDGE('',*,*,#2508,.F.);
#3265=ORIENTED_EDGE('',*,*,#2509,.F.);
#3266=ORIENTED_EDGE('',*,*,#2508,.T.);
#3267=ORIENTED_EDGE('',*,*,#2510,.F.);
#3268=ORIENTED_EDGE('',*,*,#2511,.F.);
#3269=ORIENTED_EDGE('',*,*,#2512,.F.);
#3270=ORIENTED_EDGE('',*,*,#2511,.T.);
#3271=ORIENTED_EDGE('',*,*,#2513,.F.);
#3272=ORIENTED_EDGE('',*,*,#2514,.F.);
#3273=ORIENTED_EDGE('',*,*,#2503,.F.);
#3274=ORIENTED_EDGE('',*,*,#2514,.T.);
#3275=ORIENTED_EDGE('',*,*,#2515,.F.);
#3276=ORIENTED_EDGE('',*,*,#2506,.F.);
#3277=ORIENTED_EDGE('',*,*,#2515,.T.);
#3278=ORIENTED_EDGE('',*,*,#2513,.T.);
#3279=ORIENTED_EDGE('',*,*,#2510,.T.);
#3280=ORIENTED_EDGE('',*,*,#2507,.T.);
#3281=ORIENTED_EDGE('',*,*,#2509,.T.);
#3282=ORIENTED_EDGE('',*,*,#2516,.F.);
#3283=ORIENTED_EDGE('',*,*,#2517,.T.);
#3284=ORIENTED_EDGE('',*,*,#2518,.F.);
#3285=ORIENTED_EDGE('',*,*,#2519,.F.);
#3286=ORIENTED_EDGE('',*,*,#2520,.T.);
#3287=ORIENTED_EDGE('',*,*,#2521,.F.);
#3288=ORIENTED_EDGE('',*,*,#2522,.F.);
#3289=ORIENTED_EDGE('',*,*,#2523,.F.);
#3290=ORIENTED_EDGE('',*,*,#2522,.T.);
#3291=ORIENTED_EDGE('',*,*,#2524,.F.);
#3292=ORIENTED_EDGE('',*,*,#2525,.F.);
#3293=ORIENTED_EDGE('',*,*,#2526,.F.);
#3294=ORIENTED_EDGE('',*,*,#2525,.T.);
#3295=ORIENTED_EDGE('',*,*,#2527,.F.);
#3296=ORIENTED_EDGE('',*,*,#2528,.F.);
#3297=ORIENTED_EDGE('',*,*,#2517,.F.);
#3298=ORIENTED_EDGE('',*,*,#2528,.T.);
#3299=ORIENTED_EDGE('',*,*,#2529,.F.);
#3300=ORIENTED_EDGE('',*,*,#2520,.F.);
#3301=ORIENTED_EDGE('',*,*,#2529,.T.);
#3302=ORIENTED_EDGE('',*,*,#2527,.T.);
#3303=ORIENTED_EDGE('',*,*,#2524,.T.);
#3304=ORIENTED_EDGE('',*,*,#2521,.T.);
#3305=ORIENTED_EDGE('',*,*,#2523,.T.);
#3306=ORIENTED_EDGE('',*,*,#2530,.F.);
#3307=ORIENTED_EDGE('',*,*,#2531,.T.);
#3308=ORIENTED_EDGE('',*,*,#2532,.F.);
#3309=ORIENTED_EDGE('',*,*,#2533,.F.);
#3310=ORIENTED_EDGE('',*,*,#2534,.T.);
#3311=ORIENTED_EDGE('',*,*,#2535,.F.);
#3312=ORIENTED_EDGE('',*,*,#2536,.F.);
#3313=ORIENTED_EDGE('',*,*,#2537,.F.);
#3314=ORIENTED_EDGE('',*,*,#2536,.T.);
#3315=ORIENTED_EDGE('',*,*,#2538,.F.);
#3316=ORIENTED_EDGE('',*,*,#2539,.F.);
#3317=ORIENTED_EDGE('',*,*,#2540,.F.);
#3318=ORIENTED_EDGE('',*,*,#2539,.T.);
#3319=ORIENTED_EDGE('',*,*,#2541,.F.);
#3320=ORIENTED_EDGE('',*,*,#2542,.F.);
#3321=ORIENTED_EDGE('',*,*,#2531,.F.);
#3322=ORIENTED_EDGE('',*,*,#2542,.T.);
#3323=ORIENTED_EDGE('',*,*,#2543,.F.);
#3324=ORIENTED_EDGE('',*,*,#2534,.F.);
#3325=ORIENTED_EDGE('',*,*,#2543,.T.);
#3326=ORIENTED_EDGE('',*,*,#2541,.T.);
#3327=ORIENTED_EDGE('',*,*,#2538,.T.);
#3328=ORIENTED_EDGE('',*,*,#2535,.T.);
#3329=ORIENTED_EDGE('',*,*,#2537,.T.);
#3330=ORIENTED_EDGE('',*,*,#2544,.F.);
#3331=ORIENTED_EDGE('',*,*,#2545,.T.);
#3332=ORIENTED_EDGE('',*,*,#2546,.F.);
#3333=ORIENTED_EDGE('',*,*,#2547,.F.);
#3334=ORIENTED_EDGE('',*,*,#2548,.T.);
#3335=ORIENTED_EDGE('',*,*,#2549,.F.);
#3336=ORIENTED_EDGE('',*,*,#2550,.F.);
#3337=ORIENTED_EDGE('',*,*,#2551,.F.);
#3338=ORIENTED_EDGE('',*,*,#2550,.T.);
#3339=ORIENTED_EDGE('',*,*,#2552,.F.);
#3340=ORIENTED_EDGE('',*,*,#2553,.F.);
#3341=ORIENTED_EDGE('',*,*,#2554,.F.);
#3342=ORIENTED_EDGE('',*,*,#2553,.T.);
#3343=ORIENTED_EDGE('',*,*,#2555,.F.);
#3344=ORIENTED_EDGE('',*,*,#2556,.F.);
#3345=ORIENTED_EDGE('',*,*,#2545,.F.);
#3346=ORIENTED_EDGE('',*,*,#2556,.T.);
#3347=ORIENTED_EDGE('',*,*,#2557,.F.);
#3348=ORIENTED_EDGE('',*,*,#2548,.F.);
#3349=ORIENTED_EDGE('',*,*,#2557,.T.);
#3350=ORIENTED_EDGE('',*,*,#2555,.T.);
#3351=ORIENTED_EDGE('',*,*,#2552,.T.);
#3352=ORIENTED_EDGE('',*,*,#2549,.T.);
#3353=ORIENTED_EDGE('',*,*,#2551,.T.);
#3354=ORIENTED_EDGE('',*,*,#2558,.F.);
#3355=ORIENTED_EDGE('',*,*,#2559,.T.);
#3356=ORIENTED_EDGE('',*,*,#2560,.F.);
#3357=ORIENTED_EDGE('',*,*,#2561,.F.);
#3358=ORIENTED_EDGE('',*,*,#2562,.T.);
#3359=ORIENTED_EDGE('',*,*,#2563,.F.);
#3360=ORIENTED_EDGE('',*,*,#2564,.F.);
#3361=ORIENTED_EDGE('',*,*,#2565,.F.);
#3362=ORIENTED_EDGE('',*,*,#2564,.T.);
#3363=ORIENTED_EDGE('',*,*,#2566,.F.);
#3364=ORIENTED_EDGE('',*,*,#2567,.F.);
#3365=ORIENTED_EDGE('',*,*,#2568,.F.);
#3366=ORIENTED_EDGE('',*,*,#2567,.T.);
#3367=ORIENTED_EDGE('',*,*,#2569,.F.);
#3368=ORIENTED_EDGE('',*,*,#2570,.F.);
#3369=ORIENTED_EDGE('',*,*,#2559,.F.);
#3370=ORIENTED_EDGE('',*,*,#2570,.T.);
#3371=ORIENTED_EDGE('',*,*,#2571,.F.);
#3372=ORIENTED_EDGE('',*,*,#2562,.F.);
#3373=ORIENTED_EDGE('',*,*,#2571,.T.);
#3374=ORIENTED_EDGE('',*,*,#2569,.T.);
#3375=ORIENTED_EDGE('',*,*,#2566,.T.);
#3376=ORIENTED_EDGE('',*,*,#2563,.T.);
#3377=ORIENTED_EDGE('',*,*,#2565,.T.);
#3378=ORIENTED_EDGE('',*,*,#2572,.F.);
#3379=ORIENTED_EDGE('',*,*,#2573,.T.);
#3380=ORIENTED_EDGE('',*,*,#2574,.F.);
#3381=ORIENTED_EDGE('',*,*,#2575,.F.);
#3382=ORIENTED_EDGE('',*,*,#2576,.T.);
#3383=ORIENTED_EDGE('',*,*,#2577,.F.);
#3384=ORIENTED_EDGE('',*,*,#2578,.F.);
#3385=ORIENTED_EDGE('',*,*,#2579,.F.);
#3386=ORIENTED_EDGE('',*,*,#2578,.T.);
#3387=ORIENTED_EDGE('',*,*,#2580,.F.);
#3388=ORIENTED_EDGE('',*,*,#2581,.F.);
#3389=ORIENTED_EDGE('',*,*,#2582,.F.);
#3390=ORIENTED_EDGE('',*,*,#2581,.T.);
#3391=ORIENTED_EDGE('',*,*,#2583,.F.);
#3392=ORIENTED_EDGE('',*,*,#2584,.F.);
#3393=ORIENTED_EDGE('',*,*,#2573,.F.);
#3394=ORIENTED_EDGE('',*,*,#2584,.T.);
#3395=ORIENTED_EDGE('',*,*,#2585,.F.);
#3396=ORIENTED_EDGE('',*,*,#2576,.F.);
#3397=ORIENTED_EDGE('',*,*,#2585,.T.);
#3398=ORIENTED_EDGE('',*,*,#2583,.T.);
#3399=ORIENTED_EDGE('',*,*,#2580,.T.);
#3400=ORIENTED_EDGE('',*,*,#2577,.T.);
#3401=ORIENTED_EDGE('',*,*,#2579,.T.);
#3402=ORIENTED_EDGE('',*,*,#2586,.F.);
#3403=ORIENTED_EDGE('',*,*,#2587,.F.);
#3404=ORIENTED_EDGE('',*,*,#2588,.F.);
#3405=ORIENTED_EDGE('',*,*,#2400,.F.);
#3406=ORIENTED_EDGE('',*,*,#2589,.T.);
#3407=ORIENTED_EDGE('',*,*,#2389,.T.);
#3408=ORIENTED_EDGE('',*,*,#2589,.F.);
#3409=ORIENTED_EDGE('',*,*,#2382,.F.);
#3410=ORIENTED_EDGE('',*,*,#2590,.T.);
#3411=ORIENTED_EDGE('',*,*,#2371,.T.);
#3412=ORIENTED_EDGE('',*,*,#2590,.F.);
#3413=ORIENTED_EDGE('',*,*,#2368,.T.);
#3414=ORIENTED_EDGE('',*,*,#2374,.F.);
#3415=ORIENTED_EDGE('',*,*,#2381,.F.);
#3416=ORIENTED_EDGE('',*,*,#2416,.F.);
#3417=ORIENTED_EDGE('',*,*,#2386,.T.);
#3418=ORIENTED_EDGE('',*,*,#2392,.F.);
#3419=ORIENTED_EDGE('',*,*,#2399,.F.);
#3420=ORIENTED_EDGE('',*,*,#2414,.F.);
#3421=ORIENTED_EDGE('',*,*,#2591,.F.);
#3422=ORIENTED_EDGE('',*,*,#2592,.T.);
#3423=ORIENTED_EDGE('',*,*,#2593,.F.);
#3424=ORIENTED_EDGE('',*,*,#2402,.F.);
#3425=ORIENTED_EDGE('',*,*,#2370,.T.);
#3426=ORIENTED_EDGE('',*,*,#2401,.F.);
#3427=ORIENTED_EDGE('',*,*,#2379,.F.);
#3428=ORIENTED_EDGE('',*,*,#2377,.F.);
#3429=ORIENTED_EDGE('',*,*,#2388,.T.);
#3430=ORIENTED_EDGE('',*,*,#2415,.F.);
#3431=ORIENTED_EDGE('',*,*,#2397,.F.);
#3432=ORIENTED_EDGE('',*,*,#2395,.F.);
#3433=ORIENTED_EDGE('',*,*,#2594,.F.);
#3434=ORIENTED_EDGE('',*,*,#2595,.T.);
#3435=ORIENTED_EDGE('',*,*,#2596,.T.);
#3436=ORIENTED_EDGE('',*,*,#2405,.T.);
#3437=ORIENTED_EDGE('',*,*,#2595,.F.);
#3438=ORIENTED_EDGE('',*,*,#2597,.T.);
#3439=ORIENTED_EDGE('',*,*,#2598,.T.);
#3440=ORIENTED_EDGE('',*,*,#2599,.T.);
#3441=ORIENTED_EDGE('',*,*,#2600,.F.);
#3442=ORIENTED_EDGE('',*,*,#2601,.F.);
#3443=ORIENTED_EDGE('',*,*,#2602,.F.);
#3444=ORIENTED_EDGE('',*,*,#2603,.T.);
#3445=ORIENTED_EDGE('',*,*,#2604,.T.);
#3446=ORIENTED_EDGE('',*,*,#2407,.T.);
#3447=ORIENTED_EDGE('',*,*,#2605,.T.);
#3448=ORIENTED_EDGE('',*,*,#2606,.T.);
#3449=ORIENTED_EDGE('',*,*,#2607,.T.);
#3450=ORIENTED_EDGE('',*,*,#2606,.F.);
#3451=ORIENTED_EDGE('',*,*,#2608,.T.);
#3452=ORIENTED_EDGE('',*,*,#2609,.F.);
#3453=ORIENTED_EDGE('',*,*,#2610,.F.);
#3454=ORIENTED_EDGE('',*,*,#2611,.F.);
#3455=ORIENTED_EDGE('',*,*,#2612,.T.);
#3456=ORIENTED_EDGE('',*,*,#2613,.T.);
#3457=ORIENTED_EDGE('',*,*,#2614,.F.);
#3458=ORIENTED_EDGE('',*,*,#2615,.T.);
#3459=ORIENTED_EDGE('',*,*,#2616,.T.);
#3460=ORIENTED_EDGE('',*,*,#2409,.T.);
#3461=ORIENTED_EDGE('',*,*,#2615,.F.);
#3462=ORIENTED_EDGE('',*,*,#2617,.T.);
#3463=ORIENTED_EDGE('',*,*,#2618,.F.);
#3464=ORIENTED_EDGE('',*,*,#2619,.T.);
#3465=ORIENTED_EDGE('',*,*,#2620,.F.);
#3466=ORIENTED_EDGE('',*,*,#2621,.F.);
#3467=ORIENTED_EDGE('',*,*,#2622,.F.);
#3468=ORIENTED_EDGE('',*,*,#2623,.T.);
#3469=ORIENTED_EDGE('',*,*,#2624,.T.);
#3470=ORIENTED_EDGE('',*,*,#2411,.T.);
#3471=ORIENTED_EDGE('',*,*,#2625,.T.);
#3472=ORIENTED_EDGE('',*,*,#2626,.T.);
#3473=ORIENTED_EDGE('',*,*,#2627,.T.);
#3474=ORIENTED_EDGE('',*,*,#2626,.F.);
#3475=ORIENTED_EDGE('',*,*,#2628,.T.);
#3476=ORIENTED_EDGE('',*,*,#2629,.F.);
#3477=ORIENTED_EDGE('',*,*,#2630,.F.);
#3478=ORIENTED_EDGE('',*,*,#2631,.F.);
#3479=ORIENTED_EDGE('',*,*,#2632,.F.);
#3480=ORIENTED_EDGE('',*,*,#2633,.T.);
#3481=ORIENTED_EDGE('',*,*,#2603,.F.);
#3482=ORIENTED_EDGE('',*,*,#2634,.T.);
#3483=ORIENTED_EDGE('',*,*,#2613,.F.);
#3484=ORIENTED_EDGE('',*,*,#2634,.F.);
#3485=ORIENTED_EDGE('',*,*,#2623,.F.);
#3486=ORIENTED_EDGE('',*,*,#2635,.T.);
#3487=ORIENTED_EDGE('',*,*,#2633,.F.);
#3488=ORIENTED_EDGE('',*,*,#2635,.F.);
#3489=ORIENTED_EDGE('',*,*,#2601,.T.);
#3490=ORIENTED_EDGE('',*,*,#2636,.T.);
#3491=ORIENTED_EDGE('',*,*,#2609,.T.);
#3492=ORIENTED_EDGE('',*,*,#2637,.T.);
#3493=ORIENTED_EDGE('',*,*,#2636,.F.);
#3494=ORIENTED_EDGE('',*,*,#2600,.T.);
#3495=ORIENTED_EDGE('',*,*,#2638,.T.);
#3496=ORIENTED_EDGE('',*,*,#2610,.T.);
#3497=ORIENTED_EDGE('',*,*,#2621,.T.);
#3498=ORIENTED_EDGE('',*,*,#2639,.T.);
#3499=ORIENTED_EDGE('',*,*,#2629,.T.);
#3500=ORIENTED_EDGE('',*,*,#2640,.T.);
#3501=ORIENTED_EDGE('',*,*,#2640,.F.);
#3502=ORIENTED_EDGE('',*,*,#2628,.F.);
#3503=ORIENTED_EDGE('',*,*,#2625,.F.);
#3504=ORIENTED_EDGE('',*,*,#2410,.F.);
#3505=ORIENTED_EDGE('',*,*,#2616,.F.);
#3506=ORIENTED_EDGE('',*,*,#2622,.T.);
#3507=ORIENTED_EDGE('',*,*,#2641,.F.);
#3508=ORIENTED_EDGE('',*,*,#2611,.T.);
#3509=ORIENTED_EDGE('',*,*,#2638,.F.);
#3510=ORIENTED_EDGE('',*,*,#2599,.F.);
#3511=ORIENTED_EDGE('',*,*,#2637,.F.);
#3512=ORIENTED_EDGE('',*,*,#2608,.F.);
#3513=ORIENTED_EDGE('',*,*,#2605,.F.);
#3514=ORIENTED_EDGE('',*,*,#2406,.F.);
#3515=ORIENTED_EDGE('',*,*,#2596,.F.);
#3516=ORIENTED_EDGE('',*,*,#2602,.T.);
#3517=ORIENTED_EDGE('',*,*,#2642,.F.);
#3518=ORIENTED_EDGE('',*,*,#2612,.F.);
#3519=ORIENTED_EDGE('',*,*,#2641,.T.);
#3520=ORIENTED_EDGE('',*,*,#2598,.F.);
#3521=ORIENTED_EDGE('',*,*,#2643,.F.);
#3522=ORIENTED_EDGE('',*,*,#2631,.T.);
#3523=ORIENTED_EDGE('',*,*,#2644,.F.);
#3524=ORIENTED_EDGE('',*,*,#2619,.F.);
#3525=ORIENTED_EDGE('',*,*,#2639,.F.);
#3526=ORIENTED_EDGE('',*,*,#2620,.T.);
#3527=ORIENTED_EDGE('',*,*,#2644,.T.);
#3528=ORIENTED_EDGE('',*,*,#2630,.T.);
#3529=ORIENTED_EDGE('',*,*,#2645,.F.);
#3530=ORIENTED_EDGE('',*,*,#2632,.T.);
#3531=ORIENTED_EDGE('',*,*,#2643,.T.);
#3532=ORIENTED_EDGE('',*,*,#2618,.T.);
#3533=ORIENTED_EDGE('',*,*,#2646,.T.);
#3534=ORIENTED_EDGE('',*,*,#2647,.F.);
#3535=ORIENTED_EDGE('',*,*,#2432,.T.);
#3536=ORIENTED_EDGE('',*,*,#2417,.T.);
#3537=ORIENTED_EDGE('',*,*,#2431,.T.);
#3538=ORIENTED_EDGE('',*,*,#2435,.T.);
#3539=ORIENTED_EDGE('',*,*,#2448,.T.);
#3540=ORIENTED_EDGE('',*,*,#2449,.T.);
#3541=ORIENTED_EDGE('',*,*,#2462,.T.);
#3542=ORIENTED_EDGE('',*,*,#2463,.T.);
#3543=ORIENTED_EDGE('',*,*,#2476,.T.);
#3544=ORIENTED_EDGE('',*,*,#2477,.T.);
#3545=ORIENTED_EDGE('',*,*,#2490,.T.);
#3546=ORIENTED_EDGE('',*,*,#2491,.T.);
#3547=ORIENTED_EDGE('',*,*,#2504,.T.);
#3548=ORIENTED_EDGE('',*,*,#2505,.T.);
#3549=ORIENTED_EDGE('',*,*,#2518,.T.);
#3550=ORIENTED_EDGE('',*,*,#2519,.T.);
#3551=ORIENTED_EDGE('',*,*,#2532,.T.);
#3552=ORIENTED_EDGE('',*,*,#2533,.T.);
#3553=ORIENTED_EDGE('',*,*,#2546,.T.);
#3554=ORIENTED_EDGE('',*,*,#2547,.T.);
#3555=ORIENTED_EDGE('',*,*,#2560,.T.);
#3556=ORIENTED_EDGE('',*,*,#2561,.T.);
#3557=ORIENTED_EDGE('',*,*,#2574,.T.);
#3558=ORIENTED_EDGE('',*,*,#2575,.T.);
#3559=ORIENTED_EDGE('',*,*,#2588,.T.);
#3560=ORIENTED_EDGE('',*,*,#2648,.T.);
#3561=ORIENTED_EDGE('',*,*,#2649,.F.);
#3562=ORIENTED_EDGE('',*,*,#2587,.T.);
#3563=ORIENTED_EDGE('',*,*,#2650,.T.);
#3564=ORIENTED_EDGE('',*,*,#2651,.T.);
#3565=ORIENTED_EDGE('',*,*,#2648,.F.);
#3566=ORIENTED_EDGE('',*,*,#2586,.T.);
#3567=ORIENTED_EDGE('',*,*,#2582,.T.);
#3568=ORIENTED_EDGE('',*,*,#2572,.T.);
#3569=ORIENTED_EDGE('',*,*,#2568,.T.);
#3570=ORIENTED_EDGE('',*,*,#2558,.T.);
#3571=ORIENTED_EDGE('',*,*,#2554,.T.);
#3572=ORIENTED_EDGE('',*,*,#2544,.T.);
#3573=ORIENTED_EDGE('',*,*,#2540,.T.);
#3574=ORIENTED_EDGE('',*,*,#2530,.T.);
#3575=ORIENTED_EDGE('',*,*,#2526,.T.);
#3576=ORIENTED_EDGE('',*,*,#2516,.T.);
#3577=ORIENTED_EDGE('',*,*,#2512,.T.);
#3578=ORIENTED_EDGE('',*,*,#2502,.T.);
#3579=ORIENTED_EDGE('',*,*,#2498,.T.);
#3580=ORIENTED_EDGE('',*,*,#2488,.T.);
#3581=ORIENTED_EDGE('',*,*,#2484,.T.);
#3582=ORIENTED_EDGE('',*,*,#2474,.T.);
#3583=ORIENTED_EDGE('',*,*,#2470,.T.);
#3584=ORIENTED_EDGE('',*,*,#2460,.T.);
#3585=ORIENTED_EDGE('',*,*,#2456,.T.);
#3586=ORIENTED_EDGE('',*,*,#2446,.T.);
#3587=ORIENTED_EDGE('',*,*,#2442,.T.);
#3588=ORIENTED_EDGE('',*,*,#2429,.T.);
#3589=ORIENTED_EDGE('',*,*,#2424,.T.);
#3590=ORIENTED_EDGE('',*,*,#2434,.T.);
#3591=ORIENTED_EDGE('',*,*,#2652,.T.);
#3592=ORIENTED_EDGE('',*,*,#2653,.T.);
#3593=ORIENTED_EDGE('',*,*,#2654,.F.);
#3594=ORIENTED_EDGE('',*,*,#2650,.F.);
#3595=ORIENTED_EDGE('',*,*,#2646,.F.);
#3596=ORIENTED_EDGE('',*,*,#2655,.T.);
#3597=ORIENTED_EDGE('',*,*,#2656,.T.);
#3598=ORIENTED_EDGE('',*,*,#2657,.T.);
#3599=ORIENTED_EDGE('',*,*,#2649,.T.);
#3600=ORIENTED_EDGE('',*,*,#2651,.F.);
#3601=ORIENTED_EDGE('',*,*,#2654,.T.);
#3602=ORIENTED_EDGE('',*,*,#2658,.F.);
#3603=ORIENTED_EDGE('',*,*,#2659,.T.);
#3604=ORIENTED_EDGE('',*,*,#2655,.F.);
#3605=ORIENTED_EDGE('',*,*,#2653,.F.);
#3606=ORIENTED_EDGE('',*,*,#2660,.F.);
#3607=ORIENTED_EDGE('',*,*,#2661,.F.);
#3608=ORIENTED_EDGE('',*,*,#2658,.T.);
#3609=ORIENTED_EDGE('',*,*,#2661,.T.);
#3610=ORIENTED_EDGE('',*,*,#2662,.F.);
#3611=ORIENTED_EDGE('',*,*,#2663,.F.);
#3612=ORIENTED_EDGE('',*,*,#2664,.T.);
#3613=ORIENTED_EDGE('',*,*,#2665,.T.);
#3614=ORIENTED_EDGE('',*,*,#2666,.T.);
#3615=ORIENTED_EDGE('',*,*,#2656,.F.);
#3616=ORIENTED_EDGE('',*,*,#2659,.F.);
#3617=ORIENTED_EDGE('',*,*,#2667,.F.);
#3618=ORIENTED_EDGE('',*,*,#2592,.F.);
#3619=ORIENTED_EDGE('',*,*,#2668,.T.);
#3620=ORIENTED_EDGE('',*,*,#2664,.F.);
#3621=ORIENTED_EDGE('',*,*,#2669,.F.);
#3622=ORIENTED_EDGE('',*,*,#2662,.T.);
#3623=ORIENTED_EDGE('',*,*,#2660,.T.);
#3624=ORIENTED_EDGE('',*,*,#2652,.F.);
#3625=ORIENTED_EDGE('',*,*,#2670,.F.);
#3626=ORIENTED_EDGE('',*,*,#2671,.T.);
#3627=ORIENTED_EDGE('',*,*,#2672,.F.);
#3628=ORIENTED_EDGE('',*,*,#2647,.T.);
#3629=ORIENTED_EDGE('',*,*,#2657,.F.);
#3630=ORIENTED_EDGE('',*,*,#2666,.F.);
#3631=ORIENTED_EDGE('',*,*,#2413,.T.);
#3632=ORIENTED_EDGE('',*,*,#2673,.T.);
#3633=ORIENTED_EDGE('',*,*,#2671,.F.);
#3634=ORIENTED_EDGE('',*,*,#2665,.F.);
#3635=ORIENTED_EDGE('',*,*,#2668,.F.);
#3636=ORIENTED_EDGE('',*,*,#2591,.T.);
#3637=ORIENTED_EDGE('',*,*,#2412,.T.);
#3638=ORIENTED_EDGE('',*,*,#2624,.F.);
#3639=ORIENTED_EDGE('',*,*,#2627,.F.);
#3640=ORIENTED_EDGE('',*,*,#2645,.T.);
#3641=ORIENTED_EDGE('',*,*,#2617,.F.);
#3642=ORIENTED_EDGE('',*,*,#2614,.T.);
#3643=ORIENTED_EDGE('',*,*,#2408,.T.);
#3644=ORIENTED_EDGE('',*,*,#2604,.F.);
#3645=ORIENTED_EDGE('',*,*,#2607,.F.);
#3646=ORIENTED_EDGE('',*,*,#2642,.T.);
#3647=ORIENTED_EDGE('',*,*,#2597,.F.);
#3648=ORIENTED_EDGE('',*,*,#2594,.T.);
#3649=ORIENTED_EDGE('',*,*,#2404,.T.);
#3650=ORIENTED_EDGE('',*,*,#2674,.F.);
#3651=ORIENTED_EDGE('',*,*,#2670,.T.);
#3652=ORIENTED_EDGE('',*,*,#2433,.T.);
#3653=ORIENTED_EDGE('',*,*,#2672,.T.);
#3654=ORIENTED_EDGE('',*,*,#2673,.F.);
#3655=ORIENTED_EDGE('',*,*,#2663,.T.);
#3656=ORIENTED_EDGE('',*,*,#2669,.T.);
#3657=ORIENTED_EDGE('',*,*,#2674,.T.);
#3658=ORIENTED_EDGE('',*,*,#2403,.T.);
#3659=ORIENTED_EDGE('',*,*,#2593,.T.);
#3660=ORIENTED_EDGE('',*,*,#2667,.T.);
#3661=ORIENTED_EDGE('',*,*,#2675,.T.);
#3662=ORIENTED_EDGE('',*,*,#2676,.T.);
#3663=ORIENTED_EDGE('',*,*,#2677,.T.);
#3664=ORIENTED_EDGE('',*,*,#2678,.T.);
#3665=ORIENTED_EDGE('',*,*,#2679,.T.);
#3666=ORIENTED_EDGE('',*,*,#2680,.T.);
#3667=ORIENTED_EDGE('',*,*,#2681,.F.);
#3668=ORIENTED_EDGE('',*,*,#2682,.F.);
#3669=ORIENTED_EDGE('',*,*,#2683,.T.);
#3670=ORIENTED_EDGE('',*,*,#2684,.T.);
#3671=ORIENTED_EDGE('',*,*,#2685,.F.);
#3672=ORIENTED_EDGE('',*,*,#2686,.T.);
#3673=ORIENTED_EDGE('',*,*,#2687,.T.);
#3674=ORIENTED_EDGE('',*,*,#2688,.T.);
#3675=ORIENTED_EDGE('',*,*,#2676,.F.);
#3676=ORIENTED_EDGE('',*,*,#2689,.T.);
#3677=ORIENTED_EDGE('',*,*,#2690,.T.);
#3678=ORIENTED_EDGE('',*,*,#2691,.T.);
#3679=ORIENTED_EDGE('',*,*,#2685,.T.);
#3680=ORIENTED_EDGE('',*,*,#2692,.T.);
#3681=ORIENTED_EDGE('',*,*,#2693,.T.);
#3682=ORIENTED_EDGE('',*,*,#2694,.T.);
#3683=ORIENTED_EDGE('',*,*,#2695,.T.);
#3684=ORIENTED_EDGE('',*,*,#2696,.T.);
#3685=ORIENTED_EDGE('',*,*,#2697,.T.);
#3686=ORIENTED_EDGE('',*,*,#2698,.T.);
#3687=ORIENTED_EDGE('',*,*,#2699,.F.);
#3688=ORIENTED_EDGE('',*,*,#2700,.T.);
#3689=ORIENTED_EDGE('',*,*,#2701,.F.);
#3690=ORIENTED_EDGE('',*,*,#2700,.F.);
#3691=ORIENTED_EDGE('',*,*,#2702,.F.);
#3692=ORIENTED_EDGE('',*,*,#2703,.T.);
#3693=ORIENTED_EDGE('',*,*,#2704,.T.);
#3694=ORIENTED_EDGE('',*,*,#2705,.F.);
#3695=ORIENTED_EDGE('',*,*,#2706,.F.);
#3696=ORIENTED_EDGE('',*,*,#2707,.T.);
#3697=ORIENTED_EDGE('',*,*,#2708,.T.);
#3698=ORIENTED_EDGE('',*,*,#2703,.F.);
#3699=ORIENTED_EDGE('',*,*,#2709,.F.);
#3700=ORIENTED_EDGE('',*,*,#2710,.T.);
#3701=ORIENTED_EDGE('',*,*,#2711,.T.);
#3702=ORIENTED_EDGE('',*,*,#2707,.F.);
#3703=ORIENTED_EDGE('',*,*,#2712,.F.);
#3704=ORIENTED_EDGE('',*,*,#2713,.T.);
#3705=ORIENTED_EDGE('',*,*,#2714,.T.);
#3706=ORIENTED_EDGE('',*,*,#2710,.F.);
#3707=ORIENTED_EDGE('',*,*,#2715,.F.);
#3708=ORIENTED_EDGE('',*,*,#2716,.T.);
#3709=ORIENTED_EDGE('',*,*,#2717,.T.);
#3710=ORIENTED_EDGE('',*,*,#2713,.F.);
#3711=ORIENTED_EDGE('',*,*,#2718,.F.);
#3712=ORIENTED_EDGE('',*,*,#2705,.T.);
#3713=ORIENTED_EDGE('',*,*,#2719,.T.);
#3714=ORIENTED_EDGE('',*,*,#2716,.F.);
#3715=ORIENTED_EDGE('',*,*,#2719,.F.);
#3716=ORIENTED_EDGE('',*,*,#2704,.F.);
#3717=ORIENTED_EDGE('',*,*,#2708,.F.);
#3718=ORIENTED_EDGE('',*,*,#2711,.F.);
#3719=ORIENTED_EDGE('',*,*,#2714,.F.);
#3720=ORIENTED_EDGE('',*,*,#2717,.F.);
#3721=ORIENTED_EDGE('',*,*,#2699,.T.);
#3722=ORIENTED_EDGE('',*,*,#2720,.F.);
#3723=ORIENTED_EDGE('',*,*,#2721,.T.);
#3724=ORIENTED_EDGE('',*,*,#2722,.T.);
#3725=ORIENTED_EDGE('',*,*,#2723,.F.);
#3726=ORIENTED_EDGE('',*,*,#2724,.F.);
#3727=ORIENTED_EDGE('',*,*,#2722,.F.);
#3728=ORIENTED_EDGE('',*,*,#2725,.F.);
#3729=ORIENTED_EDGE('',*,*,#2698,.F.);
#3730=ORIENTED_EDGE('',*,*,#2726,.F.);
#3731=ORIENTED_EDGE('',*,*,#2727,.T.);
#3732=ORIENTED_EDGE('',*,*,#2728,.T.);
#3733=ORIENTED_EDGE('',*,*,#2729,.F.);
#3734=ORIENTED_EDGE('',*,*,#2728,.F.);
#3735=ORIENTED_EDGE('',*,*,#2730,.F.);
#3736=ORIENTED_EDGE('',*,*,#2683,.F.);
#3737=ORIENTED_EDGE('',*,*,#2731,.F.);
#3738=ORIENTED_EDGE('',*,*,#2732,.F.);
#3739=ORIENTED_EDGE('',*,*,#2733,.T.);
#3740=ORIENTED_EDGE('',*,*,#2734,.F.);
#3741=ORIENTED_EDGE('',*,*,#2735,.F.);
#3742=ORIENTED_EDGE('',*,*,#2736,.F.);
#3743=ORIENTED_EDGE('',*,*,#2734,.T.);
#3744=ORIENTED_EDGE('',*,*,#2737,.T.);
#3745=ORIENTED_EDGE('',*,*,#2696,.F.);
#3746=ORIENTED_EDGE('',*,*,#2738,.F.);
#3747=ORIENTED_EDGE('',*,*,#2739,.T.);
#3748=ORIENTED_EDGE('',*,*,#2740,.F.);
#3749=ORIENTED_EDGE('',*,*,#2741,.F.);
#3750=ORIENTED_EDGE('',*,*,#2740,.T.);
#3751=ORIENTED_EDGE('',*,*,#2742,.T.);
#3752=ORIENTED_EDGE('',*,*,#2681,.T.);
#3753=ORIENTED_EDGE('',*,*,#2743,.T.);
#3754=ORIENTED_EDGE('',*,*,#2693,.F.);
#3755=ORIENTED_EDGE('',*,*,#2744,.T.);
#3756=ORIENTED_EDGE('',*,*,#2745,.F.);
#3757=ORIENTED_EDGE('',*,*,#2746,.F.);
#3758=ORIENTED_EDGE('',*,*,#2747,.F.);
#3759=ORIENTED_EDGE('',*,*,#2748,.F.);
#3760=ORIENTED_EDGE('',*,*,#2694,.F.);
#3761=ORIENTED_EDGE('',*,*,#2749,.T.);
#3762=ORIENTED_EDGE('',*,*,#2750,.T.);
#3763=ORIENTED_EDGE('',*,*,#2751,.T.);
#3764=ORIENTED_EDGE('',*,*,#2738,.T.);
#3765=ORIENTED_EDGE('',*,*,#2752,.T.);
#3766=ORIENTED_EDGE('',*,*,#2732,.T.);
#3767=ORIENTED_EDGE('',*,*,#2753,.T.);
#3768=ORIENTED_EDGE('',*,*,#2720,.T.);
#3769=ORIENTED_EDGE('',*,*,#2754,.T.);
#3770=ORIENTED_EDGE('',*,*,#2726,.T.);
#3771=ORIENTED_EDGE('',*,*,#2755,.F.);
#3772=ORIENTED_EDGE('',*,*,#2756,.T.);
#3773=ORIENTED_EDGE('',*,*,#2749,.F.);
#3774=ORIENTED_EDGE('',*,*,#2750,.F.);
#3775=ORIENTED_EDGE('',*,*,#2756,.F.);
#3776=ORIENTED_EDGE('',*,*,#2757,.F.);
#3777=ORIENTED_EDGE('',*,*,#2758,.F.);
#3778=ORIENTED_EDGE('',*,*,#2759,.T.);
#3779=ORIENTED_EDGE('',*,*,#2760,.F.);
#3780=ORIENTED_EDGE('',*,*,#2759,.F.);
#3781=ORIENTED_EDGE('',*,*,#2761,.T.);
#3782=ORIENTED_EDGE('',*,*,#2762,.T.);
#3783=ORIENTED_EDGE('',*,*,#2763,.T.);
#3784=ORIENTED_EDGE('',*,*,#2764,.T.);
#3785=ORIENTED_EDGE('',*,*,#2763,.F.);
#3786=ORIENTED_EDGE('',*,*,#2765,.F.);
#3787=ORIENTED_EDGE('',*,*,#2766,.F.);
#3788=ORIENTED_EDGE('',*,*,#2767,.F.);
#3789=ORIENTED_EDGE('',*,*,#2690,.F.);
#3790=ORIENTED_EDGE('',*,*,#2768,.T.);
#3791=ORIENTED_EDGE('',*,*,#2760,.T.);
#3792=ORIENTED_EDGE('',*,*,#2762,.F.);
#3793=ORIENTED_EDGE('',*,*,#2769,.T.);
#3794=ORIENTED_EDGE('',*,*,#2770,.F.);
#3795=ORIENTED_EDGE('',*,*,#2765,.T.);
#3796=ORIENTED_EDGE('',*,*,#2766,.T.);
#3797=ORIENTED_EDGE('',*,*,#2770,.T.);
#3798=ORIENTED_EDGE('',*,*,#2771,.T.);
#3799=ORIENTED_EDGE('',*,*,#2772,.T.);
#3800=ORIENTED_EDGE('',*,*,#2747,.T.);
#3801=ORIENTED_EDGE('',*,*,#2773,.T.);
#3802=ORIENTED_EDGE('',*,*,#2774,.T.);
#3803=ORIENTED_EDGE('',*,*,#2775,.T.);
#3804=ORIENTED_EDGE('',*,*,#2774,.F.);
#3805=ORIENTED_EDGE('',*,*,#2776,.F.);
#3806=ORIENTED_EDGE('',*,*,#2777,.F.);
#3807=ORIENTED_EDGE('',*,*,#2778,.F.);
#3808=ORIENTED_EDGE('',*,*,#2687,.F.);
#3809=ORIENTED_EDGE('',*,*,#2779,.T.);
#3810=ORIENTED_EDGE('',*,*,#2755,.T.);
#3811=ORIENTED_EDGE('',*,*,#2773,.F.);
#3812=ORIENTED_EDGE('',*,*,#2746,.T.);
#3813=ORIENTED_EDGE('',*,*,#2780,.F.);
#3814=ORIENTED_EDGE('',*,*,#2776,.T.);
#3815=ORIENTED_EDGE('',*,*,#2777,.T.);
#3816=ORIENTED_EDGE('',*,*,#2780,.T.);
#3817=ORIENTED_EDGE('',*,*,#2745,.T.);
#3818=ORIENTED_EDGE('',*,*,#2781,.T.);
#3819=ORIENTED_EDGE('',*,*,#2764,.F.);
#3820=ORIENTED_EDGE('',*,*,#2768,.F.);
#3821=ORIENTED_EDGE('',*,*,#2689,.F.);
#3822=ORIENTED_EDGE('',*,*,#2675,.F.);
#3823=ORIENTED_EDGE('',*,*,#2782,.T.);
#3824=ORIENTED_EDGE('',*,*,#2772,.F.);
#3825=ORIENTED_EDGE('',*,*,#2783,.F.);
#3826=ORIENTED_EDGE('',*,*,#2677,.F.);
#3827=ORIENTED_EDGE('',*,*,#2688,.F.);
#3828=ORIENTED_EDGE('',*,*,#2767,.T.);
#3829=ORIENTED_EDGE('',*,*,#2775,.F.);
#3830=ORIENTED_EDGE('',*,*,#2779,.F.);
#3831=ORIENTED_EDGE('',*,*,#2686,.F.);
#3832=ORIENTED_EDGE('',*,*,#2691,.F.);
#3833=ORIENTED_EDGE('',*,*,#2748,.T.);
#3834=ORIENTED_EDGE('',*,*,#2781,.F.);
#3835=ORIENTED_EDGE('',*,*,#2744,.F.);
#3836=ORIENTED_EDGE('',*,*,#2692,.F.);
#3837=ORIENTED_EDGE('',*,*,#2684,.F.);
#3838=ORIENTED_EDGE('',*,*,#2778,.T.);
#3839=ORIENTED_EDGE('',*,*,#2678,.F.);
#3840=ORIENTED_EDGE('',*,*,#2783,.T.);
#3841=ORIENTED_EDGE('',*,*,#2771,.F.);
#3842=ORIENTED_EDGE('',*,*,#2769,.F.);
#3843=ORIENTED_EDGE('',*,*,#2761,.F.);
#3844=ORIENTED_EDGE('',*,*,#2782,.F.);
#3845=ORIENTED_EDGE('',*,*,#2679,.F.);
#3846=ORIENTED_EDGE('',*,*,#2757,.T.);
#3847=ORIENTED_EDGE('',*,*,#2758,.T.);
#3848=ORIENTED_EDGE('',*,*,#2682,.T.);
#3849=ORIENTED_EDGE('',*,*,#2742,.F.);
#3850=ORIENTED_EDGE('',*,*,#2739,.F.);
#3851=ORIENTED_EDGE('',*,*,#2751,.F.);
#3852=ORIENTED_EDGE('',*,*,#2735,.T.);
#3853=ORIENTED_EDGE('',*,*,#2736,.T.);
#3854=ORIENTED_EDGE('',*,*,#2695,.F.);
#3855=ORIENTED_EDGE('',*,*,#2725,.T.);
#3856=ORIENTED_EDGE('',*,*,#2721,.F.);
#3857=ORIENTED_EDGE('',*,*,#2753,.F.);
#3858=ORIENTED_EDGE('',*,*,#2729,.T.);
#3859=ORIENTED_EDGE('',*,*,#2731,.T.);
#3860=ORIENTED_EDGE('',*,*,#2702,.T.);
#3861=ORIENTED_EDGE('',*,*,#2718,.T.);
#3862=ORIENTED_EDGE('',*,*,#2715,.T.);
#3863=ORIENTED_EDGE('',*,*,#2712,.T.);
#3864=ORIENTED_EDGE('',*,*,#2709,.T.);
#3865=ORIENTED_EDGE('',*,*,#2706,.T.);
#3866=ORIENTED_EDGE('',*,*,#2737,.F.);
#3867=ORIENTED_EDGE('',*,*,#2733,.F.);
#3868=ORIENTED_EDGE('',*,*,#2752,.F.);
#3869=ORIENTED_EDGE('',*,*,#2741,.T.);
#3870=ORIENTED_EDGE('',*,*,#2743,.F.);
#3871=ORIENTED_EDGE('',*,*,#2680,.F.);
#3872=ORIENTED_EDGE('',*,*,#2730,.T.);
#3873=ORIENTED_EDGE('',*,*,#2727,.F.);
#3874=ORIENTED_EDGE('',*,*,#2754,.F.);
#3875=ORIENTED_EDGE('',*,*,#2723,.T.);
#3876=ORIENTED_EDGE('',*,*,#2724,.T.);
#3877=ORIENTED_EDGE('',*,*,#2697,.F.);
#3878=ORIENTED_EDGE('',*,*,#2701,.T.);
#3879=ORIENTED_EDGE('',*,*,#2784,.T.);
#3880=ORIENTED_EDGE('',*,*,#2785,.T.);
#3881=ORIENTED_EDGE('',*,*,#2786,.F.);
#3882=ORIENTED_EDGE('',*,*,#2787,.T.);
#3883=ORIENTED_EDGE('',*,*,#2788,.T.);
#3884=ORIENTED_EDGE('',*,*,#2789,.T.);
#3885=ORIENTED_EDGE('',*,*,#2790,.F.);
#3886=ORIENTED_EDGE('',*,*,#2791,.T.);
#3887=ORIENTED_EDGE('',*,*,#2792,.F.);
#3888=ORIENTED_EDGE('',*,*,#2793,.T.);
#3889=ORIENTED_EDGE('',*,*,#2794,.F.);
#3890=ORIENTED_EDGE('',*,*,#2790,.T.);
#3891=ORIENTED_EDGE('',*,*,#2795,.T.);
#3892=ORIENTED_EDGE('',*,*,#2784,.F.);
#3893=ORIENTED_EDGE('',*,*,#2796,.F.);
#3894=ORIENTED_EDGE('',*,*,#2797,.F.);
#3895=ORIENTED_EDGE('',*,*,#2798,.F.);
#3896=ORIENTED_EDGE('',*,*,#2793,.F.);
#3897=ORIENTED_EDGE('',*,*,#2785,.F.);
#3898=ORIENTED_EDGE('',*,*,#2795,.F.);
#3899=ORIENTED_EDGE('',*,*,#2789,.F.);
#3900=ORIENTED_EDGE('',*,*,#2799,.F.);
#3901=ORIENTED_EDGE('',*,*,#2800,.F.);
#3902=ORIENTED_EDGE('',*,*,#2786,.T.);
#3903=ORIENTED_EDGE('',*,*,#2799,.T.);
#3904=ORIENTED_EDGE('',*,*,#2788,.F.);
#3905=ORIENTED_EDGE('',*,*,#2801,.F.);
#3906=ORIENTED_EDGE('',*,*,#2797,.T.);
#3907=ORIENTED_EDGE('',*,*,#2792,.T.);
#3908=ORIENTED_EDGE('',*,*,#2802,.T.);
#3909=ORIENTED_EDGE('',*,*,#2803,.T.);
#3910=ORIENTED_EDGE('',*,*,#2804,.T.);
#3911=ORIENTED_EDGE('',*,*,#2794,.T.);
#3912=ORIENTED_EDGE('',*,*,#2798,.T.);
#3913=ORIENTED_EDGE('',*,*,#2801,.T.);
#3914=ORIENTED_EDGE('',*,*,#2805,.T.);
#3915=ORIENTED_EDGE('',*,*,#2806,.T.);
#3916=ORIENTED_EDGE('',*,*,#2807,.T.);
#3917=ORIENTED_EDGE('',*,*,#2800,.T.);
#3918=ORIENTED_EDGE('',*,*,#2796,.T.);
#3919=ORIENTED_EDGE('',*,*,#2807,.F.);
#3920=ORIENTED_EDGE('',*,*,#2808,.T.);
#3921=ORIENTED_EDGE('',*,*,#2809,.T.);
#3922=ORIENTED_EDGE('',*,*,#2810,.T.);
#3923=ORIENTED_EDGE('',*,*,#2802,.F.);
#3924=ORIENTED_EDGE('',*,*,#2787,.F.);
#3925=ORIENTED_EDGE('',*,*,#2806,.F.);
#3926=ORIENTED_EDGE('',*,*,#2811,.F.);
#3927=ORIENTED_EDGE('',*,*,#2812,.T.);
#3928=ORIENTED_EDGE('',*,*,#2813,.T.);
#3929=ORIENTED_EDGE('',*,*,#2808,.F.);
#3930=ORIENTED_EDGE('',*,*,#2803,.F.);
#3931=ORIENTED_EDGE('',*,*,#2810,.F.);
#3932=ORIENTED_EDGE('',*,*,#2814,.F.);
#3933=ORIENTED_EDGE('',*,*,#2815,.T.);
#3934=ORIENTED_EDGE('',*,*,#2816,.T.);
#3935=ORIENTED_EDGE('',*,*,#2817,.T.);
#3936=ORIENTED_EDGE('',*,*,#2814,.T.);
#3937=ORIENTED_EDGE('',*,*,#2809,.F.);
#3938=ORIENTED_EDGE('',*,*,#2813,.F.);
#3939=ORIENTED_EDGE('',*,*,#2804,.F.);
#3940=ORIENTED_EDGE('',*,*,#2816,.F.);
#3941=ORIENTED_EDGE('',*,*,#2818,.T.);
#3942=ORIENTED_EDGE('',*,*,#2811,.T.);
#3943=ORIENTED_EDGE('',*,*,#2805,.F.);
#3944=ORIENTED_EDGE('',*,*,#2791,.F.);
#3945=ORIENTED_EDGE('',*,*,#2818,.F.);
#3946=ORIENTED_EDGE('',*,*,#2815,.F.);
#3947=ORIENTED_EDGE('',*,*,#2817,.F.);
#3948=ORIENTED_EDGE('',*,*,#2812,.F.);
#3949=ORIENTED_EDGE('',*,*,#2819,.T.);
#3950=ORIENTED_EDGE('',*,*,#2820,.T.);
#3951=ORIENTED_EDGE('',*,*,#2821,.T.);
#3952=ORIENTED_EDGE('',*,*,#2822,.T.);
#3953=ORIENTED_EDGE('',*,*,#2823,.T.);
#3954=ORIENTED_EDGE('',*,*,#2824,.T.);
#3955=ORIENTED_EDGE('',*,*,#2825,.F.);
#3956=ORIENTED_EDGE('',*,*,#2826,.T.);
#3957=ORIENTED_EDGE('',*,*,#2824,.F.);
#3958=ORIENTED_EDGE('',*,*,#2826,.F.);
#3959=ORIENTED_EDGE('',*,*,#2827,.F.);
#3960=ORIENTED_EDGE('',*,*,#2828,.T.);
#3961=ORIENTED_EDGE('',*,*,#2823,.F.);
#3962=ORIENTED_EDGE('',*,*,#2828,.F.);
#3963=ORIENTED_EDGE('',*,*,#2829,.F.);
#3964=ORIENTED_EDGE('',*,*,#2830,.F.);
#3965=ORIENTED_EDGE('',*,*,#2831,.F.);
#3966=ORIENTED_EDGE('',*,*,#2820,.F.);
#3967=ORIENTED_EDGE('',*,*,#2831,.T.);
#3968=ORIENTED_EDGE('',*,*,#2832,.F.);
#3969=ORIENTED_EDGE('',*,*,#2833,.F.);
#3970=ORIENTED_EDGE('',*,*,#2821,.F.);
#3971=ORIENTED_EDGE('',*,*,#2833,.T.);
#3972=ORIENTED_EDGE('',*,*,#2834,.F.);
#3973=ORIENTED_EDGE('',*,*,#2835,.F.);
#3974=ORIENTED_EDGE('',*,*,#2822,.F.);
#3975=ORIENTED_EDGE('',*,*,#2835,.T.);
#3976=ORIENTED_EDGE('',*,*,#2836,.F.);
#3977=ORIENTED_EDGE('',*,*,#2829,.T.);
#3978=ORIENTED_EDGE('',*,*,#2819,.F.);
#3979=ORIENTED_EDGE('',*,*,#2836,.T.);
#3980=ORIENTED_EDGE('',*,*,#2834,.T.);
#3981=ORIENTED_EDGE('',*,*,#2832,.T.);
#3982=ORIENTED_EDGE('',*,*,#2830,.T.);
#3983=ORIENTED_EDGE('',*,*,#2827,.T.);
#3984=ORIENTED_EDGE('',*,*,#2825,.T.);
#3985=ORIENTED_EDGE('',*,*,#2837,.F.);
#3986=ORIENTED_EDGE('',*,*,#2838,.T.);
#3987=ORIENTED_EDGE('',*,*,#2839,.F.);
#3988=ORIENTED_EDGE('',*,*,#2838,.F.);
#3989=ORIENTED_EDGE('',*,*,#2840,.F.);
#3990=ORIENTED_EDGE('',*,*,#2841,.T.);
#3991=ORIENTED_EDGE('',*,*,#2842,.F.);
#3992=ORIENTED_EDGE('',*,*,#2841,.F.);
#3993=ORIENTED_EDGE('',*,*,#2843,.F.);
#3994=ORIENTED_EDGE('',*,*,#2844,.T.);
#3995=ORIENTED_EDGE('',*,*,#2845,.F.);
#3996=ORIENTED_EDGE('',*,*,#2846,.T.);
#3997=ORIENTED_EDGE('',*,*,#2845,.T.);
#3998=ORIENTED_EDGE('',*,*,#2847,.F.);
#3999=ORIENTED_EDGE('',*,*,#2848,.F.);
#4000=ORIENTED_EDGE('',*,*,#2849,.F.);
#4001=ORIENTED_EDGE('',*,*,#2844,.F.);
#4002=ORIENTED_EDGE('',*,*,#2850,.F.);
#4003=ORIENTED_EDGE('',*,*,#2851,.T.);
#4004=ORIENTED_EDGE('',*,*,#2852,.T.);
#4005=ORIENTED_EDGE('',*,*,#2853,.T.);
#4006=ORIENTED_EDGE('',*,*,#2854,.F.);
#4007=ORIENTED_EDGE('',*,*,#2855,.F.);
#4008=ORIENTED_EDGE('',*,*,#2856,.T.);
#4009=ORIENTED_EDGE('',*,*,#2857,.T.);
#4010=ORIENTED_EDGE('',*,*,#2858,.T.);
#4011=ORIENTED_EDGE('',*,*,#2859,.F.);
#4012=ORIENTED_EDGE('',*,*,#2860,.T.);
#4013=ORIENTED_EDGE('',*,*,#2861,.T.);
#4014=ORIENTED_EDGE('',*,*,#2862,.T.);
#4015=ORIENTED_EDGE('',*,*,#2863,.T.);
#4016=ORIENTED_EDGE('',*,*,#2864,.F.);
#4017=ORIENTED_EDGE('',*,*,#2865,.F.);
#4018=ORIENTED_EDGE('',*,*,#2866,.F.);
#4019=ORIENTED_EDGE('',*,*,#2867,.T.);
#4020=ORIENTED_EDGE('',*,*,#2868,.T.);
#4021=ORIENTED_EDGE('',*,*,#2869,.T.);
#4022=ORIENTED_EDGE('',*,*,#2870,.F.);
#4023=ORIENTED_EDGE('',*,*,#2871,.F.);
#4024=ORIENTED_EDGE('',*,*,#2872,.F.);
#4025=ORIENTED_EDGE('',*,*,#2873,.T.);
#4026=ORIENTED_EDGE('',*,*,#2874,.T.);
#4027=ORIENTED_EDGE('',*,*,#2875,.T.);
#4028=ORIENTED_EDGE('',*,*,#2847,.T.);
#4029=ORIENTED_EDGE('',*,*,#2839,.T.);
#4030=ORIENTED_EDGE('',*,*,#2842,.T.);
#4031=ORIENTED_EDGE('',*,*,#2876,.T.);
#4032=ORIENTED_EDGE('',*,*,#2877,.T.);
#4033=ORIENTED_EDGE('',*,*,#2878,.T.);
#4034=ORIENTED_EDGE('',*,*,#2879,.T.);
#4035=ORIENTED_EDGE('',*,*,#2880,.T.);
#4036=ORIENTED_EDGE('',*,*,#2881,.T.);
#4037=ORIENTED_EDGE('',*,*,#2882,.T.);
#4038=ORIENTED_EDGE('',*,*,#2883,.T.);
#4039=ORIENTED_EDGE('',*,*,#2884,.T.);
#4040=ORIENTED_EDGE('',*,*,#2885,.T.);
#4041=ORIENTED_EDGE('',*,*,#2886,.T.);
#4042=ORIENTED_EDGE('',*,*,#2887,.T.);
#4043=ORIENTED_EDGE('',*,*,#2888,.T.);
#4044=ORIENTED_EDGE('',*,*,#2889,.F.);
#4045=ORIENTED_EDGE('',*,*,#2858,.F.);
#4046=ORIENTED_EDGE('',*,*,#2889,.T.);
#4047=ORIENTED_EDGE('',*,*,#2890,.T.);
#4048=ORIENTED_EDGE('',*,*,#2891,.F.);
#4049=ORIENTED_EDGE('',*,*,#2859,.T.);
#4050=ORIENTED_EDGE('',*,*,#2843,.T.);
#4051=ORIENTED_EDGE('',*,*,#2892,.T.);
#4052=ORIENTED_EDGE('',*,*,#2893,.T.);
#4053=ORIENTED_EDGE('',*,*,#2850,.T.);
#4054=ORIENTED_EDGE('',*,*,#2894,.T.);
#4055=ORIENTED_EDGE('',*,*,#2855,.T.);
#4056=ORIENTED_EDGE('',*,*,#2895,.F.);
#4057=ORIENTED_EDGE('',*,*,#2896,.F.);
#4058=ORIENTED_EDGE('',*,*,#2854,.T.);
#4059=ORIENTED_EDGE('',*,*,#2897,.T.);
#4060=ORIENTED_EDGE('',*,*,#2898,.T.);
#4061=ORIENTED_EDGE('',*,*,#2895,.T.);
#4062=ORIENTED_EDGE('',*,*,#2853,.F.);
#4063=ORIENTED_EDGE('',*,*,#2899,.F.);
#4064=ORIENTED_EDGE('',*,*,#2900,.F.);
#4065=ORIENTED_EDGE('',*,*,#2897,.F.);
#4066=ORIENTED_EDGE('',*,*,#2878,.F.);
#4067=ORIENTED_EDGE('',*,*,#2901,.F.);
#4068=ORIENTED_EDGE('',*,*,#2902,.F.);
#4069=ORIENTED_EDGE('',*,*,#2903,.T.);
#4070=ORIENTED_EDGE('',*,*,#2879,.F.);
#4071=ORIENTED_EDGE('',*,*,#2903,.F.);
#4072=ORIENTED_EDGE('',*,*,#2904,.F.);
#4073=ORIENTED_EDGE('',*,*,#2905,.T.);
#4074=ORIENTED_EDGE('',*,*,#2876,.F.);
#4075=ORIENTED_EDGE('',*,*,#2905,.F.);
#4076=ORIENTED_EDGE('',*,*,#2906,.F.);
#4077=ORIENTED_EDGE('',*,*,#2907,.T.);
#4078=ORIENTED_EDGE('',*,*,#2877,.F.);
#4079=ORIENTED_EDGE('',*,*,#2907,.F.);
#4080=ORIENTED_EDGE('',*,*,#2908,.F.);
#4081=ORIENTED_EDGE('',*,*,#2901,.T.);
#4082=ORIENTED_EDGE('',*,*,#2882,.F.);
#4083=ORIENTED_EDGE('',*,*,#2909,.F.);
#4084=ORIENTED_EDGE('',*,*,#2910,.F.);
#4085=ORIENTED_EDGE('',*,*,#2911,.T.);
#4086=ORIENTED_EDGE('',*,*,#2883,.F.);
#4087=ORIENTED_EDGE('',*,*,#2911,.F.);
#4088=ORIENTED_EDGE('',*,*,#2912,.F.);
#4089=ORIENTED_EDGE('',*,*,#2913,.T.);
#4090=ORIENTED_EDGE('',*,*,#2880,.F.);
#4091=ORIENTED_EDGE('',*,*,#2913,.F.);
#4092=ORIENTED_EDGE('',*,*,#2914,.F.);
#4093=ORIENTED_EDGE('',*,*,#2915,.T.);
#4094=ORIENTED_EDGE('',*,*,#2881,.F.);
#4095=ORIENTED_EDGE('',*,*,#2915,.F.);
#4096=ORIENTED_EDGE('',*,*,#2916,.F.);
#4097=ORIENTED_EDGE('',*,*,#2909,.T.);
#4098=ORIENTED_EDGE('',*,*,#2848,.T.);
#4099=ORIENTED_EDGE('',*,*,#2875,.F.);
#4100=ORIENTED_EDGE('',*,*,#2917,.F.);
#4101=ORIENTED_EDGE('',*,*,#2918,.F.);
#4102=ORIENTED_EDGE('',*,*,#2919,.F.);
#4103=ORIENTED_EDGE('',*,*,#2920,.F.);
#4104=ORIENTED_EDGE('',*,*,#2887,.F.);
#4105=ORIENTED_EDGE('',*,*,#2857,.F.);
#4106=ORIENTED_EDGE('',*,*,#2919,.T.);
#4107=ORIENTED_EDGE('',*,*,#2856,.F.);
#4108=ORIENTED_EDGE('',*,*,#2894,.F.);
#4109=ORIENTED_EDGE('',*,*,#2921,.F.);
#4110=ORIENTED_EDGE('',*,*,#2922,.F.);
#4111=ORIENTED_EDGE('',*,*,#2923,.T.);
#4112=ORIENTED_EDGE('',*,*,#2884,.F.);
#4113=ORIENTED_EDGE('',*,*,#2923,.F.);
#4114=ORIENTED_EDGE('',*,*,#2891,.T.);
#4115=ORIENTED_EDGE('',*,*,#2924,.F.);
#4116=ORIENTED_EDGE('',*,*,#2925,.F.);
#4117=ORIENTED_EDGE('',*,*,#2860,.F.);
#4118=ORIENTED_EDGE('',*,*,#2925,.T.);
#4119=ORIENTED_EDGE('',*,*,#2926,.F.);
#4120=ORIENTED_EDGE('',*,*,#2927,.F.);
#4121=ORIENTED_EDGE('',*,*,#2861,.F.);
#4122=ORIENTED_EDGE('',*,*,#2928,.F.);
#4123=ORIENTED_EDGE('',*,*,#2929,.F.);
#4124=ORIENTED_EDGE('',*,*,#2851,.F.);
#4125=ORIENTED_EDGE('',*,*,#2893,.F.);
#4126=ORIENTED_EDGE('',*,*,#2849,.T.);
#4127=ORIENTED_EDGE('',*,*,#2918,.T.);
#4128=ORIENTED_EDGE('',*,*,#2930,.T.);
#4129=ORIENTED_EDGE('',*,*,#2931,.T.);
#4130=ORIENTED_EDGE('',*,*,#2932,.T.);
#4131=ORIENTED_EDGE('',*,*,#2933,.T.);
#4132=ORIENTED_EDGE('',*,*,#2934,.T.);
#4133=ORIENTED_EDGE('',*,*,#2935,.T.);
#4134=ORIENTED_EDGE('',*,*,#2936,.T.);
#4135=ORIENTED_EDGE('',*,*,#2937,.T.);
#4136=ORIENTED_EDGE('',*,*,#2938,.T.);
#4137=ORIENTED_EDGE('',*,*,#2939,.T.);
#4138=ORIENTED_EDGE('',*,*,#2940,.T.);
#4139=ORIENTED_EDGE('',*,*,#2941,.T.);
#4140=ORIENTED_EDGE('',*,*,#2942,.T.);
#4141=ORIENTED_EDGE('',*,*,#2926,.T.);
#4142=ORIENTED_EDGE('',*,*,#2924,.T.);
#4143=ORIENTED_EDGE('',*,*,#2890,.F.);
#4144=ORIENTED_EDGE('',*,*,#2888,.F.);
#4145=ORIENTED_EDGE('',*,*,#2920,.T.);
#4146=ORIENTED_EDGE('',*,*,#2921,.T.);
#4147=ORIENTED_EDGE('',*,*,#2896,.T.);
#4148=ORIENTED_EDGE('',*,*,#2898,.F.);
#4149=ORIENTED_EDGE('',*,*,#2900,.T.);
#4150=ORIENTED_EDGE('',*,*,#2943,.T.);
#4151=ORIENTED_EDGE('',*,*,#2928,.T.);
#4152=ORIENTED_EDGE('',*,*,#2892,.F.);
#4153=ORIENTED_EDGE('',*,*,#2846,.F.);
#4154=ORIENTED_EDGE('',*,*,#2837,.T.);
#4155=ORIENTED_EDGE('',*,*,#2840,.T.);
#4156=ORIENTED_EDGE('',*,*,#2906,.T.);
#4157=ORIENTED_EDGE('',*,*,#2904,.T.);
#4158=ORIENTED_EDGE('',*,*,#2902,.T.);
#4159=ORIENTED_EDGE('',*,*,#2908,.T.);
#4160=ORIENTED_EDGE('',*,*,#2914,.T.);
#4161=ORIENTED_EDGE('',*,*,#2912,.T.);
#4162=ORIENTED_EDGE('',*,*,#2910,.T.);
#4163=ORIENTED_EDGE('',*,*,#2916,.T.);
#4164=ORIENTED_EDGE('',*,*,#2922,.T.);
#4165=ORIENTED_EDGE('',*,*,#2944,.T.);
#4166=ORIENTED_EDGE('',*,*,#2945,.T.);
#4167=ORIENTED_EDGE('',*,*,#2917,.T.);
#4168=ORIENTED_EDGE('',*,*,#2874,.F.);
#4169=ORIENTED_EDGE('',*,*,#2946,.T.);
#4170=ORIENTED_EDGE('',*,*,#2930,.F.);
#4171=ORIENTED_EDGE('',*,*,#2872,.T.);
#4172=ORIENTED_EDGE('',*,*,#2947,.T.);
#4173=ORIENTED_EDGE('',*,*,#2932,.F.);
#4174=ORIENTED_EDGE('',*,*,#2948,.F.);
#4175=ORIENTED_EDGE('',*,*,#2871,.T.);
#4176=ORIENTED_EDGE('',*,*,#2949,.T.);
#4177=ORIENTED_EDGE('',*,*,#2933,.F.);
#4178=ORIENTED_EDGE('',*,*,#2947,.F.);
#4179=ORIENTED_EDGE('',*,*,#2870,.T.);
#4180=ORIENTED_EDGE('',*,*,#2950,.T.);
#4181=ORIENTED_EDGE('',*,*,#2934,.F.);
#4182=ORIENTED_EDGE('',*,*,#2949,.F.);
#4183=ORIENTED_EDGE('',*,*,#2869,.F.);
#4184=ORIENTED_EDGE('',*,*,#2951,.T.);
#4185=ORIENTED_EDGE('',*,*,#2935,.F.);
#4186=ORIENTED_EDGE('',*,*,#2950,.F.);
#4187=ORIENTED_EDGE('',*,*,#2868,.F.);
#4188=ORIENTED_EDGE('',*,*,#2952,.T.);
#4189=ORIENTED_EDGE('',*,*,#2936,.F.);
#4190=ORIENTED_EDGE('',*,*,#2951,.F.);
#4191=ORIENTED_EDGE('',*,*,#2867,.F.);
#4192=ORIENTED_EDGE('',*,*,#2953,.T.);
#4193=ORIENTED_EDGE('',*,*,#2937,.F.);
#4194=ORIENTED_EDGE('',*,*,#2952,.F.);
#4195=ORIENTED_EDGE('',*,*,#2866,.T.);
#4196=ORIENTED_EDGE('',*,*,#2954,.T.);
#4197=ORIENTED_EDGE('',*,*,#2938,.F.);
#4198=ORIENTED_EDGE('',*,*,#2953,.F.);
#4199=ORIENTED_EDGE('',*,*,#2865,.T.);
#4200=ORIENTED_EDGE('',*,*,#2955,.T.);
#4201=ORIENTED_EDGE('',*,*,#2939,.F.);
#4202=ORIENTED_EDGE('',*,*,#2954,.F.);
#4203=ORIENTED_EDGE('',*,*,#2864,.T.);
#4204=ORIENTED_EDGE('',*,*,#2956,.T.);
#4205=ORIENTED_EDGE('',*,*,#2940,.F.);
#4206=ORIENTED_EDGE('',*,*,#2955,.F.);
#4207=ORIENTED_EDGE('',*,*,#2863,.F.);
#4208=ORIENTED_EDGE('',*,*,#2957,.T.);
#4209=ORIENTED_EDGE('',*,*,#2941,.F.);
#4210=ORIENTED_EDGE('',*,*,#2956,.F.);
#4211=ORIENTED_EDGE('',*,*,#2873,.F.);
#4212=ORIENTED_EDGE('',*,*,#2948,.T.);
#4213=ORIENTED_EDGE('',*,*,#2931,.F.);
#4214=ORIENTED_EDGE('',*,*,#2946,.F.);
#4215=ORIENTED_EDGE('',*,*,#2944,.F.);
#4216=ORIENTED_EDGE('',*,*,#2958,.T.);
#4217=ORIENTED_EDGE('',*,*,#2886,.F.);
#4218=ORIENTED_EDGE('',*,*,#2958,.F.);
#4219=ORIENTED_EDGE('',*,*,#2945,.F.);
#4220=ORIENTED_EDGE('',*,*,#2959,.T.);
#4221=ORIENTED_EDGE('',*,*,#2885,.F.);
#4222=ORIENTED_EDGE('',*,*,#2959,.F.);
#4223=ORIENTED_EDGE('',*,*,#2927,.T.);
#4224=ORIENTED_EDGE('',*,*,#2942,.F.);
#4225=ORIENTED_EDGE('',*,*,#2957,.F.);
#4226=ORIENTED_EDGE('',*,*,#2862,.F.);
#4227=ORIENTED_EDGE('',*,*,#2852,.F.);
#4228=ORIENTED_EDGE('',*,*,#2929,.T.);
#4229=ORIENTED_EDGE('',*,*,#2943,.F.);
#4230=ORIENTED_EDGE('',*,*,#2899,.T.);
#4231=ORIENTED_EDGE('',*,*,#2960,.F.);
#4232=ORIENTED_EDGE('',*,*,#2961,.T.);
#4233=ORIENTED_EDGE('',*,*,#2962,.F.);
#4234=ORIENTED_EDGE('',*,*,#2961,.F.);
#4235=ORIENTED_EDGE('',*,*,#2963,.F.);
#4236=ORIENTED_EDGE('',*,*,#2964,.T.);
#4237=ORIENTED_EDGE('',*,*,#2965,.F.);
#4238=ORIENTED_EDGE('',*,*,#2964,.F.);
#4239=ORIENTED_EDGE('',*,*,#2966,.T.);
#4240=ORIENTED_EDGE('',*,*,#2967,.T.);
#4241=ORIENTED_EDGE('',*,*,#2968,.T.);
#4242=ORIENTED_EDGE('',*,*,#2969,.T.);
#4243=ORIENTED_EDGE('',*,*,#2969,.F.);
#4244=ORIENTED_EDGE('',*,*,#2970,.F.);
#4245=ORIENTED_EDGE('',*,*,#2971,.F.);
#4246=ORIENTED_EDGE('',*,*,#2972,.F.);
#4247=ORIENTED_EDGE('',*,*,#2968,.F.);
#4248=ORIENTED_EDGE('',*,*,#2973,.F.);
#4249=ORIENTED_EDGE('',*,*,#2974,.T.);
#4250=ORIENTED_EDGE('',*,*,#2975,.T.);
#4251=ORIENTED_EDGE('',*,*,#2976,.F.);
#4252=ORIENTED_EDGE('',*,*,#2970,.T.);
#4253=ORIENTED_EDGE('',*,*,#2965,.T.);
#4254=ORIENTED_EDGE('',*,*,#2977,.T.);
#4255=ORIENTED_EDGE('',*,*,#2971,.T.);
#4256=ORIENTED_EDGE('',*,*,#2976,.T.);
#4257=ORIENTED_EDGE('',*,*,#2978,.T.);
#4258=ORIENTED_EDGE('',*,*,#2979,.T.);
#4259=ORIENTED_EDGE('',*,*,#2980,.T.);
#4260=ORIENTED_EDGE('',*,*,#2981,.T.);
#4261=ORIENTED_EDGE('',*,*,#2982,.T.);
#4262=ORIENTED_EDGE('',*,*,#2982,.F.);
#4263=ORIENTED_EDGE('',*,*,#2983,.F.);
#4264=ORIENTED_EDGE('',*,*,#2984,.F.);
#4265=ORIENTED_EDGE('',*,*,#2985,.F.);
#4266=ORIENTED_EDGE('',*,*,#2981,.F.);
#4267=ORIENTED_EDGE('',*,*,#2986,.F.);
#4268=ORIENTED_EDGE('',*,*,#2987,.T.);
#4269=ORIENTED_EDGE('',*,*,#2988,.T.);
#4270=ORIENTED_EDGE('',*,*,#2989,.F.);
#4271=ORIENTED_EDGE('',*,*,#2983,.T.);
#4272=ORIENTED_EDGE('',*,*,#2960,.T.);
#4273=ORIENTED_EDGE('',*,*,#2990,.T.);
#4274=ORIENTED_EDGE('',*,*,#2984,.T.);
#4275=ORIENTED_EDGE('',*,*,#2989,.T.);
#4276=ORIENTED_EDGE('',*,*,#2991,.T.);
#4277=ORIENTED_EDGE('',*,*,#2966,.F.);
#4278=ORIENTED_EDGE('',*,*,#2972,.T.);
#4279=ORIENTED_EDGE('',*,*,#2977,.F.);
#4280=ORIENTED_EDGE('',*,*,#2992,.F.);
#4281=ORIENTED_EDGE('',*,*,#2993,.F.);
#4282=ORIENTED_EDGE('',*,*,#2994,.T.);
#4283=ORIENTED_EDGE('',*,*,#2963,.T.);
#4284=ORIENTED_EDGE('',*,*,#2978,.F.);
#4285=ORIENTED_EDGE('',*,*,#2975,.F.);
#4286=ORIENTED_EDGE('',*,*,#2995,.F.);
#4287=ORIENTED_EDGE('',*,*,#2986,.T.);
#4288=ORIENTED_EDGE('',*,*,#2980,.F.);
#4289=ORIENTED_EDGE('',*,*,#2996,.F.);
#4290=ORIENTED_EDGE('',*,*,#2997,.F.);
#4291=ORIENTED_EDGE('',*,*,#2992,.T.);
#4292=ORIENTED_EDGE('',*,*,#2998,.T.);
#4293=ORIENTED_EDGE('',*,*,#2993,.T.);
#4294=ORIENTED_EDGE('',*,*,#2997,.T.);
#4295=ORIENTED_EDGE('',*,*,#2999,.T.);
#4296=ORIENTED_EDGE('',*,*,#2974,.F.);
#4297=ORIENTED_EDGE('',*,*,#3000,.F.);
#4298=ORIENTED_EDGE('',*,*,#2987,.F.);
#4299=ORIENTED_EDGE('',*,*,#2995,.T.);
#4300=ORIENTED_EDGE('',*,*,#2967,.F.);
#4301=ORIENTED_EDGE('',*,*,#2994,.F.);
#4302=ORIENTED_EDGE('',*,*,#2998,.F.);
#4303=ORIENTED_EDGE('',*,*,#3001,.T.);
#4304=ORIENTED_EDGE('',*,*,#2991,.F.);
#4305=ORIENTED_EDGE('',*,*,#2988,.F.);
#4306=ORIENTED_EDGE('',*,*,#3000,.T.);
#4307=ORIENTED_EDGE('',*,*,#2973,.T.);
#4308=ORIENTED_EDGE('',*,*,#2979,.F.);
#4309=ORIENTED_EDGE('',*,*,#2985,.T.);
#4310=ORIENTED_EDGE('',*,*,#2990,.F.);
#4311=ORIENTED_EDGE('',*,*,#3001,.F.);
#4312=ORIENTED_EDGE('',*,*,#2999,.F.);
#4313=ORIENTED_EDGE('',*,*,#2996,.T.);
#4314=ORIENTED_EDGE('',*,*,#2962,.T.);
#4315=ORIENTED_EDGE('',*,*,#3002,.F.);
#4316=ORIENTED_EDGE('',*,*,#3003,.T.);
#4317=ORIENTED_EDGE('',*,*,#3004,.F.);
#4318=ORIENTED_EDGE('',*,*,#3003,.F.);
#4319=ORIENTED_EDGE('',*,*,#3005,.F.);
#4320=ORIENTED_EDGE('',*,*,#3006,.T.);
#4321=ORIENTED_EDGE('',*,*,#3007,.F.);
#4322=ORIENTED_EDGE('',*,*,#3006,.F.);
#4323=ORIENTED_EDGE('',*,*,#3008,.T.);
#4324=ORIENTED_EDGE('',*,*,#3009,.T.);
#4325=ORIENTED_EDGE('',*,*,#3010,.T.);
#4326=ORIENTED_EDGE('',*,*,#3011,.T.);
#4327=ORIENTED_EDGE('',*,*,#3009,.F.);
#4328=ORIENTED_EDGE('',*,*,#3012,.F.);
#4329=ORIENTED_EDGE('',*,*,#3013,.F.);
#4330=ORIENTED_EDGE('',*,*,#3014,.F.);
#4331=ORIENTED_EDGE('',*,*,#3008,.F.);
#4332=ORIENTED_EDGE('',*,*,#3015,.F.);
#4333=ORIENTED_EDGE('',*,*,#3016,.T.);
#4334=ORIENTED_EDGE('',*,*,#3017,.T.);
#4335=ORIENTED_EDGE('',*,*,#3018,.F.);
#4336=ORIENTED_EDGE('',*,*,#3012,.T.);
#4337=ORIENTED_EDGE('',*,*,#3004,.T.);
#4338=ORIENTED_EDGE('',*,*,#3018,.T.);
#4339=ORIENTED_EDGE('',*,*,#3019,.T.);
#4340=ORIENTED_EDGE('',*,*,#3020,.T.);
#4341=ORIENTED_EDGE('',*,*,#3013,.T.);
#4342=ORIENTED_EDGE('',*,*,#3021,.T.);
#4343=ORIENTED_EDGE('',*,*,#3022,.T.);
#4344=ORIENTED_EDGE('',*,*,#3023,.T.);
#4345=ORIENTED_EDGE('',*,*,#3024,.T.);
#4346=ORIENTED_EDGE('',*,*,#3023,.F.);
#4347=ORIENTED_EDGE('',*,*,#3025,.T.);
#4348=ORIENTED_EDGE('',*,*,#3026,.F.);
#4349=ORIENTED_EDGE('',*,*,#3027,.F.);
#4350=ORIENTED_EDGE('',*,*,#3028,.T.);
#4351=ORIENTED_EDGE('',*,*,#3007,.T.);
#4352=ORIENTED_EDGE('',*,*,#3022,.F.);
#4353=ORIENTED_EDGE('',*,*,#3029,.F.);
#4354=ORIENTED_EDGE('',*,*,#3030,.F.);
#4355=ORIENTED_EDGE('',*,*,#3025,.F.);
#4356=ORIENTED_EDGE('',*,*,#3010,.F.);
#4357=ORIENTED_EDGE('',*,*,#3014,.T.);
#4358=ORIENTED_EDGE('',*,*,#3020,.F.);
#4359=ORIENTED_EDGE('',*,*,#3031,.F.);
#4360=ORIENTED_EDGE('',*,*,#3032,.F.);
#4361=ORIENTED_EDGE('',*,*,#3033,.T.);
#4362=ORIENTED_EDGE('',*,*,#3002,.T.);
#4363=ORIENTED_EDGE('',*,*,#3019,.F.);
#4364=ORIENTED_EDGE('',*,*,#3017,.F.);
#4365=ORIENTED_EDGE('',*,*,#3034,.T.);
#4366=ORIENTED_EDGE('',*,*,#3035,.T.);
#4367=ORIENTED_EDGE('',*,*,#3024,.F.);
#4368=ORIENTED_EDGE('',*,*,#3028,.F.);
#4369=ORIENTED_EDGE('',*,*,#3036,.T.);
#4370=ORIENTED_EDGE('',*,*,#3031,.T.);
#4371=ORIENTED_EDGE('',*,*,#3037,.F.);
#4372=ORIENTED_EDGE('',*,*,#3038,.F.);
#4373=ORIENTED_EDGE('',*,*,#3034,.F.);
#4374=ORIENTED_EDGE('',*,*,#3016,.F.);
#4375=ORIENTED_EDGE('',*,*,#3032,.T.);
#4376=ORIENTED_EDGE('',*,*,#3036,.F.);
#4377=ORIENTED_EDGE('',*,*,#3027,.T.);
#4378=ORIENTED_EDGE('',*,*,#3039,.T.);
#4379=ORIENTED_EDGE('',*,*,#3011,.F.);
#4380=ORIENTED_EDGE('',*,*,#3033,.F.);
#4381=ORIENTED_EDGE('',*,*,#3039,.F.);
#4382=ORIENTED_EDGE('',*,*,#3026,.T.);
#4383=ORIENTED_EDGE('',*,*,#3030,.T.);
#4384=ORIENTED_EDGE('',*,*,#3040,.F.);
#4385=ORIENTED_EDGE('',*,*,#3037,.T.);
#4386=ORIENTED_EDGE('',*,*,#3015,.T.);
#4387=ORIENTED_EDGE('',*,*,#3021,.F.);
#4388=ORIENTED_EDGE('',*,*,#3035,.F.);
#4389=ORIENTED_EDGE('',*,*,#3038,.T.);
#4390=ORIENTED_EDGE('',*,*,#3040,.T.);
#4391=ORIENTED_EDGE('',*,*,#3029,.T.);
#4392=ORIENTED_EDGE('',*,*,#3005,.T.);
#4393=PLANE('',#4894);
#4394=PLANE('',#4900);
#4395=PLANE('',#4903);
#4396=PLANE('',#4905);
#4397=PLANE('',#4911);
#4398=PLANE('',#4914);
#4399=PLANE('',#4916);
#4400=PLANE('',#4917);
#4401=PLANE('',#4918);
#4402=PLANE('',#4919);
#4403=PLANE('',#4920);
#4404=PLANE('',#4921);
#4405=PLANE('',#4922);
#4406=PLANE('',#4923);
#4407=PLANE('',#4924);
#4408=PLANE('',#4925);
#4409=PLANE('',#4926);
#4410=PLANE('',#4927);
#4411=PLANE('',#4928);
#4412=PLANE('',#4929);
#4413=PLANE('',#4930);
#4414=PLANE('',#4931);
#4415=PLANE('',#4932);
#4416=PLANE('',#4933);
#4417=PLANE('',#4934);
#4418=PLANE('',#4935);
#4419=PLANE('',#4936);
#4420=PLANE('',#4937);
#4421=PLANE('',#4938);
#4422=PLANE('',#4939);
#4423=PLANE('',#4940);
#4424=PLANE('',#4941);
#4425=PLANE('',#4942);
#4426=PLANE('',#4943);
#4427=PLANE('',#4944);
#4428=PLANE('',#4945);
#4429=PLANE('',#4946);
#4430=PLANE('',#4947);
#4431=PLANE('',#4948);
#4432=PLANE('',#4949);
#4433=PLANE('',#4950);
#4434=PLANE('',#4951);
#4435=PLANE('',#4952);
#4436=PLANE('',#4953);
#4437=PLANE('',#4954);
#4438=PLANE('',#4955);
#4439=PLANE('',#4956);
#4440=PLANE('',#4957);
#4441=PLANE('',#4958);
#4442=PLANE('',#4959);
#4443=PLANE('',#4960);
#4444=PLANE('',#4961);
#4445=PLANE('',#4962);
#4446=PLANE('',#4963);
#4447=PLANE('',#4964);
#4448=PLANE('',#4965);
#4449=PLANE('',#4966);
#4450=PLANE('',#4967);
#4451=PLANE('',#4968);
#4452=PLANE('',#4969);
#4453=PLANE('',#4970);
#4454=PLANE('',#4971);
#4455=PLANE('',#4972);
#4456=PLANE('',#4973);
#4457=PLANE('',#4974);
#4458=PLANE('',#4975);
#4459=PLANE('',#4976);
#4460=PLANE('',#4977);
#4461=PLANE('',#4978);
#4462=PLANE('',#4979);
#4463=PLANE('',#4980);
#4464=PLANE('',#4981);
#4465=PLANE('',#4982);
#4466=PLANE('',#4983);
#4467=PLANE('',#4984);
#4468=PLANE('',#4985);
#4469=PLANE('',#4986);
#4470=PLANE('',#4987);
#4471=PLANE('',#4988);
#4472=PLANE('',#4989);
#4473=PLANE('',#4992);
#4474=PLANE('',#4993);
#4475=PLANE('',#4994);
#4476=PLANE('',#4998);
#4477=PLANE('',#5004);
#4478=PLANE('',#5010);
#4479=PLANE('',#5016);
#4480=PLANE('',#5022);
#4481=PLANE('',#5024);
#4482=PLANE('',#5025);
#4483=PLANE('',#5026);
#4484=PLANE('',#5027);
#4485=PLANE('',#5028);
#4486=PLANE('',#5029);
#4487=PLANE('',#5030);
#4488=PLANE('',#5040);
#4489=PLANE('',#5041);
#4490=PLANE('',#5042);
#4491=PLANE('',#5043);
#4492=PLANE('',#5044);
#4493=PLANE('',#5045);
#4494=PLANE('',#5046);
#4495=PLANE('',#5047);
#4496=PLANE('',#5048);
#4497=PLANE('',#5049);
#4498=PLANE('',#5054);
#4499=PLANE('',#5058);
#4500=PLANE('',#5062);
#4501=PLANE('',#5063);
#4502=PLANE('',#5064);
#4503=PLANE('',#5065);
#4504=PLANE('',#5066);
#4505=PLANE('',#5067);
#4506=PLANE('',#5068);
#4507=PLANE('',#5069);
#4508=PLANE('',#5070);
#4509=PLANE('',#5071);
#4510=PLANE('',#5072);
#4511=PLANE('',#5073);
#4512=PLANE('',#5074);
#4513=PLANE('',#5075);
#4514=PLANE('',#5076);
#4515=PLANE('',#5077);
#4516=PLANE('',#5082);
#4517=PLANE('',#5083);
#4518=PLANE('',#5093);
#4519=PLANE('',#5095);
#4520=PLANE('',#5100);
#4521=PLANE('',#5102);
#4522=PLANE('',#5104);
#4523=PLANE('',#5105);
#4524=PLANE('',#5106);
#4525=PLANE('',#5107);
#4526=PLANE('',#5108);
#4527=PLANE('',#5109);
#4528=PLANE('',#5110);
#4529=PLANE('',#5117);
#4530=PLANE('',#5124);
#4531=PLANE('',#5125);
#4532=PLANE('',#5126);
#4533=PLANE('',#5127);
#4534=PLANE('',#5128);
#4535=PLANE('',#5129);
#4536=PLANE('',#5130);
#4537=PLANE('',#5131);
#4538=PLANE('',#5133);
#4539=PLANE('',#5142);
#4540=PLANE('',#5145);
#4541=PLANE('',#5148);
#4542=PLANE('',#5156);
#4543=PLANE('',#5157);
#4544=PLANE('',#5158);
#4545=PLANE('',#5163);
#4546=PLANE('',#5164);
#4547=PLANE('',#5165);
#4548=PLANE('',#5166);
#4549=PLANE('',#5167);
#4550=PLANE('',#5168);
#4551=PLANE('',#5169);
#4552=PLANE('',#5170);
#4553=PLANE('',#5171);
#4554=PLANE('',#5172);
#4555=PLANE('',#5173);
#4556=PLANE('',#5174);
#4557=PLANE('',#5175);
#4558=PLANE('',#5176);
#4559=PLANE('',#5177);
#4560=PLANE('',#5180);
#4561=PLANE('',#5183);
#4562=PLANE('',#5184);
#4563=PLANE('',#5185);
#4564=PLANE('',#5186);
#4565=PLANE('',#5189);
#4566=PLANE('',#5190);
#4567=PLANE('',#5191);
#4568=PLANE('',#5192);
#4569=PLANE('',#5193);
#4570=PLANE('',#5194);
#4571=PLANE('',#5195);
#4572=PLANE('',#5198);
#4573=PLANE('',#5199);
#4574=PLANE('',#5209);
#4575=PLANE('',#5210);
#4576=PLANE('',#5217);
#4577=PLANE('',#5218);
#4578=PLANE('',#5222);
#4579=PLANE('',#5223);
#4580=PLANE('',#5224);
#4581=PLANE('',#5225);
#4582=PLANE('',#5226);
#4583=PLANE('',#5227);
#4584=PLANE('',#5237);
#4585=PLANE('',#5238);
#4586=PLANE('',#5245);
#4587=PLANE('',#5246);
#4588=PLANE('',#5247);
#4589=PLANE('',#5248);
#4590=PLANE('',#5249);
#4591=PLANE('',#5250);
#4592=PLANE('',#5251);
#4593=PLANE('',#5252);
#4594=ADVANCED_FACE('',(#168,#127),#4393,.T.);
#4595=ADVANCED_FACE('',(#169),#76,.T.);
#4596=ADVANCED_FACE('',(#170),#4394,.T.);
#4597=ADVANCED_FACE('',(#171),#77,.T.);
#4598=ADVANCED_FACE('',(#172,#128),#4395,.T.);
#4599=ADVANCED_FACE('',(#173,#129),#4396,.T.);
#4600=ADVANCED_FACE('',(#174),#78,.T.);
#4601=ADVANCED_FACE('',(#175),#4397,.T.);
#4602=ADVANCED_FACE('',(#176),#79,.T.);
#4603=ADVANCED_FACE('',(#177,#130),#4398,.T.);
#4604=ADVANCED_FACE('',(#178),#4399,.T.);
#4605=ADVANCED_FACE('',(#179),#4400,.T.);
#4606=ADVANCED_FACE('',(#180),#4401,.T.);
#4607=ADVANCED_FACE('',(#181),#4402,.T.);
#4608=ADVANCED_FACE('',(#182),#4403,.T.);
#4609=ADVANCED_FACE('',(#183),#4404,.T.);
#4610=ADVANCED_FACE('',(#184),#4405,.T.);
#4611=ADVANCED_FACE('',(#185),#4406,.T.);
#4612=ADVANCED_FACE('',(#186),#4407,.T.);
#4613=ADVANCED_FACE('',(#187),#4408,.T.);
#4614=ADVANCED_FACE('',(#188),#4409,.T.);
#4615=ADVANCED_FACE('',(#189),#4410,.T.);
#4616=ADVANCED_FACE('',(#190),#4411,.T.);
#4617=ADVANCED_FACE('',(#191),#4412,.T.);
#4618=ADVANCED_FACE('',(#192),#4413,.T.);
#4619=ADVANCED_FACE('',(#193),#4414,.T.);
#4620=ADVANCED_FACE('',(#194),#4415,.T.);
#4621=ADVANCED_FACE('',(#195),#4416,.T.);
#4622=ADVANCED_FACE('',(#196),#4417,.T.);
#4623=ADVANCED_FACE('',(#197),#4418,.T.);
#4624=ADVANCED_FACE('',(#198),#4419,.T.);
#4625=ADVANCED_FACE('',(#199),#4420,.T.);
#4626=ADVANCED_FACE('',(#200),#4421,.T.);
#4627=ADVANCED_FACE('',(#201),#4422,.T.);
#4628=ADVANCED_FACE('',(#202),#4423,.T.);
#4629=ADVANCED_FACE('',(#203),#4424,.T.);
#4630=ADVANCED_FACE('',(#204),#4425,.T.);
#4631=ADVANCED_FACE('',(#205),#4426,.T.);
#4632=ADVANCED_FACE('',(#206),#4427,.T.);
#4633=ADVANCED_FACE('',(#207),#4428,.T.);
#4634=ADVANCED_FACE('',(#208),#4429,.T.);
#4635=ADVANCED_FACE('',(#209),#4430,.T.);
#4636=ADVANCED_FACE('',(#210),#4431,.T.);
#4637=ADVANCED_FACE('',(#211),#4432,.T.);
#4638=ADVANCED_FACE('',(#212),#4433,.T.);
#4639=ADVANCED_FACE('',(#213),#4434,.T.);
#4640=ADVANCED_FACE('',(#214),#4435,.T.);
#4641=ADVANCED_FACE('',(#215),#4436,.T.);
#4642=ADVANCED_FACE('',(#216),#4437,.T.);
#4643=ADVANCED_FACE('',(#217),#4438,.T.);
#4644=ADVANCED_FACE('',(#218),#4439,.T.);
#4645=ADVANCED_FACE('',(#219),#4440,.T.);
#4646=ADVANCED_FACE('',(#220),#4441,.T.);
#4647=ADVANCED_FACE('',(#221),#4442,.T.);
#4648=ADVANCED_FACE('',(#222),#4443,.T.);
#4649=ADVANCED_FACE('',(#223),#4444,.T.);
#4650=ADVANCED_FACE('',(#224),#4445,.T.);
#4651=ADVANCED_FACE('',(#225),#4446,.T.);
#4652=ADVANCED_FACE('',(#226),#4447,.T.);
#4653=ADVANCED_FACE('',(#227),#4448,.T.);
#4654=ADVANCED_FACE('',(#228),#4449,.T.);
#4655=ADVANCED_FACE('',(#229),#4450,.T.);
#4656=ADVANCED_FACE('',(#230),#4451,.T.);
#4657=ADVANCED_FACE('',(#231),#4452,.T.);
#4658=ADVANCED_FACE('',(#232),#4453,.T.);
#4659=ADVANCED_FACE('',(#233),#4454,.T.);
#4660=ADVANCED_FACE('',(#234),#4455,.T.);
#4661=ADVANCED_FACE('',(#235),#4456,.T.);
#4662=ADVANCED_FACE('',(#236),#4457,.T.);
#4663=ADVANCED_FACE('',(#237),#4458,.T.);
#4664=ADVANCED_FACE('',(#238),#4459,.T.);
#4665=ADVANCED_FACE('',(#239),#4460,.T.);
#4666=ADVANCED_FACE('',(#240),#4461,.T.);
#4667=ADVANCED_FACE('',(#241),#4462,.T.);
#4668=ADVANCED_FACE('',(#242),#4463,.T.);
#4669=ADVANCED_FACE('',(#243),#4464,.T.);
#4670=ADVANCED_FACE('',(#244),#4465,.T.);
#4671=ADVANCED_FACE('',(#245),#4466,.T.);
#4672=ADVANCED_FACE('',(#246),#4467,.T.);
#4673=ADVANCED_FACE('',(#247),#4468,.T.);
#4674=ADVANCED_FACE('',(#248),#4469,.T.);
#4675=ADVANCED_FACE('',(#249),#4470,.T.);
#4676=ADVANCED_FACE('',(#250),#4471,.T.);
#4677=ADVANCED_FACE('',(#251),#4472,.T.);
#4678=ADVANCED_FACE('',(#252),#80,.F.);
#4679=ADVANCED_FACE('',(#253),#81,.F.);
#4680=ADVANCED_FACE('',(#254),#4473,.T.);
#4681=ADVANCED_FACE('',(#255),#4474,.T.);
#4682=ADVANCED_FACE('',(#256),#4475,.T.);
#4683=ADVANCED_FACE('',(#257),#82,.F.);
#4684=ADVANCED_FACE('',(#258,#131),#4476,.T.);
#4685=ADVANCED_FACE('',(#259),#83,.F.);
#4686=ADVANCED_FACE('',(#260,#132),#4477,.T.);
#4687=ADVANCED_FACE('',(#261),#84,.F.);
#4688=ADVANCED_FACE('',(#262,#133),#4478,.T.);
#4689=ADVANCED_FACE('',(#263),#85,.F.);
#4690=ADVANCED_FACE('',(#264,#134),#4479,.T.);
#4691=ADVANCED_FACE('',(#265),#86,.F.);
#4692=ADVANCED_FACE('',(#266),#87,.F.);
#4693=ADVANCED_FACE('',(#267),#88,.T.);
#4694=ADVANCED_FACE('',(#268),#4480,.T.);
#4695=ADVANCED_FACE('',(#269),#89,.T.);
#4696=ADVANCED_FACE('',(#270),#4481,.T.);
#4697=ADVANCED_FACE('',(#271),#4482,.T.);
#4698=ADVANCED_FACE('',(#272),#4483,.T.);
#4699=ADVANCED_FACE('',(#273),#4484,.F.);
#4700=ADVANCED_FACE('',(#274),#4485,.T.);
#4701=ADVANCED_FACE('',(#275),#4486,.T.);
#4702=ADVANCED_FACE('',(#276),#4487,.F.);
#4703=ADVANCED_FACE('',(#277),#90,.F.);
#4704=ADVANCED_FACE('',(#278),#91,.F.);
#4705=ADVANCED_FACE('',(#279),#92,.F.);
#4706=ADVANCED_FACE('',(#280),#4488,.T.);
#4707=ADVANCED_FACE('',(#281),#4489,.T.);
#4708=ADVANCED_FACE('',(#282),#4490,.F.);
#4709=ADVANCED_FACE('',(#283),#4491,.F.);
#4710=ADVANCED_FACE('',(#284),#4492,.F.);
#4711=ADVANCED_FACE('',(#285),#4493,.F.);
#4712=ADVANCED_FACE('',(#286),#4494,.T.);
#4713=ADVANCED_FACE('',(#287),#4495,.T.);
#4714=ADVANCED_FACE('',(#288),#4496,.T.);
#4715=ADVANCED_FACE('',(#289),#4497,.T.);
#4716=ADVANCED_FACE('',(#290),#93,.F.);
#4717=ADVANCED_FACE('',(#291,#135,#136),#4498,.T.);
#4718=ADVANCED_FACE('',(#292),#94,.F.);
#4719=ADVANCED_FACE('',(#293),#4499,.T.);
#4720=ADVANCED_FACE('',(#294),#95,.F.);
#4721=ADVANCED_FACE('',(#295),#4500,.F.);
#4722=ADVANCED_FACE('',(#296),#4501,.F.);
#4723=ADVANCED_FACE('',(#297),#4502,.F.);
#4724=ADVANCED_FACE('',(#298),#4503,.F.);
#4725=ADVANCED_FACE('',(#299),#4504,.F.);
#4726=ADVANCED_FACE('',(#300),#4505,.F.);
#4727=ADVANCED_FACE('',(#301,#137),#4506,.F.);
#4728=ADVANCED_FACE('',(#302),#4507,.F.);
#4729=ADVANCED_FACE('',(#303),#4508,.F.);
#4730=ADVANCED_FACE('',(#304),#4509,.F.);
#4731=ADVANCED_FACE('',(#305),#4510,.F.);
#4732=ADVANCED_FACE('',(#306),#4511,.T.);
#4733=ADVANCED_FACE('',(#307),#4512,.T.);
#4734=ADVANCED_FACE('',(#308),#4513,.T.);
#4735=ADVANCED_FACE('',(#309),#4514,.T.);
#4736=ADVANCED_FACE('',(#310),#4515,.T.);
#4737=ADVANCED_FACE('',(#311),#4516,.T.);
#4738=ADVANCED_FACE('',(#312),#4517,.T.);
#4739=ADVANCED_FACE('',(#313),#96,.F.);
#4740=ADVANCED_FACE('',(#314),#97,.F.);
#4741=ADVANCED_FACE('',(#315),#98,.T.);
#4742=ADVANCED_FACE('',(#316,#138),#4518,.T.);
#4743=ADVANCED_FACE('',(#317),#4519,.T.);
#4744=ADVANCED_FACE('',(#318),#99,.T.);
#4745=ADVANCED_FACE('',(#319),#100,.T.);
#4746=ADVANCED_FACE('',(#320,#139),#4520,.T.);
#4747=ADVANCED_FACE('',(#321),#4521,.T.);
#4748=ADVANCED_FACE('',(#322),#101,.T.);
#4749=ADVANCED_FACE('',(#323),#4522,.T.);
#4750=ADVANCED_FACE('',(#324),#4523,.T.);
#4751=ADVANCED_FACE('',(#325),#4524,.T.);
#4752=ADVANCED_FACE('',(#326),#4525,.T.);
#4753=ADVANCED_FACE('',(#327),#4526,.T.);
#4754=ADVANCED_FACE('',(#328,#140),#4527,.T.);
#4755=ADVANCED_FACE('',(#329,#141),#4528,.T.);
#4756=ADVANCED_FACE('',(#330),#102,.F.);
#4757=ADVANCED_FACE('',(#331),#103,.F.);
#4758=ADVANCED_FACE('',(#332),#4529,.F.);
#4759=ADVANCED_FACE('',(#333),#104,.F.);
#4760=ADVANCED_FACE('',(#334),#105,.T.);
#4761=ADVANCED_FACE('',(#335),#4530,.T.);
#4762=ADVANCED_FACE('',(#336),#4531,.T.);
#4763=ADVANCED_FACE('',(#337),#4532,.T.);
#4764=ADVANCED_FACE('',(#338),#4533,.T.);
#4765=ADVANCED_FACE('',(#339),#4534,.T.);
#4766=ADVANCED_FACE('',(#340),#4535,.T.);
#4767=ADVANCED_FACE('',(#341),#4536,.T.);
#4768=ADVANCED_FACE('',(#342),#4537,.F.);
#4769=ADVANCED_FACE('',(#343,#142,#143),#4538,.F.);
#4770=ADVANCED_FACE('',(#344),#106,.F.);
#4771=ADVANCED_FACE('',(#345),#107,.F.);
#4772=ADVANCED_FACE('',(#346),#4539,.T.);
#4773=ADVANCED_FACE('',(#347),#108,.T.);
#4774=ADVANCED_FACE('',(#348),#4540,.T.);
#4775=ADVANCED_FACE('',(#349),#109,.T.);
#4776=ADVANCED_FACE('',(#350,#144,#145),#4541,.T.);
#4777=ADVANCED_FACE('',(#351),#110,.F.);
#4778=ADVANCED_FACE('',(#352),#111,.F.);
#4779=ADVANCED_FACE('',(#353),#4542,.T.);
#4780=ADVANCED_FACE('',(#354),#4543,.F.);
#4781=ADVANCED_FACE('',(#355,#146,#147,#148,#149,#150,#151,#152),#4544,
 .F.);
#4782=ADVANCED_FACE('',(#356),#4545,.T.);
#4783=ADVANCED_FACE('',(#357),#4546,.T.);
#4784=ADVANCED_FACE('',(#358),#4547,.T.);
#4785=ADVANCED_FACE('',(#359),#4548,.T.);
#4786=ADVANCED_FACE('',(#360),#4549,.T.);
#4787=ADVANCED_FACE('',(#361),#4550,.F.);
#4788=ADVANCED_FACE('',(#362),#4551,.F.);
#4789=ADVANCED_FACE('',(#363),#4552,.F.);
#4790=ADVANCED_FACE('',(#364),#4553,.F.);
#4791=ADVANCED_FACE('',(#365),#4554,.F.);
#4792=ADVANCED_FACE('',(#366),#4555,.F.);
#4793=ADVANCED_FACE('',(#367),#4556,.F.);
#4794=ADVANCED_FACE('',(#368),#4557,.F.);
#4795=ADVANCED_FACE('',(#369),#4558,.F.);
#4796=ADVANCED_FACE('',(#370),#4559,.F.);
#4797=ADVANCED_FACE('',(#371),#112,.F.);
#4798=ADVANCED_FACE('',(#372),#4560,.F.);
#4799=ADVANCED_FACE('',(#373),#113,.F.);
#4800=ADVANCED_FACE('',(#374),#4561,.F.);
#4801=ADVANCED_FACE('',(#375),#4562,.F.);
#4802=ADVANCED_FACE('',(#376),#4563,.F.);
#4803=ADVANCED_FACE('',(#377,#153,#154,#155,#156,#157,#158,#159),#4564,
 .T.);
#4804=ADVANCED_FACE('',(#378),#4565,.T.);
#4805=ADVANCED_FACE('',(#379),#4566,.T.);
#4806=ADVANCED_FACE('',(#380),#4567,.T.);
#4807=ADVANCED_FACE('',(#381),#4568,.T.);
#4808=ADVANCED_FACE('',(#382),#27,.T.);
#4809=ADVANCED_FACE('',(#383),#28,.T.);
#4810=ADVANCED_FACE('',(#384),#29,.T.);
#4811=ADVANCED_FACE('',(#385),#4569,.T.);
#4812=ADVANCED_FACE('',(#386),#4570,.T.);
#4813=ADVANCED_FACE('',(#387),#4571,.T.);
#4814=ADVANCED_FACE('',(#388),#30,.T.);
#4815=ADVANCED_FACE('',(#389),#31,.T.);
#4816=ADVANCED_FACE('',(#390),#114,.F.);
#4817=ADVANCED_FACE('',(#391),#115,.F.);
#4818=ADVANCED_FACE('',(#392),#4572,.T.);
#4819=ADVANCED_FACE('',(#393),#4573,.F.);
#4820=ADVANCED_FACE('',(#394),#116,.F.);
#4821=ADVANCED_FACE('',(#395),#117,.F.);
#4822=ADVANCED_FACE('',(#396),#118,.T.);
#4823=ADVANCED_FACE('',(#397),#4574,.F.);
#4824=ADVANCED_FACE('',(#398,#160),#4575,.T.);
#4825=ADVANCED_FACE('',(#399),#119,.T.);
#4826=ADVANCED_FACE('',(#400),#120,.T.);
#4827=ADVANCED_FACE('',(#401),#4576,.F.);
#4828=ADVANCED_FACE('',(#402,#161),#4577,.T.);
#4829=ADVANCED_FACE('',(#403),#121,.T.);
#4830=ADVANCED_FACE('',(#404,#162),#4578,.T.);
#4831=ADVANCED_FACE('',(#405),#4579,.T.);
#4832=ADVANCED_FACE('',(#406),#4580,.F.);
#4833=ADVANCED_FACE('',(#407),#4581,.T.);
#4834=ADVANCED_FACE('',(#408),#4582,.T.);
#4835=ADVANCED_FACE('',(#409,#163),#4583,.T.);
#4836=ADVANCED_FACE('',(#410),#122,.F.);
#4837=ADVANCED_FACE('',(#411),#123,.F.);
#4838=ADVANCED_FACE('',(#412),#124,.T.);
#4839=ADVANCED_FACE('',(#413),#4584,.F.);
#4840=ADVANCED_FACE('',(#414,#164),#4585,.F.);
#4841=ADVANCED_FACE('',(#415),#125,.T.);
#4842=ADVANCED_FACE('',(#416),#126,.T.);
#4843=ADVANCED_FACE('',(#417,#165),#4586,.F.);
#4844=ADVANCED_FACE('',(#418),#4587,.F.);
#4845=ADVANCED_FACE('',(#419,#166),#4588,.F.);
#4846=ADVANCED_FACE('',(#420),#4589,.F.);
#4847=ADVANCED_FACE('',(#421),#4590,.T.);
#4848=ADVANCED_FACE('',(#422),#4591,.F.);
#4849=ADVANCED_FACE('',(#423),#4592,.F.);
#4850=ADVANCED_FACE('',(#424,#167),#4593,.F.);
#4851=CLOSED_SHELL('',(#4594,#4595,#4596,#4597,#4598,#4599,#4600,#4601,
#4602,#4603,#4604,#4605,#4606,#4607,#4608,#4609,#4610,#4611,#4612,#4613,
#4614,#4615,#4616,#4617,#4618,#4619,#4620,#4621,#4622,#4623,#4624,#4625,
#4626,#4627,#4628,#4629,#4630,#4631,#4632,#4633,#4634,#4635,#4636,#4637,
#4638,#4639,#4640,#4641,#4642,#4643,#4644,#4645,#4646,#4647,#4648,#4649,
#4650,#4651,#4652,#4653,#4654,#4655,#4656,#4657,#4658,#4659,#4660,#4661,
#4662,#4663,#4664,#4665,#4666,#4667,#4668,#4669,#4670,#4671,#4672,#4673,
#4674,#4675,#4676,#4677,#4678,#4679,#4680,#4681,#4682,#4683,#4684,#4685,
#4686,#4687,#4688,#4689,#4690,#4691,#4692,#4693,#4694,#4695,#4696,#4697,
#4698,#4699,#4700,#4701,#4702,#4703,#4704,#4705,#4706,#4707,#4708,#4709,
#4710,#4711,#4712,#4713,#4714,#4715));
#4852=CLOSED_SHELL('',(#4716,#4717,#4718,#4719,#4720,#4721,#4722,#4723,
#4724,#4725,#4726,#4727,#4728,#4729,#4730,#4731,#4732,#4733,#4734,#4735,
#4736,#4737,#4738,#4739,#4740,#4741,#4742,#4743,#4744,#4745,#4746,#4747,
#4748,#4749,#4750,#4751,#4752,#4753,#4754,#4755));
#4853=CLOSED_SHELL('',(#4756,#4757,#4758,#4759,#4760,#4761,#4762,#4763,
#4764,#4765,#4766,#4767,#4768));
#4854=CLOSED_SHELL('',(#4769,#4770,#4771,#4772,#4773,#4774,#4775,#4776));
#4855=CLOSED_SHELL('',(#4777,#4778,#4779,#4780,#4781,#4782,#4783,#4784,
#4785,#4786,#4787,#4788,#4789,#4790,#4791,#4792,#4793,#4794,#4795,#4796,
#4797,#4798,#4799,#4800,#4801,#4802,#4803,#4804,#4805,#4806,#4807,#4808,
#4809,#4810,#4811,#4812,#4813,#4814,#4815,#4816,#4817,#4818,#4819));
#4856=CLOSED_SHELL('',(#4820,#4821,#4822,#4823,#4824,#4825,#4826,#4827,
#4828,#4829,#4830,#4831,#4832,#4833,#4834,#4835));
#4857=CLOSED_SHELL('',(#4836,#4837,#4838,#4839,#4840,#4841,#4842,#4843,
#4844,#4845,#4846,#4847,#4848,#4849,#4850));
#4858=DERIVED_UNIT_ELEMENT(#4864,1.);
#4859=DERIVED_UNIT_ELEMENT(#8153,-3.);
#4860=DERIVED_UNIT_ELEMENT(#4864,1.);
#4861=DERIVED_UNIT_ELEMENT(#8153,-3.);
#4862=DERIVED_UNIT_ELEMENT(#4864,1.);
#4863=DERIVED_UNIT_ELEMENT(#8153,-3.);
#4864=(
MASS_UNIT()
NAMED_UNIT(*)
SI_UNIT(.KILO.,.GRAM.)
);
#4865=DERIVED_UNIT((#4858,#4859));
#4866=DERIVED_UNIT((#4860,#4861));
#4867=DERIVED_UNIT((#4862,#4863));
#4868=MEASURE_REPRESENTATION_ITEM('density measure',
POSITIVE_RATIO_MEASURE(7850.),#4865);
#4869=MEASURE_REPRESENTATION_ITEM('density measure',
POSITIVE_RATIO_MEASURE(7850.),#4866);
#4870=MEASURE_REPRESENTATION_ITEM('density measure',
POSITIVE_RATIO_MEASURE(7850.),#4867);
#4871=PROPERTY_DEFINITION_REPRESENTATION(#4886,#4877);
#4872=PROPERTY_DEFINITION_REPRESENTATION(#4887,#4878);
#4873=PROPERTY_DEFINITION_REPRESENTATION(#4888,#4879);
#4874=PROPERTY_DEFINITION_REPRESENTATION(#4889,#4880);
#4875=PROPERTY_DEFINITION_REPRESENTATION(#4890,#4881);
#4876=PROPERTY_DEFINITION_REPRESENTATION(#4891,#4882);
#4877=REPRESENTATION('material name',(#4883),#8147);
#4878=REPRESENTATION('density',(#4868),#8147);
#4879=REPRESENTATION('material name',(#4884),#8148);
#4880=REPRESENTATION('density',(#4869),#8148);
#4881=REPRESENTATION('material name',(#4885),#8149);
#4882=REPRESENTATION('density',(#4870),#8149);
#4883=DESCRIPTIVE_REPRESENTATION_ITEM('Steel','Steel');
#4884=DESCRIPTIVE_REPRESENTATION_ITEM('Steel','Steel');
#4885=DESCRIPTIVE_REPRESENTATION_ITEM('Steel','Steel');
#4886=PROPERTY_DEFINITION('material property','material name',#8177);
#4887=PROPERTY_DEFINITION('material property','density of part',#8177);
#4888=PROPERTY_DEFINITION('material property','material name',#8178);
#4889=PROPERTY_DEFINITION('material property','density of part',#8178);
#4890=PROPERTY_DEFINITION('material property','material name',#8179);
#4891=PROPERTY_DEFINITION('material property','density of part',#8179);
#4892=AXIS2_PLACEMENT_3D('',#6543,#5257,#5258);
#4893=AXIS2_PLACEMENT_3D('',#6544,#5259,#5260);
#4894=AXIS2_PLACEMENT_3D('',#6545,#5261,#5262);
#4895=AXIS2_PLACEMENT_3D('',#6548,#5263,#5264);
#4896=AXIS2_PLACEMENT_3D('',#6552,#5266,#5267);
#4897=AXIS2_PLACEMENT_3D('',#6559,#5271,#5272);
#4898=AXIS2_PLACEMENT_3D('',#6560,#5273,#5274);
#4899=AXIS2_PLACEMENT_3D('',#6564,#5276,#5277);
#4900=AXIS2_PLACEMENT_3D('',#6566,#5279,#5280);
#4901=AXIS2_PLACEMENT_3D('',#6570,#5283,#5284);
#4902=AXIS2_PLACEMENT_3D('',#6573,#5286,#5287);
#4903=AXIS2_PLACEMENT_3D('',#6574,#5288,#5289);
#4904=AXIS2_PLACEMENT_3D('',#6581,#5293,#5294);
#4905=AXIS2_PLACEMENT_3D('',#6582,#5295,#5296);
#4906=AXIS2_PLACEMENT_3D('',#6585,#5297,#5298);
#4907=AXIS2_PLACEMENT_3D('',#6589,#5300,#5301);
#4908=AXIS2_PLACEMENT_3D('',#6596,#5305,#5306);
#4909=AXIS2_PLACEMENT_3D('',#6597,#5307,#5308);
#4910=AXIS2_PLACEMENT_3D('',#6601,#5310,#5311);
#4911=AXIS2_PLACEMENT_3D('',#6603,#5313,#5314);
#4912=AXIS2_PLACEMENT_3D('',#6607,#5317,#5318);
#4913=AXIS2_PLACEMENT_3D('',#6610,#5320,#5321);
#4914=AXIS2_PLACEMENT_3D('',#6611,#5322,#5323);
#4915=AXIS2_PLACEMENT_3D('',#6618,#5327,#5328);
#4916=AXIS2_PLACEMENT_3D('',#6619,#5329,#5330);
#4917=AXIS2_PLACEMENT_3D('',#6648,#5347,#5348);
#4918=AXIS2_PLACEMENT_3D('',#6657,#5353,#5354);
#4919=AXIS2_PLACEMENT_3D('',#6663,#5358,#5359);
#4920=AXIS2_PLACEMENT_3D('',#6669,#5363,#5364);
#4921=AXIS2_PLACEMENT_3D('',#6672,#5367,#5368);
#4922=AXIS2_PLACEMENT_3D('',#6673,#5369,#5370);
#4923=AXIS2_PLACEMENT_3D('',#6679,#5374,#5375);
#4924=AXIS2_PLACEMENT_3D('',#6685,#5379,#5380);
#4925=AXIS2_PLACEMENT_3D('',#6693,#5385,#5386);
#4926=AXIS2_PLACEMENT_3D('',#6699,#5390,#5391);
#4927=AXIS2_PLACEMENT_3D('',#6704,#5395,#5396);
#4928=AXIS2_PLACEMENT_3D('',#6706,#5398,#5399);
#4929=AXIS2_PLACEMENT_3D('',#6707,#5400,#5401);
#4930=AXIS2_PLACEMENT_3D('',#6713,#5405,#5406);
#4931=AXIS2_PLACEMENT_3D('',#6721,#5411,#5412);
#4932=AXIS2_PLACEMENT_3D('',#6727,#5416,#5417);
#4933=AXIS2_PLACEMENT_3D('',#6732,#5421,#5422);
#4934=AXIS2_PLACEMENT_3D('',#6734,#5424,#5425);
#4935=AXIS2_PLACEMENT_3D('',#6735,#5426,#5427);
#4936=AXIS2_PLACEMENT_3D('',#6741,#5431,#5432);
#4937=AXIS2_PLACEMENT_3D('',#6749,#5437,#5438);
#4938=AXIS2_PLACEMENT_3D('',#6755,#5442,#5443);
#4939=AXIS2_PLACEMENT_3D('',#6760,#5447,#5448);
#4940=AXIS2_PLACEMENT_3D('',#6762,#5450,#5451);
#4941=AXIS2_PLACEMENT_3D('',#6763,#5452,#5453);
#4942=AXIS2_PLACEMENT_3D('',#6769,#5457,#5458);
#4943=AXIS2_PLACEMENT_3D('',#6777,#5463,#5464);
#4944=AXIS2_PLACEMENT_3D('',#6783,#5468,#5469);
#4945=AXIS2_PLACEMENT_3D('',#6788,#5473,#5474);
#4946=AXIS2_PLACEMENT_3D('',#6790,#5476,#5477);
#4947=AXIS2_PLACEMENT_3D('',#6791,#5478,#5479);
#4948=AXIS2_PLACEMENT_3D('',#6797,#5483,#5484);
#4949=AXIS2_PLACEMENT_3D('',#6805,#5489,#5490);
#4950=AXIS2_PLACEMENT_3D('',#6811,#5494,#5495);
#4951=AXIS2_PLACEMENT_3D('',#6816,#5499,#5500);
#4952=AXIS2_PLACEMENT_3D('',#6818,#5502,#5503);
#4953=AXIS2_PLACEMENT_3D('',#6819,#5504,#5505);
#4954=AXIS2_PLACEMENT_3D('',#6825,#5509,#5510);
#4955=AXIS2_PLACEMENT_3D('',#6833,#5515,#5516);
#4956=AXIS2_PLACEMENT_3D('',#6839,#5520,#5521);
#4957=AXIS2_PLACEMENT_3D('',#6844,#5525,#5526);
#4958=AXIS2_PLACEMENT_3D('',#6846,#5528,#5529);
#4959=AXIS2_PLACEMENT_3D('',#6847,#5530,#5531);
#4960=AXIS2_PLACEMENT_3D('',#6853,#5535,#5536);
#4961=AXIS2_PLACEMENT_3D('',#6861,#5541,#5542);
#4962=AXIS2_PLACEMENT_3D('',#6867,#5546,#5547);
#4963=AXIS2_PLACEMENT_3D('',#6872,#5551,#5552);
#4964=AXIS2_PLACEMENT_3D('',#6874,#5554,#5555);
#4965=AXIS2_PLACEMENT_3D('',#6875,#5556,#5557);
#4966=AXIS2_PLACEMENT_3D('',#6881,#5561,#5562);
#4967=AXIS2_PLACEMENT_3D('',#6889,#5567,#5568);
#4968=AXIS2_PLACEMENT_3D('',#6895,#5572,#5573);
#4969=AXIS2_PLACEMENT_3D('',#6900,#5577,#5578);
#4970=AXIS2_PLACEMENT_3D('',#6902,#5580,#5581);
#4971=AXIS2_PLACEMENT_3D('',#6903,#5582,#5583);
#4972=AXIS2_PLACEMENT_3D('',#6909,#5587,#5588);
#4973=AXIS2_PLACEMENT_3D('',#6917,#5593,#5594);
#4974=AXIS2_PLACEMENT_3D('',#6923,#5598,#5599);
#4975=AXIS2_PLACEMENT_3D('',#6928,#5603,#5604);
#4976=AXIS2_PLACEMENT_3D('',#6930,#5606,#5607);
#4977=AXIS2_PLACEMENT_3D('',#6931,#5608,#5609);
#4978=AXIS2_PLACEMENT_3D('',#6937,#5613,#5614);
#4979=AXIS2_PLACEMENT_3D('',#6945,#5619,#5620);
#4980=AXIS2_PLACEMENT_3D('',#6951,#5624,#5625);
#4981=AXIS2_PLACEMENT_3D('',#6956,#5629,#5630);
#4982=AXIS2_PLACEMENT_3D('',#6958,#5632,#5633);
#4983=AXIS2_PLACEMENT_3D('',#6959,#5634,#5635);
#4984=AXIS2_PLACEMENT_3D('',#6965,#5639,#5640);
#4985=AXIS2_PLACEMENT_3D('',#6973,#5645,#5646);
#4986=AXIS2_PLACEMENT_3D('',#6979,#5650,#5651);
#4987=AXIS2_PLACEMENT_3D('',#6984,#5655,#5656);
#4988=AXIS2_PLACEMENT_3D('',#6986,#5658,#5659);
#4989=AXIS2_PLACEMENT_3D('',#6987,#5660,#5661);
#4990=AXIS2_PLACEMENT_3D('',#6993,#5665,#5666);
#4991=AXIS2_PLACEMENT_3D('',#6995,#5668,#5669);
#4992=AXIS2_PLACEMENT_3D('',#6997,#5671,#5672);
#4993=AXIS2_PLACEMENT_3D('',#7003,#5676,#5677);
#4994=AXIS2_PLACEMENT_3D('',#7004,#5678,#5679);
#4995=AXIS2_PLACEMENT_3D('',#7005,#5680,#5681);
#4996=AXIS2_PLACEMENT_3D('',#7007,#5682,#5683);
#4997=AXIS2_PLACEMENT_3D('',#7010,#5685,#5686);
#4998=AXIS2_PLACEMENT_3D('',#7011,#5687,#5688);
#4999=AXIS2_PLACEMENT_3D('',#7021,#5693,#5694);
#5000=AXIS2_PLACEMENT_3D('',#7024,#5696,#5697);
#5001=AXIS2_PLACEMENT_3D('',#7025,#5698,#5699);
#5002=AXIS2_PLACEMENT_3D('',#7027,#5700,#5701);
#5003=AXIS2_PLACEMENT_3D('',#7029,#5702,#5703);
#5004=AXIS2_PLACEMENT_3D('',#7031,#5705,#5706);
#5005=AXIS2_PLACEMENT_3D('',#7037,#5709,#5710);
#5006=AXIS2_PLACEMENT_3D('',#7044,#5714,#5715);
#5007=AXIS2_PLACEMENT_3D('',#7045,#5716,#5717);
#5008=AXIS2_PLACEMENT_3D('',#7047,#5718,#5719);
#5009=AXIS2_PLACEMENT_3D('',#7050,#5721,#5722);
#5010=AXIS2_PLACEMENT_3D('',#7051,#5723,#5724);
#5011=AXIS2_PLACEMENT_3D('',#7061,#5729,#5730);
#5012=AXIS2_PLACEMENT_3D('',#7064,#5732,#5733);
#5013=AXIS2_PLACEMENT_3D('',#7065,#5734,#5735);
#5014=AXIS2_PLACEMENT_3D('',#7067,#5736,#5737);
#5015=AXIS2_PLACEMENT_3D('',#7069,#5738,#5739);
#5016=AXIS2_PLACEMENT_3D('',#7071,#5741,#5742);
#5017=AXIS2_PLACEMENT_3D('',#7077,#5745,#5746);
#5018=AXIS2_PLACEMENT_3D('',#7084,#5750,#5751);
#5019=AXIS2_PLACEMENT_3D('',#7085,#5752,#5753);
#5020=AXIS2_PLACEMENT_3D('',#7087,#5755,#5756);
#5021=AXIS2_PLACEMENT_3D('',#7089,#5758,#5759);
#5022=AXIS2_PLACEMENT_3D('',#7092,#5762,#5763);
#5023=AXIS2_PLACEMENT_3D('',#7094,#5765,#5766);
#5024=AXIS2_PLACEMENT_3D('',#7097,#5769,#5770);
#5025=AXIS2_PLACEMENT_3D('',#7098,#5771,#5772);
#5026=AXIS2_PLACEMENT_3D('',#7100,#5774,#5775);
#5027=AXIS2_PLACEMENT_3D('',#7101,#5776,#5777);
#5028=AXIS2_PLACEMENT_3D('',#7103,#5779,#5780);
#5029=AXIS2_PLACEMENT_3D('',#7106,#5783,#5784);
#5030=AXIS2_PLACEMENT_3D('',#7107,#5785,#5786);
#5031=AXIS2_PLACEMENT_3D('',#7109,#5788,#5789);
#5032=AXIS2_PLACEMENT_3D('',#7113,#5791,#5792);
#5033=AXIS2_PLACEMENT_3D('',#7115,#5793,#5794);
#5034=AXIS2_PLACEMENT_3D('',#7116,#5795,#5796);
#5035=AXIS2_PLACEMENT_3D('',#7117,#5797,#5798);
#5036=AXIS2_PLACEMENT_3D('',#7119,#5799,#5800);
#5037=AXIS2_PLACEMENT_3D('',#7121,#5802,#5803);
#5038=AXIS2_PLACEMENT_3D('',#7123,#5804,#5805);
#5039=AXIS2_PLACEMENT_3D('',#7126,#5807,#5808);
#5040=AXIS2_PLACEMENT_3D('',#7127,#5809,#5810);
#5041=AXIS2_PLACEMENT_3D('',#7133,#5814,#5815);
#5042=AXIS2_PLACEMENT_3D('',#7137,#5818,#5819);
#5043=AXIS2_PLACEMENT_3D('',#7141,#5822,#5823);
#5044=AXIS2_PLACEMENT_3D('',#7151,#5829,#5830);
#5045=AXIS2_PLACEMENT_3D('',#7154,#5833,#5834);
#5046=AXIS2_PLACEMENT_3D('',#7158,#5837,#5838);
#5047=AXIS2_PLACEMENT_3D('',#7162,#5841,#5842);
#5048=AXIS2_PLACEMENT_3D('',#7164,#5844,#5845);
#5049=AXIS2_PLACEMENT_3D('',#7166,#5847,#5848);
#5050=AXIS2_PLACEMENT_3D('',#7167,#5849,#5850);
#5051=AXIS2_PLACEMENT_3D('',#7168,#5851,#5852);
#5052=AXIS2_PLACEMENT_3D('',#7171,#5853,#5854);
#5053=AXIS2_PLACEMENT_3D('',#7175,#5856,#5857);
#5054=AXIS2_PLACEMENT_3D('',#7179,#5860,#5861);
#5055=AXIS2_PLACEMENT_3D('',#7201,#5873,#5874);
#5056=AXIS2_PLACEMENT_3D('',#7203,#5875,#5876);
#5057=AXIS2_PLACEMENT_3D('',#7205,#5877,#5878);
#5058=AXIS2_PLACEMENT_3D('',#7209,#5881,#5882);
#5059=AXIS2_PLACEMENT_3D('',#7218,#5887,#5888);
#5060=AXIS2_PLACEMENT_3D('',#7220,#5889,#5890);
#5061=AXIS2_PLACEMENT_3D('',#7223,#5892,#5893);
#5062=AXIS2_PLACEMENT_3D('',#7224,#5894,#5895);
#5063=AXIS2_PLACEMENT_3D('',#7233,#5900,#5901);
#5064=AXIS2_PLACEMENT_3D('',#7239,#5905,#5906);
#5065=AXIS2_PLACEMENT_3D('',#7245,#5910,#5911);
#5066=AXIS2_PLACEMENT_3D('',#7251,#5915,#5916);
#5067=AXIS2_PLACEMENT_3D('',#7257,#5920,#5921);
#5068=AXIS2_PLACEMENT_3D('',#7260,#5924,#5925);
#5069=AXIS2_PLACEMENT_3D('',#7261,#5926,#5927);
#5070=AXIS2_PLACEMENT_3D('',#7270,#5932,#5933);
#5071=AXIS2_PLACEMENT_3D('',#7273,#5936,#5937);
#5072=AXIS2_PLACEMENT_3D('',#7282,#5942,#5943);
#5073=AXIS2_PLACEMENT_3D('',#7285,#5946,#5947);
#5074=AXIS2_PLACEMENT_3D('',#7294,#5952,#5953);
#5075=AXIS2_PLACEMENT_3D('',#7297,#5956,#5957);
#5076=AXIS2_PLACEMENT_3D('',#7306,#5962,#5963);
#5077=AXIS2_PLACEMENT_3D('',#7309,#5966,#5967);
#5078=AXIS2_PLACEMENT_3D('',#7313,#5969,#5970);
#5079=AXIS2_PLACEMENT_3D('',#7317,#5972,#5973);
#5080=AXIS2_PLACEMENT_3D('',#7320,#5975,#5976);
#5081=AXIS2_PLACEMENT_3D('',#7321,#5977,#5978);
#5082=AXIS2_PLACEMENT_3D('',#7322,#5979,#5980);
#5083=AXIS2_PLACEMENT_3D('',#7325,#5983,#5984);
#5084=AXIS2_PLACEMENT_3D('',#7328,#5987,#5988);
#5085=AXIS2_PLACEMENT_3D('',#7330,#5989,#5990);
#5086=AXIS2_PLACEMENT_3D('',#7332,#5992,#5993);
#5087=AXIS2_PLACEMENT_3D('',#7334,#5994,#5995);
#5088=AXIS2_PLACEMENT_3D('',#7335,#5996,#5997);
#5089=AXIS2_PLACEMENT_3D('',#7338,#5999,#6000);
#5090=AXIS2_PLACEMENT_3D('',#7339,#6001,#6002);
#5091=AXIS2_PLACEMENT_3D('',#7342,#6003,#6004);
#5092=AXIS2_PLACEMENT_3D('',#7346,#6006,#6007);
#5093=AXIS2_PLACEMENT_3D('',#7348,#6009,#6010);
#5094=AXIS2_PLACEMENT_3D('',#7352,#6012,#6013);
#5095=AXIS2_PLACEMENT_3D('',#7355,#6016,#6017);
#5096=AXIS2_PLACEMENT_3D('',#7359,#6020,#6021);
#5097=AXIS2_PLACEMENT_3D('',#7361,#6022,#6023);
#5098=AXIS2_PLACEMENT_3D('',#7363,#6025,#6026);
#5099=AXIS2_PLACEMENT_3D('',#7367,#6028,#6029);
#5100=AXIS2_PLACEMENT_3D('',#7369,#6031,#6032);
#5101=AXIS2_PLACEMENT_3D('',#7373,#6034,#6035);
#5102=AXIS2_PLACEMENT_3D('',#7376,#6038,#6039);
#5103=AXIS2_PLACEMENT_3D('',#7378,#6041,#6042);
#5104=AXIS2_PLACEMENT_3D('',#7380,#6044,#6045);
#5105=AXIS2_PLACEMENT_3D('',#7382,#6047,#6048);
#5106=AXIS2_PLACEMENT_3D('',#7384,#6050,#6051);
#5107=AXIS2_PLACEMENT_3D('',#7385,#6052,#6053);
#5108=AXIS2_PLACEMENT_3D('',#7386,#6054,#6055);
#5109=AXIS2_PLACEMENT_3D('',#7387,#6056,#6057);
#5110=AXIS2_PLACEMENT_3D('',#7388,#6058,#6059);
#5111=AXIS2_PLACEMENT_3D('',#7389,#6060,#6061);
#5112=AXIS2_PLACEMENT_3D('',#7392,#6062,#6063);
#5113=AXIS2_PLACEMENT_3D('',#7396,#6065,#6066);
#5114=AXIS2_PLACEMENT_3D('',#7398,#6068,#6069);
#5115=AXIS2_PLACEMENT_3D('',#7401,#6070,#6071);
#5116=AXIS2_PLACEMENT_3D('',#7405,#6073,#6074);
#5117=AXIS2_PLACEMENT_3D('',#7407,#6076,#6077);
#5118=AXIS2_PLACEMENT_3D('',#7411,#6079,#6080);
#5119=AXIS2_PLACEMENT_3D('',#7413,#6082,#6083);
#5120=AXIS2_PLACEMENT_3D('',#7414,#6084,#6085);
#5121=AXIS2_PLACEMENT_3D('',#7418,#6087,#6088);
#5122=AXIS2_PLACEMENT_3D('',#7420,#6090,#6091);
#5123=AXIS2_PLACEMENT_3D('',#7421,#6092,#6093);
#5124=AXIS2_PLACEMENT_3D('',#7422,#6094,#6095);
#5125=AXIS2_PLACEMENT_3D('',#7425,#6098,#6099);
#5126=AXIS2_PLACEMENT_3D('',#7436,#6106,#6107);
#5127=AXIS2_PLACEMENT_3D('',#7442,#6111,#6112);
#5128=AXIS2_PLACEMENT_3D('',#7448,#6116,#6117);
#5129=AXIS2_PLACEMENT_3D('',#7454,#6121,#6122);
#5130=AXIS2_PLACEMENT_3D('',#7456,#6124,#6125);
#5131=AXIS2_PLACEMENT_3D('',#7458,#6127,#6128);
#5132=AXIS2_PLACEMENT_3D('',#7459,#6129,#6130);
#5133=AXIS2_PLACEMENT_3D('',#7460,#6131,#6132);
#5134=AXIS2_PLACEMENT_3D('',#7463,#6133,#6134);
#5135=AXIS2_PLACEMENT_3D('',#7467,#6136,#6137);
#5136=AXIS2_PLACEMENT_3D('',#7470,#6139,#6140);
#5137=AXIS2_PLACEMENT_3D('',#7472,#6141,#6142);
#5138=AXIS2_PLACEMENT_3D('',#7473,#6143,#6144);
#5139=AXIS2_PLACEMENT_3D('',#7475,#6145,#6146);
#5140=AXIS2_PLACEMENT_3D('',#7477,#6148,#6149);
#5141=AXIS2_PLACEMENT_3D('',#7479,#6150,#6151);
#5142=AXIS2_PLACEMENT_3D('',#7481,#6153,#6154);
#5143=AXIS2_PLACEMENT_3D('',#7487,#6158,#6159);
#5144=AXIS2_PLACEMENT_3D('',#7489,#6160,#6161);
#5145=AXIS2_PLACEMENT_3D('',#7491,#6163,#6164);
#5146=AXIS2_PLACEMENT_3D('',#7495,#6167,#6168);
#5147=AXIS2_PLACEMENT_3D('',#7496,#6169,#6170);
#5148=AXIS2_PLACEMENT_3D('',#7497,#6171,#6172);
#5149=AXIS2_PLACEMENT_3D('',#7498,#6173,#6174);
#5150=AXIS2_PLACEMENT_3D('',#7499,#6175,#6176);
#5151=AXIS2_PLACEMENT_3D('',#7501,#6177,#6178);
#5152=AXIS2_PLACEMENT_3D('',#7504,#6180,#6181);
#5153=AXIS2_PLACEMENT_3D('',#7505,#6182,#6183);
#5154=AXIS2_PLACEMENT_3D('',#7507,#6184,#6185);
#5155=AXIS2_PLACEMENT_3D('',#7510,#6187,#6188);
#5156=AXIS2_PLACEMENT_3D('',#7511,#6189,#6190);
#5157=AXIS2_PLACEMENT_3D('',#7520,#6195,#6196);
#5158=AXIS2_PLACEMENT_3D('',#7526,#6200,#6201);
#5159=AXIS2_PLACEMENT_3D('',#7542,#6209,#6210);
#5160=AXIS2_PLACEMENT_3D('',#7642,#6232,#6233);
#5161=AXIS2_PLACEMENT_3D('',#7644,#6234,#6235);
#5162=AXIS2_PLACEMENT_3D('',#7646,#6236,#6237);
#5163=AXIS2_PLACEMENT_3D('',#7647,#6238,#6239);
#5164=AXIS2_PLACEMENT_3D('',#7653,#6243,#6244);
#5165=AXIS2_PLACEMENT_3D('',#7657,#6247,#6248);
#5166=AXIS2_PLACEMENT_3D('',#7661,#6251,#6252);
#5167=AXIS2_PLACEMENT_3D('',#7667,#6256,#6257);
#5168=AXIS2_PLACEMENT_3D('',#7671,#6260,#6261);
#5169=AXIS2_PLACEMENT_3D('',#7675,#6264,#6265);
#5170=AXIS2_PLACEMENT_3D('',#7681,#6269,#6270);
#5171=AXIS2_PLACEMENT_3D('',#7685,#6273,#6274);
#5172=AXIS2_PLACEMENT_3D('',#7689,#6277,#6278);
#5173=AXIS2_PLACEMENT_3D('',#7691,#6280,#6281);
#5174=AXIS2_PLACEMENT_3D('',#7697,#6285,#6286);
#5175=AXIS2_PLACEMENT_3D('',#7701,#6289,#6290);
#5176=AXIS2_PLACEMENT_3D('',#7705,#6293,#6294);
#5177=AXIS2_PLACEMENT_3D('',#7707,#6296,#6297);
#5178=AXIS2_PLACEMENT_3D('',#7711,#6300,#6301);
#5179=AXIS2_PLACEMENT_3D('',#7714,#6303,#6304);
#5180=AXIS2_PLACEMENT_3D('',#7715,#6305,#6306);
#5181=AXIS2_PLACEMENT_3D('',#7717,#6308,#6309);
#5182=AXIS2_PLACEMENT_3D('',#7719,#6310,#6311);
#5183=AXIS2_PLACEMENT_3D('',#7721,#6313,#6314);
#5184=AXIS2_PLACEMENT_3D('',#7725,#6317,#6318);
#5185=AXIS2_PLACEMENT_3D('',#7729,#6321,#6322);
#5186=AXIS2_PLACEMENT_3D('',#7733,#6325,#6326);
#5187=AXIS2_PLACEMENT_3D('',#7808,#6336,#6337);
#5188=AXIS2_PLACEMENT_3D('',#7810,#6338,#6339);
#5189=AXIS2_PLACEMENT_3D('',#7811,#6340,#6341);
#5190=AXIS2_PLACEMENT_3D('',#7818,#6342,#6343);
#5191=AXIS2_PLACEMENT_3D('',#7826,#6345,#6346);
#5192=AXIS2_PLACEMENT_3D('',#7828,#6348,#6349);
#5193=AXIS2_PLACEMENT_3D('',#7919,#6352,#6353);
#5194=AXIS2_PLACEMENT_3D('',#7921,#6355,#6356);
#5195=AXIS2_PLACEMENT_3D('',#7923,#6358,#6359);
#5196=AXIS2_PLACEMENT_3D('',#7964,#6360,#6361);
#5197=AXIS2_PLACEMENT_3D('',#7966,#6363,#6364);
#5198=AXIS2_PLACEMENT_3D('',#7968,#6366,#6367);
#5199=AXIS2_PLACEMENT_3D('',#7969,#6368,#6369);
#5200=AXIS2_PLACEMENT_3D('',#7970,#6370,#6371);
#5201=AXIS2_PLACEMENT_3D('',#7972,#6372,#6373);
#5202=AXIS2_PLACEMENT_3D('',#7975,#6375,#6376);
#5203=AXIS2_PLACEMENT_3D('',#7976,#6377,#6378);
#5204=AXIS2_PLACEMENT_3D('',#7978,#6379,#6380);
#5205=AXIS2_PLACEMENT_3D('',#7981,#6382,#6383);
#5206=AXIS2_PLACEMENT_3D('',#7982,#6384,#6385);
#5207=AXIS2_PLACEMENT_3D('',#7985,#6386,#6387);
#5208=AXIS2_PLACEMENT_3D('',#7989,#6389,#6390);
#5209=AXIS2_PLACEMENT_3D('',#7991,#6392,#6393);
#5210=AXIS2_PLACEMENT_3D('',#7997,#6397,#6398);
#5211=AXIS2_PLACEMENT_3D('',#8004,#6402,#6403);
#5212=AXIS2_PLACEMENT_3D('',#8005,#6404,#6405);
#5213=AXIS2_PLACEMENT_3D('',#8007,#6406,#6407);
#5214=AXIS2_PLACEMENT_3D('',#8009,#6409,#6410);
#5215=AXIS2_PLACEMENT_3D('',#8012,#6411,#6412);
#5216=AXIS2_PLACEMENT_3D('',#8016,#6414,#6415);
#5217=AXIS2_PLACEMENT_3D('',#8018,#6417,#6418);
#5218=AXIS2_PLACEMENT_3D('',#8024,#6422,#6423);
#5219=AXIS2_PLACEMENT_3D('',#8031,#6427,#6428);
#5220=AXIS2_PLACEMENT_3D('',#8032,#6429,#6430);
#5221=AXIS2_PLACEMENT_3D('',#8034,#6431,#6432);
#5222=AXIS2_PLACEMENT_3D('',#8036,#6434,#6435);
#5223=AXIS2_PLACEMENT_3D('',#8042,#6439,#6440);
#5224=AXIS2_PLACEMENT_3D('',#8047,#6444,#6445);
#5225=AXIS2_PLACEMENT_3D('',#8051,#6448,#6449);
#5226=AXIS2_PLACEMENT_3D('',#8053,#6451,#6452);
#5227=AXIS2_PLACEMENT_3D('',#8055,#6454,#6455);
#5228=AXIS2_PLACEMENT_3D('',#8056,#6456,#6457);
#5229=AXIS2_PLACEMENT_3D('',#8058,#6458,#6459);
#5230=AXIS2_PLACEMENT_3D('',#8061,#6461,#6462);
#5231=AXIS2_PLACEMENT_3D('',#8062,#6463,#6464);
#5232=AXIS2_PLACEMENT_3D('',#8064,#6465,#6466);
#5233=AXIS2_PLACEMENT_3D('',#8067,#6468,#6469);
#5234=AXIS2_PLACEMENT_3D('',#8068,#6470,#6471);
#5235=AXIS2_PLACEMENT_3D('',#8071,#6472,#6473);
#5236=AXIS2_PLACEMENT_3D('',#8075,#6475,#6476);
#5237=AXIS2_PLACEMENT_3D('',#8077,#6478,#6479);
#5238=AXIS2_PLACEMENT_3D('',#8083,#6483,#6484);
#5239=AXIS2_PLACEMENT_3D('',#8090,#6488,#6489);
#5240=AXIS2_PLACEMENT_3D('',#8091,#6490,#6491);
#5241=AXIS2_PLACEMENT_3D('',#8094,#6493,#6494);
#5242=AXIS2_PLACEMENT_3D('',#8095,#6495,#6496);
#5243=AXIS2_PLACEMENT_3D('',#8098,#6497,#6498);
#5244=AXIS2_PLACEMENT_3D('',#8102,#6500,#6501);
#5245=AXIS2_PLACEMENT_3D('',#8104,#6503,#6504);
#5246=AXIS2_PLACEMENT_3D('',#8112,#6509,#6510);
#5247=AXIS2_PLACEMENT_3D('',#8116,#6513,#6514);
#5248=AXIS2_PLACEMENT_3D('',#8122,#6518,#6519);
#5249=AXIS2_PLACEMENT_3D('',#8127,#6523,#6524);
#5250=AXIS2_PLACEMENT_3D('',#8131,#6527,#6528);
#5251=AXIS2_PLACEMENT_3D('',#8133,#6530,#6531);
#5252=AXIS2_PLACEMENT_3D('',#8135,#6533,#6534);
#5253=AXIS2_PLACEMENT_3D('',#8136,#6535,#6536);
#5254=AXIS2_PLACEMENT_3D('',#8137,#6537,#6538);
#5255=AXIS2_PLACEMENT_3D('',#8138,#6539,#6540);
#5256=AXIS2_PLACEMENT_3D('',#8139,#6541,#6542);
#5257=DIRECTION('axis',(0.,0.,1.));
#5258=DIRECTION('refdir',(1.,0.,0.));
#5259=DIRECTION('axis',(0.,0.,1.));
#5260=DIRECTION('refdir',(1.,0.,0.));
#5261=DIRECTION('center_axis',(-1.,0.,4.81629727711086E-15));
#5262=DIRECTION('ref_axis',(-4.81629727711086E-15,-7.88860905221032E-31,
-1.));
#5263=DIRECTION('center_axis',(1.,0.,-4.81629727711086E-15));
#5264=DIRECTION('ref_axis',(0.,-0.707106781186548,-0.707106781186548));
#5265=DIRECTION('',(-4.81629727711086E-15,0.,-1.));
#5266=DIRECTION('center_axis',(1.,0.,-4.81629727711086E-15));
#5267=DIRECTION('ref_axis',(0.,-0.707106781186548,0.707106781186548));
#5268=DIRECTION('',(-2.84954147237639E-45,-1.,-5.91645678915761E-31));
#5269=DIRECTION('',(4.81629727711086E-15,-6.29528741810288E-30,1.));
#5270=DIRECTION('',(0.,1.,0.));
#5271=DIRECTION('center_axis',(-1.,0.,4.81629727711086E-15));
#5272=DIRECTION('ref_axis',(0.,-7.88860905221013E-31,-1.));
#5273=DIRECTION('center_axis',(-1.,0.,-7.00649232162412E-46));
#5274=DIRECTION('ref_axis',(0.,-0.707106781186548,0.707106781186548));
#5275=DIRECTION('',(1.,0.,-3.5527136788005E-15));
#5276=DIRECTION('center_axis',(1.,0.,-4.81629727711086E-15));
#5277=DIRECTION('ref_axis',(0.,-0.707106781186548,0.707106781186548));
#5278=DIRECTION('',(-1.,0.,-7.00649232162412E-46));
#5279=DIRECTION('center_axis',(0.,-1.,0.));
#5280=DIRECTION('ref_axis',(0.,0.,-1.));
#5281=DIRECTION('',(1.,0.,-3.5527136788005E-15));
#5282=DIRECTION('',(-4.81629727711086E-15,-7.88860905221032E-31,-1.));
#5283=DIRECTION('center_axis',(1.,0.,-8.66760919611587E-29));
#5284=DIRECTION('ref_axis',(0.,-0.707106781186548,-0.707106781186548));
#5285=DIRECTION('',(1.,0.,-3.5527136788005E-15));
#5286=DIRECTION('center_axis',(1.,0.,-4.81629727711086E-15));
#5287=DIRECTION('ref_axis',(0.,-0.707106781186548,-0.707106781186548));
#5288=DIRECTION('center_axis',(1.,0.,-4.81629727711086E-15));
#5289=DIRECTION('ref_axis',(4.81629727711086E-15,7.88860905221032E-31,1.));
#5290=DIRECTION('',(0.,1.,0.));
#5291=DIRECTION('',(-4.81629727711086E-15,6.29528741810288E-30,-1.));
#5292=DIRECTION('',(0.,-1.,0.));
#5293=DIRECTION('center_axis',(-1.,0.,4.81629727711086E-15));
#5294=DIRECTION('ref_axis',(0.,-7.88860905221013E-31,-1.));
#5295=DIRECTION('center_axis',(-1.,0.,1.60543242570368E-15));
#5296=DIRECTION('ref_axis',(-1.60543242570368E-15,-7.88860905221019E-31,
-1.));
#5297=DIRECTION('center_axis',(1.,0.,-1.60543242570368E-15));
#5298=DIRECTION('ref_axis',(-4.18691322315673E-15,-0.707106781186548,-0.707106781186548));
#5299=DIRECTION('',(-1.60543242570368E-15,0.,-1.));
#5300=DIRECTION('center_axis',(1.,0.,-1.60543242570368E-15));
#5301=DIRECTION('ref_axis',(0.,-0.707106781186548,0.707106781186548));
#5302=DIRECTION('',(-9.4984715745883E-46,-1.,-5.91645678915761E-31));
#5303=DIRECTION('',(1.60543242570368E-15,-2.4928595919782E-30,1.));
#5304=DIRECTION('',(0.,1.,0.));
#5305=DIRECTION('center_axis',(-1.,0.,1.60543242570368E-15));
#5306=DIRECTION('ref_axis',(0.,-7.88860905221013E-31,-1.));
#5307=DIRECTION('center_axis',(-1.,0.,-7.00649232162412E-46));
#5308=DIRECTION('ref_axis',(0.,-0.707106781186548,0.707106781186548));
#5309=DIRECTION('',(1.,0.,-2.96059473233375E-15));
#5310=DIRECTION('center_axis',(1.,0.,-1.60543242570368E-15));
#5311=DIRECTION('ref_axis',(0.,-0.707106781186548,0.707106781186548));
#5312=DIRECTION('',(-1.,0.,-7.00649232162412E-46));
#5313=DIRECTION('center_axis',(0.,-1.,0.));
#5314=DIRECTION('ref_axis',(0.,0.,-1.));
#5315=DIRECTION('',(1.,0.,-2.96059473233375E-15));
#5316=DIRECTION('',(-1.60543242570368E-15,0.,-1.));
#5317=DIRECTION('center_axis',(1.,0.,-6.05448260439629E-15));
#5318=DIRECTION('ref_axis',(-4.18691322315673E-15,-0.707106781186548,-0.707106781186548));
#5319=DIRECTION('',(1.,0.,-2.96059473233375E-15));
#5320=DIRECTION('center_axis',(1.,0.,-1.60543242570368E-15));
#5321=DIRECTION('ref_axis',(-4.18691322315673E-15,-0.707106781186548,-0.707106781186548));
#5322=DIRECTION('center_axis',(1.,0.,-1.60543242570368E-15));
#5323=DIRECTION('ref_axis',(1.60543242570368E-15,7.88860905221019E-31,1.));
#5324=DIRECTION('',(0.,1.,0.));
#5325=DIRECTION('',(-1.60543242570368E-15,2.4928595919782E-30,-1.));
#5326=DIRECTION('',(-9.4984715745883E-46,-1.,-5.91645678915761E-31));
#5327=DIRECTION('center_axis',(-1.,0.,1.60543242570368E-15));
#5328=DIRECTION('ref_axis',(0.,-7.88860905221013E-31,-1.));
#5329=DIRECTION('center_axis',(-1.1842378929335E-15,-1.,-5.91645678915761E-31));
#5330=DIRECTION('ref_axis',(3.8210450096642E-31,-5.91645678915762E-31,1.));
#5331=DIRECTION('',(-1.,1.1842378929335E-15,3.5527136788005E-15));
#5332=DIRECTION('',(-1.,1.1842378929335E-15,0.));
#5333=DIRECTION('',(3.8210450096642E-31,-5.91645678915762E-31,1.));
#5334=DIRECTION('',(-1.,1.1842378929335E-15,0.));
#5335=DIRECTION('',(-8.66760919611587E-29,5.91645678915864E-31,-1.));
#5336=DIRECTION('',(1.,-1.1842378929335E-15,-8.66760919611587E-29));
#5337=DIRECTION('',(8.66760919611587E-29,-5.91645678915864E-31,1.));
#5338=DIRECTION('',(-1.,1.1842378929335E-15,0.));
#5339=DIRECTION('',(-8.66760919611587E-29,5.91645678915864E-31,-1.));
#5340=DIRECTION('',(1.,-1.1842378929335E-15,-8.66760919611587E-29));
#5341=DIRECTION('',(8.66760919611587E-29,-5.91645678915864E-31,1.));
#5342=DIRECTION('',(-1.,1.1842378929335E-15,0.));
#5343=DIRECTION('',(-3.8210450096642E-31,5.91645678915762E-31,-1.));
#5344=DIRECTION('',(-1.,1.1842378929335E-15,0.));
#5345=DIRECTION('',(-1.,1.1842378929335E-15,6.05448260439629E-15));
#5346=DIRECTION('',(-1.,1.1842378929335E-15,0.));
#5347=DIRECTION('center_axis',(1.,-5.48866460139084E-33,-7.24435335407851E-24));
#5348=DIRECTION('ref_axis',(-7.24435335407851E-24,-7.57649420494081E-10,
-1.));
#5349=DIRECTION('',(0.,-5.91645678915761E-31,1.));
#5350=DIRECTION('',(0.,1.,-7.57647278248896E-10));
#5351=DIRECTION('',(-7.24435335407851E-24,-7.57649420494081E-10,-1.));
#5352=DIRECTION('',(0.,1.,-7.57647278248896E-10));
#5353=DIRECTION('center_axis',(7.24435335434979E-24,7.57647278248896E-10,
1.));
#5354=DIRECTION('ref_axis',(1.,1.26632692033892E-19,-7.24444929726425E-24));
#5355=DIRECTION('',(-1.,1.1842378929335E-15,6.34711873796952E-24));
#5356=DIRECTION('',(1.,1.26632692033892E-19,-7.24444929726425E-24));
#5357=DIRECTION('',(0.,1.,-7.57647278248896E-10));
#5358=DIRECTION('center_axis',(-1.,5.48866460139084E-33,7.24435335407851E-24));
#5359=DIRECTION('ref_axis',(7.24435335407851E-24,7.57649420494081E-10,1.));
#5360=DIRECTION('',(-7.6420900193284E-31,5.91645678915762E-31,-1.));
#5361=DIRECTION('',(7.24435335407851E-24,7.57649420494081E-10,1.));
#5362=DIRECTION('',(0.,1.,-7.57647278248896E-10));
#5363=DIRECTION('center_axis',(-7.24435335434979E-24,-7.57647278248896E-10,
-1.));
#5364=DIRECTION('ref_axis',(-1.,-1.26632692034048E-19,7.24444929726425E-24));
#5365=DIRECTION('',(1.,-1.1842378929335E-15,-6.34711873796952E-24));
#5366=DIRECTION('',(-1.,-1.26632692034048E-19,7.24444929726425E-24));
#5367=DIRECTION('center_axis',(0.,1.,-7.57647278248896E-10));
#5368=DIRECTION('ref_axis',(0.,7.57647278248896E-10,1.));
#5369=DIRECTION('center_axis',(1.1842378929335E-15,1.,5.91645678915761E-31));
#5370=DIRECTION('ref_axis',(-3.8210450096642E-31,5.91645678915762E-31,-1.));
#5371=DIRECTION('',(-7.6420900193284E-31,5.91645678915762E-31,-1.));
#5372=DIRECTION('',(1.,-1.1842378929335E-15,-6.34711873796952E-24));
#5373=DIRECTION('',(0.,-5.91645678915761E-31,1.));
#5374=DIRECTION('center_axis',(1.1842378929335E-15,1.,5.91645678915761E-31));
#5375=DIRECTION('ref_axis',(-3.8210450096642E-31,5.91645678915762E-31,-1.));
#5376=DIRECTION('',(0.,-5.91645678915761E-31,1.));
#5377=DIRECTION('',(1.,-1.1842378929335E-15,0.));
#5378=DIRECTION('',(-7.6420900193284E-31,5.91645678915762E-31,-1.));
#5379=DIRECTION('center_axis',(1.,-5.48866460139084E-33,-7.24435335407851E-24));
#5380=DIRECTION('ref_axis',(-7.24435335407851E-24,-7.57649420494081E-10,
-1.));
#5381=DIRECTION('',(0.,-5.91645678915761E-31,1.));
#5382=DIRECTION('',(0.,1.,-7.57647278248896E-10));
#5383=DIRECTION('',(-7.24435335407851E-24,-7.57649420494081E-10,-1.));
#5384=DIRECTION('',(0.,1.,-7.57647278248896E-10));
#5385=DIRECTION('center_axis',(7.24435335434979E-24,7.57647278248896E-10,
1.));
#5386=DIRECTION('ref_axis',(1.,1.26632692033892E-19,-7.24444929726425E-24));
#5387=DIRECTION('',(-1.,1.1842378929335E-15,6.34711873796952E-24));
#5388=DIRECTION('',(1.,1.26632692033892E-19,-7.24444929726425E-24));
#5389=DIRECTION('',(0.,1.,-7.57647278248896E-10));
#5390=DIRECTION('center_axis',(-1.,5.48866460139084E-33,7.24435335407851E-24));
#5391=DIRECTION('ref_axis',(7.24435335407851E-24,7.57649420494081E-10,1.));
#5392=DIRECTION('',(-7.6420900193284E-31,5.91645678915762E-31,-1.));
#5393=DIRECTION('',(7.24435335407851E-24,7.57649420494081E-10,1.));
#5394=DIRECTION('',(0.,1.,-7.57647278248896E-10));
#5395=DIRECTION('center_axis',(-7.24435335434979E-24,-7.57647278248896E-10,
-1.));
#5396=DIRECTION('ref_axis',(-1.,-1.26632692034048E-19,7.24444929726425E-24));
#5397=DIRECTION('',(-1.,-1.26632692034048E-19,7.24444929726425E-24));
#5398=DIRECTION('center_axis',(0.,1.,-7.57647278248896E-10));
#5399=DIRECTION('ref_axis',(0.,7.57647278248896E-10,1.));
#5400=DIRECTION('center_axis',(1.1842378929335E-15,1.,5.91645678915761E-31));
#5401=DIRECTION('ref_axis',(-3.8210450096642E-31,5.91645678915762E-31,-1.));
#5402=DIRECTION('',(-7.6420900193284E-31,5.91645678915762E-31,-1.));
#5403=DIRECTION('',(1.,-1.1842378929335E-15,-6.34711873796952E-24));
#5404=DIRECTION('',(0.,-5.91645678915761E-31,1.));
#5405=DIRECTION('center_axis',(1.,-5.48866460139084E-33,-7.24435335407851E-24));
#5406=DIRECTION('ref_axis',(-7.24435335407851E-24,-7.57649420494081E-10,
-1.));
#5407=DIRECTION('',(0.,-5.91645678915761E-31,1.));
#5408=DIRECTION('',(0.,1.,-7.57647278248896E-10));
#5409=DIRECTION('',(-7.24435335407851E-24,-7.57649420494081E-10,-1.));
#5410=DIRECTION('',(0.,1.,-7.57647278248896E-10));
#5411=DIRECTION('center_axis',(7.24435335434979E-24,7.57647278248896E-10,
1.));
#5412=DIRECTION('ref_axis',(1.,1.26632692033892E-19,-7.24444929726425E-24));
#5413=DIRECTION('',(-1.,1.1842378929335E-15,6.34711873796952E-24));
#5414=DIRECTION('',(1.,1.26632692033892E-19,-7.24444929726425E-24));
#5415=DIRECTION('',(0.,1.,-7.57647278248896E-10));
#5416=DIRECTION('center_axis',(-1.,5.48866460139084E-33,7.24435335407851E-24));
#5417=DIRECTION('ref_axis',(7.24435335407851E-24,7.57649420494081E-10,1.));
#5418=DIRECTION('',(-7.6420900193284E-31,5.91645678915762E-31,-1.));
#5419=DIRECTION('',(7.24435335407851E-24,7.57649420494081E-10,1.));
#5420=DIRECTION('',(0.,1.,-7.57647278248896E-10));
#5421=DIRECTION('center_axis',(-7.24435335434979E-24,-7.57647278248896E-10,
-1.));
#5422=DIRECTION('ref_axis',(-1.,-1.26632692034048E-19,7.24444929726425E-24));
#5423=DIRECTION('',(-1.,-1.26632692034048E-19,7.24444929726425E-24));
#5424=DIRECTION('center_axis',(0.,1.,-7.57647278248896E-10));
#5425=DIRECTION('ref_axis',(0.,7.57647278248896E-10,1.));
#5426=DIRECTION('center_axis',(1.1842378929335E-15,1.,5.91645678915761E-31));
#5427=DIRECTION('ref_axis',(-3.8210450096642E-31,5.91645678915762E-31,-1.));
#5428=DIRECTION('',(-7.6420900193284E-31,5.91645678915762E-31,-1.));
#5429=DIRECTION('',(1.,-1.1842378929335E-15,-6.34711873796952E-24));
#5430=DIRECTION('',(0.,-5.91645678915761E-31,1.));
#5431=DIRECTION('center_axis',(1.,-5.48866460139084E-33,-7.24435335407851E-24));
#5432=DIRECTION('ref_axis',(-7.24435335407851E-24,-7.57649420494081E-10,
-1.));
#5433=DIRECTION('',(0.,-5.91645678915761E-31,1.));
#5434=DIRECTION('',(0.,1.,-7.57647278248896E-10));
#5435=DIRECTION('',(-7.24435335407851E-24,-7.57649420494081E-10,-1.));
#5436=DIRECTION('',(0.,1.,-7.57647278248896E-10));
#5437=DIRECTION('center_axis',(7.24435335434979E-24,7.57647278248896E-10,
1.));
#5438=DIRECTION('ref_axis',(1.,1.26632692033892E-19,-7.24444929726425E-24));
#5439=DIRECTION('',(-1.,1.1842378929335E-15,6.34711873796952E-24));
#5440=DIRECTION('',(1.,1.26632692033892E-19,-7.24444929726425E-24));
#5441=DIRECTION('',(0.,1.,-7.57647278248896E-10));
#5442=DIRECTION('center_axis',(-1.,5.48866460139084E-33,7.24435335407851E-24));
#5443=DIRECTION('ref_axis',(7.24435335407851E-24,7.57649420494081E-10,1.));
#5444=DIRECTION('',(-7.6420900193284E-31,5.91645678915762E-31,-1.));
#5445=DIRECTION('',(7.24435335407851E-24,7.57649420494081E-10,1.));
#5446=DIRECTION('',(0.,1.,-7.57647278248896E-10));
#5447=DIRECTION('center_axis',(-7.24435335434979E-24,-7.57647278248896E-10,
-1.));
#5448=DIRECTION('ref_axis',(-1.,-1.26632692034048E-19,7.24444929726425E-24));
#5449=DIRECTION('',(-1.,-1.26632692034048E-19,7.24444929726425E-24));
#5450=DIRECTION('center_axis',(0.,1.,-7.57647278248896E-10));
#5451=DIRECTION('ref_axis',(0.,7.57647278248896E-10,1.));
#5452=DIRECTION('center_axis',(1.1842378929335E-15,1.,5.91645678915761E-31));
#5453=DIRECTION('ref_axis',(-3.8210450096642E-31,5.91645678915762E-31,-1.));
#5454=DIRECTION('',(-7.6420900193284E-31,5.91645678915762E-31,-1.));
#5455=DIRECTION('',(1.,-1.1842378929335E-15,-6.34711873796952E-24));
#5456=DIRECTION('',(0.,-5.91645678915761E-31,1.));
#5457=DIRECTION('center_axis',(1.,-5.48866460139084E-33,-7.24435335407851E-24));
#5458=DIRECTION('ref_axis',(-7.24435335407851E-24,-7.57649420494081E-10,
-1.));
#5459=DIRECTION('',(0.,-5.91645678915761E-31,1.));
#5460=DIRECTION('',(0.,1.,-7.57647278248896E-10));
#5461=DIRECTION('',(-7.24435335407851E-24,-7.57649420494081E-10,-1.));
#5462=DIRECTION('',(0.,1.,-7.57647278248896E-10));
#5463=DIRECTION('center_axis',(7.24435335434979E-24,7.57647278248896E-10,
1.));
#5464=DIRECTION('ref_axis',(1.,1.26632692033892E-19,-7.24444929726425E-24));
#5465=DIRECTION('',(-1.,1.1842378929335E-15,6.34711873796952E-24));
#5466=DIRECTION('',(1.,1.26632692033892E-19,-7.24444929726425E-24));
#5467=DIRECTION('',(0.,1.,-7.57647278248896E-10));
#5468=DIRECTION('center_axis',(-1.,5.48866460139084E-33,7.24435335407851E-24));
#5469=DIRECTION('ref_axis',(7.24435335407851E-24,7.57649420494081E-10,1.));
#5470=DIRECTION('',(-7.6420900193284E-31,5.91645678915762E-31,-1.));
#5471=DIRECTION('',(7.24435335407851E-24,7.57649420494081E-10,1.));
#5472=DIRECTION('',(0.,1.,-7.57647278248896E-10));
#5473=DIRECTION('center_axis',(-7.24435335434979E-24,-7.57647278248896E-10,
-1.));
#5474=DIRECTION('ref_axis',(-1.,-1.26632692034048E-19,7.24444929726425E-24));
#5475=DIRECTION('',(-1.,-1.26632692034048E-19,7.24444929726425E-24));
#5476=DIRECTION('center_axis',(0.,1.,-7.57647278248896E-10));
#5477=DIRECTION('ref_axis',(0.,7.57647278248896E-10,1.));
#5478=DIRECTION('center_axis',(1.1842378929335E-15,1.,5.91645678915761E-31));
#5479=DIRECTION('ref_axis',(-3.8210450096642E-31,5.91645678915762E-31,-1.));
#5480=DIRECTION('',(-7.6420900193284E-31,5.91645678915762E-31,-1.));
#5481=DIRECTION('',(1.,-1.1842378929335E-15,-6.34711873796952E-24));
#5482=DIRECTION('',(0.,-5.91645678915761E-31,1.));
#5483=DIRECTION('center_axis',(1.,-5.48866460139084E-33,-7.24435335407851E-24));
#5484=DIRECTION('ref_axis',(-7.24435335407851E-24,-7.57649420494081E-10,
-1.));
#5485=DIRECTION('',(0.,-5.91645678915761E-31,1.));
#5486=DIRECTION('',(0.,1.,-7.57647278248896E-10));
#5487=DIRECTION('',(-7.24435335407851E-24,-7.57649420494081E-10,-1.));
#5488=DIRECTION('',(0.,1.,-7.57647278248896E-10));
#5489=DIRECTION('center_axis',(7.24435335434979E-24,7.57647278248896E-10,
1.));
#5490=DIRECTION('ref_axis',(1.,1.26632692033892E-19,-7.24444929726425E-24));
#5491=DIRECTION('',(-1.,1.1842378929335E-15,6.34711873796952E-24));
#5492=DIRECTION('',(1.,1.26632692033892E-19,-7.24444929726425E-24));
#5493=DIRECTION('',(0.,1.,-7.57647278248896E-10));
#5494=DIRECTION('center_axis',(-1.,5.48866460139084E-33,7.24435335407851E-24));
#5495=DIRECTION('ref_axis',(7.24435335407851E-24,7.57649420494081E-10,1.));
#5496=DIRECTION('',(-7.6420900193284E-31,5.91645678915762E-31,-1.));
#5497=DIRECTION('',(7.24435335407851E-24,7.57649420494081E-10,1.));
#5498=DIRECTION('',(0.,1.,-7.57647278248896E-10));
#5499=DIRECTION('center_axis',(-7.24435335434979E-24,-7.57647278248896E-10,
-1.));
#5500=DIRECTION('ref_axis',(-1.,-1.26632692034048E-19,7.24444929726425E-24));
#5501=DIRECTION('',(-1.,-1.26632692034048E-19,7.24444929726425E-24));
#5502=DIRECTION('center_axis',(0.,1.,-7.57647278248896E-10));
#5503=DIRECTION('ref_axis',(0.,7.57647278248896E-10,1.));
#5504=DIRECTION('center_axis',(1.1842378929335E-15,1.,5.91645678915761E-31));
#5505=DIRECTION('ref_axis',(-3.8210450096642E-31,5.91645678915762E-31,-1.));
#5506=DIRECTION('',(-7.6420900193284E-31,5.91645678915762E-31,-1.));
#5507=DIRECTION('',(1.,-1.1842378929335E-15,-6.34711873796952E-24));
#5508=DIRECTION('',(0.,-5.91645678915761E-31,1.));
#5509=DIRECTION('center_axis',(1.,-5.48866460139084E-33,-7.24435335407851E-24));
#5510=DIRECTION('ref_axis',(-7.24435335407851E-24,-7.57649420494081E-10,
-1.));
#5511=DIRECTION('',(0.,-5.91645678915761E-31,1.));
#5512=DIRECTION('',(0.,1.,-7.57647278248896E-10));
#5513=DIRECTION('',(-7.24435335407851E-24,-7.57649420494081E-10,-1.));
#5514=DIRECTION('',(0.,1.,-7.57647278248896E-10));
#5515=DIRECTION('center_axis',(7.24435335434979E-24,7.57647278248896E-10,
1.));
#5516=DIRECTION('ref_axis',(1.,1.26632692033892E-19,-7.24444929726425E-24));
#5517=DIRECTION('',(-1.,1.1842378929335E-15,6.34711873796952E-24));
#5518=DIRECTION('',(1.,1.26632692033892E-19,-7.24444929726425E-24));
#5519=DIRECTION('',(0.,1.,-7.57647278248896E-10));
#5520=DIRECTION('center_axis',(-1.,5.48866460139084E-33,7.24435335407851E-24));
#5521=DIRECTION('ref_axis',(7.24435335407851E-24,7.57649420494081E-10,1.));
#5522=DIRECTION('',(-7.6420900193284E-31,5.91645678915762E-31,-1.));
#5523=DIRECTION('',(7.24435335407851E-24,7.57649420494081E-10,1.));
#5524=DIRECTION('',(0.,1.,-7.57647278248896E-10));
#5525=DIRECTION('center_axis',(-7.24435335434979E-24,-7.57647278248896E-10,
-1.));
#5526=DIRECTION('ref_axis',(-1.,-1.26632692034048E-19,7.24444929726425E-24));
#5527=DIRECTION('',(-1.,-1.26632692034048E-19,7.24444929726425E-24));
#5528=DIRECTION('center_axis',(0.,1.,-7.57647278248896E-10));
#5529=DIRECTION('ref_axis',(0.,7.57647278248896E-10,1.));
#5530=DIRECTION('center_axis',(1.1842378929335E-15,1.,5.91645678915761E-31));
#5531=DIRECTION('ref_axis',(-3.8210450096642E-31,5.91645678915762E-31,-1.));
#5532=DIRECTION('',(-7.6420900193284E-31,5.91645678915762E-31,-1.));
#5533=DIRECTION('',(1.,-1.1842378929335E-15,-6.34711873796952E-24));
#5534=DIRECTION('',(0.,-5.91645678915761E-31,1.));
#5535=DIRECTION('center_axis',(1.,-5.48866460139084E-33,-7.24435335407851E-24));
#5536=DIRECTION('ref_axis',(-7.24435335407851E-24,-7.57649420494081E-10,
-1.));
#5537=DIRECTION('',(0.,-5.91645678915761E-31,1.));
#5538=DIRECTION('',(0.,1.,-7.57647278248896E-10));
#5539=DIRECTION('',(-7.24435335407851E-24,-7.57649420494081E-10,-1.));
#5540=DIRECTION('',(0.,1.,-7.57647278248896E-10));
#5541=DIRECTION('center_axis',(7.24435335434979E-24,7.57647278248896E-10,
1.));
#5542=DIRECTION('ref_axis',(1.,1.26632692033892E-19,-7.24444929726425E-24));
#5543=DIRECTION('',(-1.,1.1842378929335E-15,6.34711873796952E-24));
#5544=DIRECTION('',(1.,1.26632692033892E-19,-7.24444929726425E-24));
#5545=DIRECTION('',(0.,1.,-7.57647278248896E-10));
#5546=DIRECTION('center_axis',(-1.,5.48866460139084E-33,7.24435335407851E-24));
#5547=DIRECTION('ref_axis',(7.24435335407851E-24,7.57649420494081E-10,1.));
#5548=DIRECTION('',(-7.6420900193284E-31,5.91645678915762E-31,-1.));
#5549=DIRECTION('',(7.24435335407851E-24,7.57649420494081E-10,1.));
#5550=DIRECTION('',(0.,1.,-7.57647278248896E-10));
#5551=DIRECTION('center_axis',(-7.24435335434979E-24,-7.57647278248896E-10,
-1.));
#5552=DIRECTION('ref_axis',(-1.,-1.26632692034048E-19,7.24444929726425E-24));
#5553=DIRECTION('',(-1.,-1.26632692034048E-19,7.24444929726425E-24));
#5554=DIRECTION('center_axis',(0.,1.,-7.57647278248896E-10));
#5555=DIRECTION('ref_axis',(0.,7.57647278248896E-10,1.));
#5556=DIRECTION('center_axis',(1.1842378929335E-15,1.,5.91645678915761E-31));
#5557=DIRECTION('ref_axis',(-3.8210450096642E-31,5.91645678915762E-31,-1.));
#5558=DIRECTION('',(-7.6420900193284E-31,5.91645678915762E-31,-1.));
#5559=DIRECTION('',(1.,-1.1842378929335E-15,-6.34711873796952E-24));
#5560=DIRECTION('',(0.,-5.91645678915761E-31,1.));
#5561=DIRECTION('center_axis',(1.,-5.48866460139084E-33,-7.24435335407851E-24));
#5562=DIRECTION('ref_axis',(-7.24435335407851E-24,-7.57649420494081E-10,
-1.));
#5563=DIRECTION('',(0.,-5.91645678915761E-31,1.));
#5564=DIRECTION('',(0.,1.,-7.57647278248896E-10));
#5565=DIRECTION('',(-7.24435335407851E-24,-7.57649420494081E-10,-1.));
#5566=DIRECTION('',(0.,1.,-7.57647278248896E-10));
#5567=DIRECTION('center_axis',(7.24435335434979E-24,7.57647278248896E-10,
1.));
#5568=DIRECTION('ref_axis',(1.,1.26632692033892E-19,-7.24444929726425E-24));
#5569=DIRECTION('',(-1.,1.1842378929335E-15,6.34711873796952E-24));
#5570=DIRECTION('',(1.,1.26632692033892E-19,-7.24444929726425E-24));
#5571=DIRECTION('',(0.,1.,-7.57647278248896E-10));
#5572=DIRECTION('center_axis',(-1.,5.48866460139084E-33,7.24435335407851E-24));
#5573=DIRECTION('ref_axis',(7.24435335407851E-24,7.57649420494081E-10,1.));
#5574=DIRECTION('',(-7.6420900193284E-31,5.91645678915762E-31,-1.));
#5575=DIRECTION('',(7.24435335407851E-24,7.57649420494081E-10,1.));
#5576=DIRECTION('',(0.,1.,-7.57647278248896E-10));
#5577=DIRECTION('center_axis',(-7.24435335434979E-24,-7.57647278248896E-10,
-1.));
#5578=DIRECTION('ref_axis',(-1.,-1.26632692034048E-19,7.24444929726425E-24));
#5579=DIRECTION('',(-1.,-1.26632692034048E-19,7.24444929726425E-24));
#5580=DIRECTION('center_axis',(0.,1.,-7.57647278248896E-10));
#5581=DIRECTION('ref_axis',(0.,7.57647278248896E-10,1.));
#5582=DIRECTION('center_axis',(1.1842378929335E-15,1.,5.91645678915761E-31));
#5583=DIRECTION('ref_axis',(-3.8210450096642E-31,5.91645678915762E-31,-1.));
#5584=DIRECTION('',(-7.6420900193284E-31,5.91645678915762E-31,-1.));
#5585=DIRECTION('',(1.,-1.1842378929335E-15,-6.34711873796952E-24));
#5586=DIRECTION('',(0.,-5.91645678915761E-31,1.));
#5587=DIRECTION('center_axis',(1.,-5.48866460139084E-33,-7.24435335407851E-24));
#5588=DIRECTION('ref_axis',(-7.24435335407851E-24,-7.57649420494081E-10,
-1.));
#5589=DIRECTION('',(0.,-5.91645678915761E-31,1.));
#5590=DIRECTION('',(0.,1.,-7.57647278248896E-10));
#5591=DIRECTION('',(-7.24435335407851E-24,-7.57649420494081E-10,-1.));
#5592=DIRECTION('',(0.,1.,-7.57647278248896E-10));
#5593=DIRECTION('center_axis',(7.24435335434979E-24,7.57647278248896E-10,
1.));
#5594=DIRECTION('ref_axis',(1.,1.26632692033892E-19,-7.24444929726425E-24));
#5595=DIRECTION('',(-1.,1.1842378929335E-15,6.34711873796952E-24));
#5596=DIRECTION('',(1.,1.26632692033892E-19,-7.24444929726425E-24));
#5597=DIRECTION('',(0.,1.,-7.57647278248896E-10));
#5598=DIRECTION('center_axis',(-1.,5.48866460139084E-33,7.24435335407851E-24));
#5599=DIRECTION('ref_axis',(7.24435335407851E-24,7.57649420494081E-10,1.));
#5600=DIRECTION('',(-7.6420900193284E-31,5.91645678915762E-31,-1.));
#5601=DIRECTION('',(7.24435335407851E-24,7.57649420494081E-10,1.));
#5602=DIRECTION('',(0.,1.,-7.57647278248896E-10));
#5603=DIRECTION('center_axis',(-7.24435335434979E-24,-7.57647278248896E-10,
-1.));
#5604=DIRECTION('ref_axis',(-1.,-1.26632692034048E-19,7.24444929726425E-24));
#5605=DIRECTION('',(-1.,-1.26632692034048E-19,7.24444929726425E-24));
#5606=DIRECTION('center_axis',(0.,1.,-7.57647278248896E-10));
#5607=DIRECTION('ref_axis',(0.,7.57647278248896E-10,1.));
#5608=DIRECTION('center_axis',(1.1842378929335E-15,1.,5.91645678915761E-31));
#5609=DIRECTION('ref_axis',(-3.8210450096642E-31,5.91645678915762E-31,-1.));
#5610=DIRECTION('',(-7.6420900193284E-31,5.91645678915762E-31,-1.));
#5611=DIRECTION('',(1.,-1.1842378929335E-15,-6.34711873796952E-24));
#5612=DIRECTION('',(0.,-5.91645678915761E-31,1.));
#5613=DIRECTION('center_axis',(1.,-5.48866460139084E-33,-7.24435335407851E-24));
#5614=DIRECTION('ref_axis',(-7.24435335407851E-24,-7.57649420494081E-10,
-1.));
#5615=DIRECTION('',(0.,-5.91645678915761E-31,1.));
#5616=DIRECTION('',(0.,1.,-7.57647278248896E-10));
#5617=DIRECTION('',(-7.24435335407851E-24,-7.57649420494081E-10,-1.));
#5618=DIRECTION('',(0.,1.,-7.57647278248896E-10));
#5619=DIRECTION('center_axis',(7.24435335434979E-24,7.57647278248896E-10,
1.));
#5620=DIRECTION('ref_axis',(1.,1.26632692033892E-19,-7.24444929726425E-24));
#5621=DIRECTION('',(-1.,1.1842378929335E-15,6.34711873796952E-24));
#5622=DIRECTION('',(1.,1.26632692033892E-19,-7.24444929726425E-24));
#5623=DIRECTION('',(0.,1.,-7.57647278248896E-10));
#5624=DIRECTION('center_axis',(-1.,5.48866460139084E-33,7.24435335407851E-24));
#5625=DIRECTION('ref_axis',(7.24435335407851E-24,7.57649420494081E-10,1.));
#5626=DIRECTION('',(-7.6420900193284E-31,5.91645678915762E-31,-1.));
#5627=DIRECTION('',(7.24435335407851E-24,7.57649420494081E-10,1.));
#5628=DIRECTION('',(0.,1.,-7.57647278248896E-10));
#5629=DIRECTION('center_axis',(-7.24435335434979E-24,-7.57647278248896E-10,
-1.));
#5630=DIRECTION('ref_axis',(-1.,-1.26632692034048E-19,7.24444929726425E-24));
#5631=DIRECTION('',(-1.,-1.26632692034048E-19,7.24444929726425E-24));
#5632=DIRECTION('center_axis',(0.,1.,-7.57647278248896E-10));
#5633=DIRECTION('ref_axis',(0.,7.57647278248896E-10,1.));
#5634=DIRECTION('center_axis',(1.1842378929335E-15,1.,5.91645678915761E-31));
#5635=DIRECTION('ref_axis',(-3.8210450096642E-31,5.91645678915762E-31,-1.));
#5636=DIRECTION('',(-7.6420900193284E-31,5.91645678915762E-31,-1.));
#5637=DIRECTION('',(1.,-1.1842378929335E-15,-6.34711873796952E-24));
#5638=DIRECTION('',(0.,-5.91645678915761E-31,1.));
#5639=DIRECTION('center_axis',(1.,-5.48866460139084E-33,-7.24435335407851E-24));
#5640=DIRECTION('ref_axis',(-7.24435335407851E-24,-7.57649420494081E-10,
-1.));
#5641=DIRECTION('',(0.,-5.91645678915761E-31,1.));
#5642=DIRECTION('',(0.,1.,-7.57647278248896E-10));
#5643=DIRECTION('',(-7.24435335407851E-24,-7.57649420494081E-10,-1.));
#5644=DIRECTION('',(0.,1.,-7.57647278248896E-10));
#5645=DIRECTION('center_axis',(7.24435335434979E-24,7.57647278248896E-10,
1.));
#5646=DIRECTION('ref_axis',(1.,1.26632692033892E-19,-7.24444929726425E-24));
#5647=DIRECTION('',(-1.,1.1842378929335E-15,6.34711873796952E-24));
#5648=DIRECTION('',(1.,1.26632692033892E-19,-7.24444929726425E-24));
#5649=DIRECTION('',(0.,1.,-7.57647278248896E-10));
#5650=DIRECTION('center_axis',(-1.,5.48866460139084E-33,7.24435335407851E-24));
#5651=DIRECTION('ref_axis',(7.24435335407851E-24,7.57649420494081E-10,1.));
#5652=DIRECTION('',(-7.6420900193284E-31,5.91645678915762E-31,-1.));
#5653=DIRECTION('',(7.24435335407851E-24,7.57649420494081E-10,1.));
#5654=DIRECTION('',(0.,1.,-7.57647278248896E-10));
#5655=DIRECTION('center_axis',(-7.24435335434979E-24,-7.57647278248896E-10,
-1.));
#5656=DIRECTION('ref_axis',(-1.,-1.26632692034048E-19,7.24444929726425E-24));
#5657=DIRECTION('',(-1.,-1.26632692034048E-19,7.24444929726425E-24));
#5658=DIRECTION('center_axis',(0.,1.,-7.57647278248896E-10));
#5659=DIRECTION('ref_axis',(0.,7.57647278248896E-10,1.));
#5660=DIRECTION('center_axis',(1.1842378929335E-15,1.,5.91645678915761E-31));
#5661=DIRECTION('ref_axis',(-3.8210450096642E-31,5.91645678915762E-31,-1.));
#5662=DIRECTION('',(-7.6420900193284E-31,5.91645678915762E-31,-1.));
#5663=DIRECTION('',(-1.,1.1842378929335E-15,1.03558691883868E-16));
#5664=DIRECTION('',(0.,-5.91645678915761E-31,1.));
#5665=DIRECTION('center_axis',(-1.,0.,0.));
#5666=DIRECTION('ref_axis',(0.,-7.88860905221013E-31,-1.));
#5667=DIRECTION('',(-1.,0.,0.));
#5668=DIRECTION('center_axis',(-1.,0.,0.));
#5669=DIRECTION('ref_axis',(0.,-7.88860905221013E-31,-1.));
#5670=DIRECTION('',(-1.,0.,0.));
#5671=DIRECTION('center_axis',(-7.00649232162412E-46,-5.91645678915761E-31,
1.));
#5672=DIRECTION('ref_axis',(1.11022302462516E-15,1.,5.91645678915761E-31));
#5673=DIRECTION('',(-1.11022302462516E-15,-1.,-5.91645678915761E-31));
#5674=DIRECTION('',(-1.,1.1842378929335E-15,0.));
#5675=DIRECTION('',(1.11022302462516E-15,1.,5.91645678915761E-31));
#5676=DIRECTION('center_axis',(-8.66760919611587E-29,0.,-1.));
#5677=DIRECTION('ref_axis',(1.,3.94430452610506E-30,-8.66760919611587E-29));
#5678=DIRECTION('center_axis',(-6.05448260439629E-15,0.,-1.));
#5679=DIRECTION('ref_axis',(1.,3.94430452610506E-30,-6.05448260439629E-15));
#5680=DIRECTION('center_axis',(8.66760919611587E-29,-5.91645678915864E-31,
1.));
#5681=DIRECTION('ref_axis',(0.707106781186549,0.707106781186546,0.));
#5682=DIRECTION('center_axis',(7.00649232162412E-46,5.91645678915761E-31,
-1.));
#5683=DIRECTION('ref_axis',(0.707106781186549,0.707106781186546,0.));
#5684=DIRECTION('',(8.66760919611587E-29,-5.91645678915864E-31,1.));
#5685=DIRECTION('center_axis',(8.66760919611587E-29,0.,1.));
#5686=DIRECTION('ref_axis',(0.707106781186549,0.707106781186546,0.));
#5687=DIRECTION('center_axis',(-1.,0.,8.66760919611587E-29));
#5688=DIRECTION('ref_axis',(-8.66760919611587E-29,-7.88860905221013E-31,
-1.));
#5689=DIRECTION('',(5.12815352741247E-59,1.,5.91645678915761E-31));
#5690=DIRECTION('',(-8.66760919611587E-29,-7.88860905221013E-31,-1.));
#5691=DIRECTION('',(0.,-1.,0.));
#5692=DIRECTION('',(-8.66760919611587E-29,-7.88860905221013E-31,-1.));
#5693=DIRECTION('center_axis',(1.,0.,-8.66760919611587E-29));
#5694=DIRECTION('ref_axis',(0.,-0.707106781186549,0.707106781186546));
#5695=DIRECTION('',(0.,-1.,0.));
#5696=DIRECTION('center_axis',(1.,0.,-8.66760919611587E-29));
#5697=DIRECTION('ref_axis',(0.,7.88860905221013E-31,1.));
#5698=DIRECTION('center_axis',(-8.66760919611587E-29,5.91645678915864E-31,
-1.));
#5699=DIRECTION('ref_axis',(-0.707106781186545,0.70710678118655,0.));
#5700=DIRECTION('center_axis',(7.00649232162412E-46,5.91645678915761E-31,
-1.));
#5701=DIRECTION('ref_axis',(-0.707106781186545,0.70710678118655,0.));
#5702=DIRECTION('center_axis',(8.66760919611587E-29,0.,1.));
#5703=DIRECTION('ref_axis',(-0.707106781186545,0.70710678118655,0.));
#5704=DIRECTION('',(-8.66760919611587E-29,5.91645678915864E-31,-1.));
#5705=DIRECTION('center_axis',(1.,0.,-8.66760919611587E-29));
#5706=DIRECTION('ref_axis',(8.66760919611587E-29,7.88860905221013E-31,1.));
#5707=DIRECTION('',(-5.12815352741247E-59,-1.,-5.91645678915761E-31));
#5708=DIRECTION('',(0.,-1.,0.));
#5709=DIRECTION('center_axis',(-1.,0.,8.66760919611587E-29));
#5710=DIRECTION('ref_axis',(0.,-0.707106781186549,0.707106781186546));
#5711=DIRECTION('',(8.66760919611587E-29,7.88860905221013E-31,1.));
#5712=DIRECTION('',(0.,-1.,0.));
#5713=DIRECTION('',(8.66760919611587E-29,7.88860905221013E-31,1.));
#5714=DIRECTION('center_axis',(-1.,0.,8.66760919611587E-29));
#5715=DIRECTION('ref_axis',(0.,7.88860905221013E-31,1.));
#5716=DIRECTION('center_axis',(8.66760919611587E-29,-5.91645678915864E-31,
1.));
#5717=DIRECTION('ref_axis',(0.707106781186544,0.707106781186551,0.));
#5718=DIRECTION('center_axis',(7.00649232162412E-46,5.91645678915761E-31,
-1.));
#5719=DIRECTION('ref_axis',(0.707106781186544,0.707106781186551,0.));
#5720=DIRECTION('',(8.66760919611587E-29,-5.91645678915864E-31,1.));
#5721=DIRECTION('center_axis',(8.66760919611587E-29,0.,1.));
#5722=DIRECTION('ref_axis',(0.707106781186544,0.707106781186551,0.));
#5723=DIRECTION('center_axis',(-1.,0.,8.66760919611587E-29));
#5724=DIRECTION('ref_axis',(-8.66760919611587E-29,-7.88860905221013E-31,
-1.));
#5725=DIRECTION('',(5.12815352741247E-59,1.,5.91645678915761E-31));
#5726=DIRECTION('',(8.66760919611587E-29,7.88860905221013E-31,1.));
#5727=DIRECTION('',(0.,-1.,0.));
#5728=DIRECTION('',(-8.66760919611587E-29,-7.88860905221013E-31,-1.));
#5729=DIRECTION('center_axis',(1.,0.,-8.66760919611587E-29));
#5730=DIRECTION('ref_axis',(0.,-0.707106781186547,0.707106781186548));
#5731=DIRECTION('',(0.,-1.,0.));
#5732=DIRECTION('center_axis',(1.,0.,-8.66760919611587E-29));
#5733=DIRECTION('ref_axis',(0.,7.88860905221013E-31,1.));
#5734=DIRECTION('center_axis',(-8.66760919611587E-29,5.91645678915864E-31,
-1.));
#5735=DIRECTION('ref_axis',(-0.707106781186544,0.707106781186551,0.));
#5736=DIRECTION('center_axis',(7.00649232162412E-46,5.91645678915761E-31,
-1.));
#5737=DIRECTION('ref_axis',(-0.707106781186544,0.707106781186551,0.));
#5738=DIRECTION('center_axis',(8.66760919611587E-29,0.,1.));
#5739=DIRECTION('ref_axis',(-0.707106781186544,0.707106781186551,0.));
#5740=DIRECTION('',(-8.66760919611587E-29,5.91645678915864E-31,-1.));
#5741=DIRECTION('center_axis',(1.,0.,-8.66760919611587E-29));
#5742=DIRECTION('ref_axis',(8.66760919611587E-29,7.88860905221013E-31,1.));
#5743=DIRECTION('',(-5.12815352741247E-59,-1.,-5.91645678915761E-31));
#5744=DIRECTION('',(0.,-1.,0.));
#5745=DIRECTION('center_axis',(-1.,0.,8.66760919611587E-29));
#5746=DIRECTION('ref_axis',(0.,-0.707106781186547,0.707106781186548));
#5747=DIRECTION('',(8.66760919611587E-29,7.88860905221013E-31,1.));
#5748=DIRECTION('',(0.,-1.,0.));
#5749=DIRECTION('',(-8.66760919611587E-29,-7.88860905221013E-31,-1.));
#5750=DIRECTION('center_axis',(-1.,0.,8.66760919611587E-29));
#5751=DIRECTION('ref_axis',(0.,7.88860905221013E-31,1.));
#5752=DIRECTION('center_axis',(1.,0.,0.));
#5753=DIRECTION('ref_axis',(0.,7.88860905221013E-31,1.));
#5754=DIRECTION('',(1.,0.,0.));
#5755=DIRECTION('center_axis',(1.,0.,0.));
#5756=DIRECTION('ref_axis',(0.,7.88860905221013E-31,1.));
#5757=DIRECTION('',(1.,0.,0.));
#5758=DIRECTION('center_axis',(-1.,0.,8.66760919611587E-29));
#5759=DIRECTION('ref_axis',(0.,-0.707106781186549,0.707106781186546));
#5760=DIRECTION('',(1.,0.,-8.66760919611587E-29));
#5761=DIRECTION('',(-1.,0.,8.66760919611587E-29));
#5762=DIRECTION('center_axis',(0.,-1.,0.));
#5763=DIRECTION('ref_axis',(0.,0.,-1.));
#5764=DIRECTION('',(1.,3.6977854932235E-30,-8.66760919611587E-29));
#5765=DIRECTION('center_axis',(-1.,0.,8.66760919611587E-29));
#5766=DIRECTION('ref_axis',(0.,-0.707106781186547,0.707106781186548));
#5767=DIRECTION('',(1.,0.,-8.66760919611587E-29));
#5768=DIRECTION('',(-1.,0.,8.66760919611587E-29));
#5769=DIRECTION('center_axis',(8.66760919611587E-29,0.,1.));
#5770=DIRECTION('ref_axis',(-1.,-3.94430452610506E-30,8.66760919611587E-29));
#5771=DIRECTION('center_axis',(-8.66760919611587E-29,0.,-1.));
#5772=DIRECTION('ref_axis',(1.,3.6977854932235E-30,-8.66760919611587E-29));
#5773=DIRECTION('',(-1.,-3.6977854932235E-30,8.66760919611587E-29));
#5774=DIRECTION('center_axis',(8.66760919611587E-29,0.,1.));
#5775=DIRECTION('ref_axis',(-1.,-3.94430452610506E-30,8.66760919611587E-29));
#5776=DIRECTION('center_axis',(4.30608647302813E-30,-1.,6.89541376642994E-31));
#5777=DIRECTION('ref_axis',(1.,4.30608647302813E-30,-8.66760919611587E-29));
#5778=DIRECTION('',(-1.,1.1842378929335E-15,0.));
#5779=DIRECTION('center_axis',(-8.66760919611587E-29,0.,-1.));
#5780=DIRECTION('ref_axis',(1.,3.94430452610506E-30,-8.66760919611587E-29));
#5781=DIRECTION('',(-1.,-3.94430452610506E-30,8.66760919611587E-29));
#5782=DIRECTION('',(1.,3.94430452610506E-30,-8.66760919611587E-29));
#5783=DIRECTION('center_axis',(0.,-1.,0.));
#5784=DIRECTION('ref_axis',(0.,0.,-1.));
#5785=DIRECTION('center_axis',(4.30608647302813E-30,-1.,6.89541376642994E-31));
#5786=DIRECTION('ref_axis',(1.,4.30608647302813E-30,-8.66760919611587E-29));
#5787=DIRECTION('',(-1.,1.1842378929335E-15,0.));
#5788=DIRECTION('center_axis',(0.,5.91645678915761E-31,-1.));
#5789=DIRECTION('ref_axis',(0.707106781186546,-0.707106781186549,0.));
#5790=DIRECTION('',(0.,5.91645678915761E-31,-1.));
#5791=DIRECTION('center_axis',(0.,0.227168461159902,-0.973855477087972));
#5792=DIRECTION('ref_axis',(-6.08173184992716E-16,-0.973855477087972,-0.227168461159902));
#5793=DIRECTION('center_axis',(-0.707106781186547,1.57009245868377E-15,
0.707106781186548));
#5794=DIRECTION('ref_axis',(0.707106781186548,-1.57009245868377E-15,0.707106781186547));
#5795=DIRECTION('center_axis',(0.,0.087115087827568,-0.996198254100455));
#5796=DIRECTION('ref_axis',(-2.28112961751202E-15,-0.996198254100455,-0.087115087827568));
#5797=DIRECTION('center_axis',(1.,-1.1842378929335E-15,-1.03558691883868E-16));
#5798=DIRECTION('ref_axis',(-8.47051845087656E-16,-0.737263551190336,0.675605251671577));
#5799=DIRECTION('center_axis',(-0.707106781186548,7.85046229341887E-16,
-0.707106781186547));
#5800=DIRECTION('ref_axis',(-0.707106781186547,8.89719059920807E-16,0.707106781186548));
#5801=DIRECTION('',(1.,-1.1842378929335E-15,-1.03558691883868E-16));
#5802=DIRECTION('center_axis',(7.6420900193284E-31,-5.91645678915762E-31,
1.));
#5803=DIRECTION('ref_axis',(-0.707106781186548,-0.707106781186548,0.));
#5804=DIRECTION('center_axis',(5.04415312096778E-16,0.227168461159902,-0.973855477087972));
#5805=DIRECTION('ref_axis',(-1.55422036164805E-15,-0.973855477087972,-0.227168461159902));
#5806=DIRECTION('',(7.6420900193284E-31,-5.91645678915762E-31,1.));
#5807=DIRECTION('center_axis',(0.,0.087115087827568,-0.996198254100455));
#5808=DIRECTION('ref_axis',(0.,-0.996198254100455,-0.087115087827568));
#5809=DIRECTION('center_axis',(-1.,0.,0.));
#5810=DIRECTION('ref_axis',(0.,0.,1.));
#5811=DIRECTION('',(0.,0.996198254100455,0.087115087827568));
#5812=DIRECTION('',(-8.64618461630356E-29,-0.141247586994151,-0.989974302276746));
#5813=DIRECTION('',(-4.11643925908941E-16,-0.973855477087972,-0.227168461159902));
#5814=DIRECTION('center_axis',(0.,0.087115087827568,-0.996198254100455));
#5815=DIRECTION('ref_axis',(5.07986493594862E-17,0.996198254100455,0.087115087827568));
#5816=DIRECTION('',(-2.21200447758742E-15,-0.996198254100455,-0.087115087827568));
#5817=DIRECTION('',(1.,0.,0.));
#5818=DIRECTION('center_axis',(-1.,2.22044604925031E-15,7.64209001932841E-31));
#5819=DIRECTION('ref_axis',(7.64209001932841E-31,-8.48442429571651E-46,
1.));
#5820=DIRECTION('',(-1.75074962073183E-15,-0.973855477087972,-0.227168461159902));
#5821=DIRECTION('',(-3.13632646507216E-16,-0.141247586994151,-0.989974302276746));
#5822=DIRECTION('center_axis',(-2.19818452834974E-15,-0.989974302276746,
0.141247586994151));
#5823=DIRECTION('ref_axis',(-3.13632646507216E-16,-0.141247586994151,-0.989974302276746));
#5824=DIRECTION('',(1.,-2.22044604925031E-15,-7.64209001932841E-31));
#5825=DIRECTION('',(-3.13632646507216E-16,-0.141247586994151,-0.989974302276746));
#5826=DIRECTION('',(1.,-2.22044604925031E-15,-7.64209001932841E-31));
#5827=DIRECTION('',(-8.64618461630356E-29,-0.141247586994151,-0.989974302276746));
#5828=DIRECTION('',(-1.,0.,0.));
#5829=DIRECTION('center_axis',(1.72627283513143E-16,0.0777444169703774,
-0.996973322426401));
#5830=DIRECTION('ref_axis',(2.00289448111162E-15,0.996973322426401,0.0777444169703774));
#5831=DIRECTION('',(2.00289448111162E-15,0.996973322426401,0.0777444169703774));
#5832=DIRECTION('',(2.10830993878042E-16,0.996973322426401,0.0777444169703774));
#5833=DIRECTION('center_axis',(-5.04415312096778E-16,-0.227168461159902,
0.973855477087972));
#5834=DIRECTION('ref_axis',(-1.75074962073183E-15,-0.973855477087972,-0.227168461159902));
#5835=DIRECTION('',(-1.75074962073183E-15,-0.973855477087972,-0.227168461159902));
#5836=DIRECTION('',(1.,-1.1842378929335E-15,0.));
#5837=DIRECTION('center_axis',(0.,0.227168461159902,-0.973855477087972));
#5838=DIRECTION('ref_axis',(-4.11643925908941E-16,-0.973855477087972,-0.227168461159902));
#5839=DIRECTION('',(-4.11643925908941E-16,-0.973855477087972,-0.227168461159902));
#5840=DIRECTION('',(1.,-1.1842378929335E-15,0.));
#5841=DIRECTION('center_axis',(1.,-1.1842378929335E-15,0.));
#5842=DIRECTION('ref_axis',(0.,0.,-1.));
#5843=DIRECTION('',(1.11022302462516E-15,1.,5.91645678915761E-31));
#5844=DIRECTION('center_axis',(7.00649232162412E-46,5.91645678915761E-31,
-1.));
#5845=DIRECTION('ref_axis',(-1.11022302462516E-15,-1.,-5.91645678915761E-31));
#5846=DIRECTION('',(-1.11022302462516E-15,-1.,-5.91645678915761E-31));
#5847=DIRECTION('center_axis',(-1.,1.1842378929335E-15,0.));
#5848=DIRECTION('ref_axis',(0.,0.,1.));
#5849=DIRECTION('axis',(0.,0.,1.));
#5850=DIRECTION('refdir',(1.,0.,0.));
#5851=DIRECTION('center_axis',(-5.55111512312578E-16,0.,-1.));
#5852=DIRECTION('ref_axis',(-0.707106781186543,-0.707106781186552,0.));
#5853=DIRECTION('center_axis',(3.02724130219809E-15,-1.92052171131232E-30,
1.));
#5854=DIRECTION('ref_axis',(-0.707106781186543,-0.707106781186552,0.));
#5855=DIRECTION('',(-5.55111512312578E-16,0.,-1.));
#5856=DIRECTION('center_axis',(-1.51362065109903E-15,9.6026085565615E-31,
-1.));
#5857=DIRECTION('ref_axis',(-0.707106781186543,-0.707106781186552,0.));
#5858=DIRECTION('',(5.55111512312578E-16,0.,1.));
#5859=DIRECTION('',(5.55111512312578E-16,0.,1.));
#5860=DIRECTION('center_axis',(-3.44169137633798E-15,1.,1.91052250483213E-30));
#5861=DIRECTION('ref_axis',(1.,3.44169137633798E-15,-5.71936283749699E-16));
#5862=DIRECTION('',(-1.,0.,0.));
#5863=DIRECTION('',(-2.57671726348938E-60,2.4980018054066E-15,-1.));
#5864=DIRECTION('',(-1.,-3.44169137633798E-15,5.71936283749699E-16));
#5865=DIRECTION('',(-3.94745964311166E-15,2.4980018054066E-15,-1.));
#5866=DIRECTION('',(-1.,-3.44169137633798E-15,1.51362065109905E-15));
#5867=DIRECTION('',(5.55111512312578E-16,0.,1.));
#5868=DIRECTION('',(1.,3.44169137633798E-15,-1.51362065109905E-15));
#5869=DIRECTION('',(1.48029736616687E-15,3.18420417472022E-30,1.));
#5870=DIRECTION('',(1.,3.44169137633798E-15,-1.51362065109903E-15));
#5871=DIRECTION('',(-1.,-3.44169137633798E-15,3.02724130219809E-15));
#5872=DIRECTION('',(-1.97372982155583E-15,-4.88244640123766E-30,-1.));
#5873=DIRECTION('center_axis',(5.55111512312578E-16,0.,1.));
#5874=DIRECTION('ref_axis',(0.707106781186549,-0.707106781186546,0.));
#5875=DIRECTION('center_axis',(-1.51362065109905E-15,9.60260855656164E-31,
-1.));
#5876=DIRECTION('ref_axis',(0.707106781186549,-0.707106781186546,0.));
#5877=DIRECTION('center_axis',(1.51362065109905E-15,-9.60260855656165E-31,
1.));
#5878=DIRECTION('ref_axis',(0.707106781186549,-0.707106781186546,0.));
#5879=DIRECTION('',(-5.55111512312578E-16,0.,-1.));
#5880=DIRECTION('',(-5.55111512312578E-16,0.,-1.));
#5881=DIRECTION('center_axis',(0.,-1.,0.));
#5882=DIRECTION('ref_axis',(0.,0.,-1.));
#5883=DIRECTION('',(-1.,7.48783622398151E-16,5.71936283749699E-16));
#5884=DIRECTION('',(1.1475082212944E-45,-1.06530099924871E-89,-1.));
#5885=DIRECTION('',(1.,-1.26882631385732E-15,-3.94745964311166E-15));
#5886=DIRECTION('',(3.94745964311166E-15,-2.50432033403495E-30,1.));
#5887=DIRECTION('center_axis',(0.,0.,-1.));
#5888=DIRECTION('ref_axis',(1.,0.,0.));
#5889=DIRECTION('center_axis',(0.,0.,-1.));
#5890=DIRECTION('ref_axis',(1.,0.,0.));
#5891=DIRECTION('',(0.,0.,-1.));
#5892=DIRECTION('center_axis',(5.55111512312578E-16,0.,1.));
#5893=DIRECTION('ref_axis',(1.,0.,0.));
#5894=DIRECTION('center_axis',(-1.09883582079061E-15,1.,0.));
#5895=DIRECTION('ref_axis',(1.,1.09883582079061E-15,2.50690873386203E-30));
#5896=DIRECTION('',(1.,1.09883582079061E-15,-5.71936283749699E-16));
#5897=DIRECTION('',(0.,0.,-1.));
#5898=DIRECTION('',(1.,1.09883582079061E-15,2.50690873386203E-30));
#5899=DIRECTION('',(0.,0.,-1.));
#5900=DIRECTION('center_axis',(-0.866025403784439,0.5,0.));
#5901=DIRECTION('ref_axis',(0.499999999999999,0.866025403784439,5.7688880591506E-16));
#5902=DIRECTION('',(0.499999999999999,0.866025403784439,-2.8596814187485E-16));
#5903=DIRECTION('',(0.,0.,-1.));
#5904=DIRECTION('',(0.499999999999999,0.866025403784439,5.7688880591506E-16));
#5905=DIRECTION('center_axis',(-0.866025403784438,-0.500000000000001,0.));
#5906=DIRECTION('ref_axis',(-0.500000000000001,0.866025403784438,5.76888805915058E-16));
#5907=DIRECTION('',(-0.500000000000001,0.866025403784438,2.85968141874849E-16));
#5908=DIRECTION('',(0.,0.,-1.));
#5909=DIRECTION('',(-0.500000000000001,0.866025403784438,5.76888805915058E-16));
#5910=DIRECTION('center_axis',(1.09883582079061E-15,-1.,0.));
#5911=DIRECTION('ref_axis',(-1.,-1.09883582079061E-15,-2.50690873386203E-30));
#5912=DIRECTION('',(-1.,-1.09883582079061E-15,5.71936283749699E-16));
#5913=DIRECTION('',(0.,0.,-1.));
#5914=DIRECTION('',(-1.,-1.09883582079061E-15,-2.50690873386203E-30));
#5915=DIRECTION('center_axis',(0.866025403784439,-0.5,0.));
#5916=DIRECTION('ref_axis',(-0.499999999999999,-0.866025403784439,-5.7688880591506E-16));
#5917=DIRECTION('',(-0.499999999999999,-0.866025403784439,2.8596814187485E-16));
#5918=DIRECTION('',(0.,0.,-1.));
#5919=DIRECTION('',(-0.499999999999999,-0.866025403784439,-5.7688880591506E-16));
#5920=DIRECTION('center_axis',(0.866025403784438,0.500000000000002,0.));
#5921=DIRECTION('ref_axis',(0.500000000000002,-0.866025403784438,-5.76888805915057E-16));
#5922=DIRECTION('',(0.500000000000002,-0.866025403784438,-2.8596814187485E-16));
#5923=DIRECTION('',(0.500000000000002,-0.866025403784438,-5.76888805915057E-16));
#5924=DIRECTION('center_axis',(0.,0.,-1.));
#5925=DIRECTION('ref_axis',(-1.,0.,0.));
#5926=DIRECTION('center_axis',(-1.26882631385732E-15,-1.,2.50432033403495E-30));
#5927=DIRECTION('ref_axis',(-3.94745964311166E-15,2.50432033403495E-30,
-1.));
#5928=DIRECTION('',(0.,3.65606399173883E-30,-1.));
#5929=DIRECTION('',(1.,-1.26882631385732E-15,-3.94745964311166E-15));
#5930=DIRECTION('',(-3.94745964311166E-15,2.50432033403495E-30,-1.));
#5931=DIRECTION('',(1.,-1.26882631385732E-15,-3.94745964311166E-15));
#5932=DIRECTION('center_axis',(-1.,1.26882631385732E-15,3.94745964311166E-15));
#5933=DIRECTION('ref_axis',(3.94745964311166E-15,-2.50432033403495E-30,
1.));
#5934=DIRECTION('',(0.,-1.,0.));
#5935=DIRECTION('',(1.26882631385732E-15,1.,-2.50432033403495E-30));
#5936=DIRECTION('center_axis',(1.26882631385731E-15,1.,-2.4980018054066E-15));
#5937=DIRECTION('ref_axis',(3.94745964311166E-15,2.4980018054066E-15,1.));
#5938=DIRECTION('',(0.,-4.52883473519218E-30,1.));
#5939=DIRECTION('',(1.,-1.26882631385732E-15,-3.94745964311166E-15));
#5940=DIRECTION('',(3.94745964311166E-15,2.4980018054066E-15,1.));
#5941=DIRECTION('',(1.,-1.26882631385732E-15,-3.94745964311166E-15));
#5942=DIRECTION('center_axis',(-1.,1.26882631385732E-15,3.94745964311166E-15));
#5943=DIRECTION('ref_axis',(3.94745964311166E-15,-2.50432033403495E-30,
1.));
#5944=DIRECTION('',(-1.26882631385732E-15,-1.,2.50432033403495E-30));
#5945=DIRECTION('',(1.26882631385734E-15,1.,3.55271227590281E-15));
#5946=DIRECTION('center_axis',(0.,1.,-1.06530099924871E-89));
#5947=DIRECTION('ref_axis',(1.1475082212944E-45,-1.06530099924871E-89,-1.));
#5948=DIRECTION('',(0.,-1.64981017925432E-31,1.));
#5949=DIRECTION('',(-1.,0.,0.));
#5950=DIRECTION('',(1.1475082212944E-45,-1.06530099924871E-89,-1.));
#5951=DIRECTION('',(-1.,0.,0.));
#5952=DIRECTION('center_axis',(-1.,0.,0.));
#5953=DIRECTION('ref_axis',(0.,0.,1.));
#5954=DIRECTION('',(0.,-1.,0.));
#5955=DIRECTION('',(-1.24460305557223E-60,-1.,0.));
#5956=DIRECTION('center_axis',(0.,-1.,2.4980018054066E-15));
#5957=DIRECTION('ref_axis',(2.31904553714044E-59,2.4980018054066E-15,1.));
#5958=DIRECTION('',(0.,-7.07789725527914E-31,-1.));
#5959=DIRECTION('',(-1.,0.,0.));
#5960=DIRECTION('',(2.31904553714044E-59,2.4980018054066E-15,1.));
#5961=DIRECTION('',(-1.,0.,0.));
#5962=DIRECTION('center_axis',(-1.,0.,0.));
#5963=DIRECTION('ref_axis',(0.,0.,1.));
#5964=DIRECTION('',(9.28360232615191E-45,1.,3.55271227590281E-15));
#5965=DIRECTION('',(-9.28360232615175E-45,-1.,0.));
#5966=DIRECTION('center_axis',(-1.,1.11020899564779E-16,5.55111512312578E-16));
#5967=DIRECTION('ref_axis',(1.11020899564779E-16,1.,-5.97727932592164E-32));
#5968=DIRECTION('',(6.34413156928661E-16,1.,0.));
#5969=DIRECTION('center_axis',(1.,-1.11020899564779E-16,-5.55111512312578E-16));
#5970=DIRECTION('ref_axis',(0.,0.707106781186548,0.707106781186548));
#5971=DIRECTION('',(0.,-2.02238750127252E-62,1.));
#5972=DIRECTION('center_axis',(1.,-1.11020899564779E-16,-5.55111512312578E-16));
#5973=DIRECTION('ref_axis',(-2.09345661157837E-15,0.70710678118655,-0.707106781186545));
#5974=DIRECTION('',(6.34413156928661E-16,1.,0.));
#5975=DIRECTION('center_axis',(1.,-1.11020899564779E-16,-5.55111512312578E-16));
#5976=DIRECTION('ref_axis',(0.,0.,-1.));
#5977=DIRECTION('center_axis',(1.,-1.11020899564779E-16,-5.55111512312578E-16));
#5978=DIRECTION('ref_axis',(0.,0.,-1.));
#5979=DIRECTION('center_axis',(-1.,0.,0.));
#5980=DIRECTION('ref_axis',(0.,0.,1.));
#5981=DIRECTION('',(1.58631520690806E-15,1.,-1.49459839280432E-30));
#5982=DIRECTION('',(-1.58631520690806E-15,-1.,1.49459839280432E-30));
#5983=DIRECTION('center_axis',(1.,0.,0.));
#5984=DIRECTION('ref_axis',(0.,0.,-1.));
#5985=DIRECTION('',(1.22124532708759E-15,-1.,3.86593793849378E-31));
#5986=DIRECTION('',(-1.22124532708759E-15,1.,-3.86593793849378E-31));
#5987=DIRECTION('center_axis',(-1.,0.,0.));
#5988=DIRECTION('ref_axis',(0.,0.,-1.));
#5989=DIRECTION('center_axis',(-1.,6.34413156928661E-16,1.48029736616687E-15));
#5990=DIRECTION('ref_axis',(0.,0.,-1.));
#5991=DIRECTION('',(-1.,0.,0.));
#5992=DIRECTION('center_axis',(-1.,0.,0.));
#5993=DIRECTION('ref_axis',(0.,0.,-1.));
#5994=DIRECTION('center_axis',(-1.,-6.99440365224073E-15,5.55111512312578E-16));
#5995=DIRECTION('ref_axis',(0.,0.,-1.));
#5996=DIRECTION('center_axis',(-1.,-6.99440365224073E-15,5.55111512312578E-16));
#5997=DIRECTION('ref_axis',(0.,0.,-1.));
#5998=DIRECTION('',(-1.,0.,0.));
#5999=DIRECTION('center_axis',(1.,-6.34413156928661E-16,-1.97372982155583E-15));
#6000=DIRECTION('ref_axis',(0.,0.,-1.));
#6001=DIRECTION('center_axis',(1.,-6.34413156928661E-16,-3.02724130219809E-15));
#6002=DIRECTION('ref_axis',(2.09345661157837E-15,0.70710678118655,0.707106781186545));
#6003=DIRECTION('center_axis',(-1.,-6.99440365224073E-15,5.55111512312578E-16));
#6004=DIRECTION('ref_axis',(2.09345661157837E-15,0.70710678118655,0.707106781186545));
#6005=DIRECTION('',(-1.,6.34413156928661E-16,3.02724130219809E-15));
#6006=DIRECTION('center_axis',(1.,-6.34413156928661E-16,-1.97372982155583E-15));
#6007=DIRECTION('ref_axis',(2.09345661157837E-15,0.70710678118655,0.707106781186545));
#6008=DIRECTION('',(1.,-6.34413156928661E-16,-3.02724130219809E-15));
#6009=DIRECTION('center_axis',(-1.,6.34413156928661E-16,1.97372982155583E-15));
#6010=DIRECTION('ref_axis',(1.97372982155583E-15,5.55111512312578E-16,1.));
#6011=DIRECTION('',(1.97372982155583E-15,5.55111512312578E-16,1.));
#6012=DIRECTION('center_axis',(1.,-6.34413156928661E-16,-1.97372982155583E-15));
#6013=DIRECTION('ref_axis',(0.,0.70710678118655,-0.707106781186545));
#6014=DIRECTION('',(6.34413156928661E-16,1.,0.));
#6015=DIRECTION('',(6.34413156928661E-16,1.,0.));
#6016=DIRECTION('center_axis',(6.34413156928661E-16,1.,0.));
#6017=DIRECTION('ref_axis',(0.,0.,1.));
#6018=DIRECTION('',(0.,2.02238750127252E-62,-1.));
#6019=DIRECTION('',(1.,-6.34413156928661E-16,-1.51362065109903E-15));
#6020=DIRECTION('center_axis',(-1.,6.34413156928661E-16,1.51362065109903E-15));
#6021=DIRECTION('ref_axis',(0.,0.70710678118655,-0.707106781186545));
#6022=DIRECTION('center_axis',(-1.,-6.99440365224073E-15,5.55111512312578E-16));
#6023=DIRECTION('ref_axis',(0.,0.70710678118655,-0.707106781186545));
#6024=DIRECTION('',(-1.,6.34413156928661E-16,1.51362065109903E-15));
#6025=DIRECTION('center_axis',(-1.,6.34413156928661E-16,1.51362065109905E-15));
#6026=DIRECTION('ref_axis',(-2.09345661157837E-15,0.70710678118655,-0.707106781186545));
#6027=DIRECTION('',(1.,-6.34413156928661E-16,-1.51362065109905E-15));
#6028=DIRECTION('center_axis',(-1.,6.34413156928661E-16,1.48029736616687E-15));
#6029=DIRECTION('ref_axis',(-2.09345661157837E-15,0.70710678118655,-0.707106781186545));
#6030=DIRECTION('',(-1.,6.34413156928661E-16,1.51362065109905E-15));
#6031=DIRECTION('center_axis',(1.,-6.34413156928661E-16,-1.48029736616687E-15));
#6032=DIRECTION('ref_axis',(-1.48029736616687E-15,-5.55111512312578E-16,
-1.));
#6033=DIRECTION('',(-1.48029736616687E-15,-5.55111512312578E-16,-1.));
#6034=DIRECTION('center_axis',(-1.,6.34413156928661E-16,1.48029736616687E-15));
#6035=DIRECTION('ref_axis',(0.,0.707106781186548,0.707106781186548));
#6036=DIRECTION('',(6.34413156928661E-16,1.,0.));
#6037=DIRECTION('',(6.34413156928661E-16,1.,0.));
#6038=DIRECTION('center_axis',(6.34413156928661E-16,1.,0.));
#6039=DIRECTION('ref_axis',(0.,0.,1.));
#6040=DIRECTION('',(-1.,6.34413156928661E-16,1.51362065109905E-15));
#6041=DIRECTION('center_axis',(1.,-6.34413156928661E-16,-1.51362065109905E-15));
#6042=DIRECTION('ref_axis',(0.,0.707106781186548,0.707106781186548));
#6043=DIRECTION('',(1.,-6.34413156928661E-16,-1.51362065109905E-15));
#6044=DIRECTION('center_axis',(3.02724130219809E-15,-1.92052171131232E-30,
1.));
#6045=DIRECTION('ref_axis',(1.,-6.62209034855831E-16,-3.02724130219809E-15));
#6046=DIRECTION('',(6.34413156928661E-16,1.,0.));
#6047=DIRECTION('center_axis',(-1.51362065109903E-15,9.6026085565615E-31,
-1.));
#6048=DIRECTION('ref_axis',(-1.,6.62209034855825E-16,1.51362065109903E-15));
#6049=DIRECTION('',(6.34413156928661E-16,1.,0.));
#6050=DIRECTION('center_axis',(-1.51362065109905E-15,9.60260855656164E-31,
-1.));
#6051=DIRECTION('ref_axis',(-1.,6.62209034855835E-16,1.51362065109905E-15));
#6052=DIRECTION('center_axis',(1.51362065109905E-15,-9.60260855656165E-31,
1.));
#6053=DIRECTION('ref_axis',(1.,-6.62209034855835E-16,-1.51362065109905E-15));
#6054=DIRECTION('center_axis',(1.,6.99440365224073E-15,-5.55111512312578E-16));
#6055=DIRECTION('ref_axis',(6.99440365224073E-15,-1.,-4.0040773193643E-30));
#6056=DIRECTION('center_axis',(5.71936283749699E-16,5.87327168509694E-31,
1.));
#6057=DIRECTION('ref_axis',(1.,3.44169137633798E-15,-5.71936283749699E-16));
#6058=DIRECTION('center_axis',(-5.55111512312578E-16,0.,-1.));
#6059=DIRECTION('ref_axis',(-1.,0.,5.55111512312578E-16));
#6060=DIRECTION('center_axis',(1.,-4.44089209850063E-15,0.));
#6061=DIRECTION('ref_axis',(4.56777472988636E-15,0.997784156096176,-0.0665340352259116));
#6062=DIRECTION('center_axis',(1.,-4.44089209850063E-15,-2.46519032881566E-30));
#6063=DIRECTION('ref_axis',(4.56777472988636E-15,0.997784156096176,-0.0665340352259116));
#6064=DIRECTION('',(-1.,4.44089209850063E-15,0.));
#6065=DIRECTION('center_axis',(-1.,4.44089209850063E-15,2.46519032881566E-30));
#6066=DIRECTION('ref_axis',(4.56777472988636E-15,0.997784156096176,-0.0665340352259116));
#6067=DIRECTION('',(1.,0.,-5.71936283749699E-16));
#6068=DIRECTION('center_axis',(-1.,4.44089209850063E-15,0.));
#6069=DIRECTION('ref_axis',(2.53765262771464E-16,0.0665340352259313,-0.997784156096174));
#6070=DIRECTION('center_axis',(-1.,4.44089209850063E-15,2.46519032881566E-30));
#6071=DIRECTION('ref_axis',(2.53765262771464E-16,0.0665340352259313,-0.997784156096174));
#6072=DIRECTION('',(1.,-4.44089209850063E-15,0.));
#6073=DIRECTION('center_axis',(1.,-4.44089209850063E-15,-2.46519032881566E-30));
#6074=DIRECTION('ref_axis',(2.53765262771464E-16,0.0665340352259313,-0.997784156096174));
#6075=DIRECTION('',(-1.,0.,5.71936283749699E-16));
#6076=DIRECTION('center_axis',(-1.,4.44089209850063E-15,2.46519032881566E-30));
#6077=DIRECTION('ref_axis',(2.46519032881566E-30,0.,1.));
#6078=DIRECTION('',(-3.14018491736756E-15,-0.707106781186548,-0.707106781186547));
#6079=DIRECTION('center_axis',(-1.,4.44089209850063E-15,2.46519032881566E-30));
#6080=DIRECTION('ref_axis',(2.46519032881566E-30,0.,1.));
#6081=DIRECTION('',(-3.14018491736756E-15,-0.707106781186548,-0.707106781186547));
#6082=DIRECTION('center_axis',(1.,-4.44089209850063E-15,-2.46519032881566E-30));
#6083=DIRECTION('ref_axis',(2.46519032881566E-30,0.,1.));
#6084=DIRECTION('center_axis',(-1.,4.44089209850063E-15,0.));
#6085=DIRECTION('ref_axis',(0.,1.09476442525376E-44,1.));
#6086=DIRECTION('',(1.,-4.44089209850063E-15,0.));
#6087=DIRECTION('center_axis',(1.,-4.44089209850063E-15,-2.46519032881566E-30));
#6088=DIRECTION('ref_axis',(2.46519032881566E-30,0.,1.));
#6089=DIRECTION('',(-1.,4.44089209850063E-15,0.));
#6090=DIRECTION('center_axis',(-1.,4.44089209850063E-15,0.));
#6091=DIRECTION('ref_axis',(0.,1.09476442525376E-44,1.));
#6092=DIRECTION('center_axis',(-1.,4.44089209850063E-15,2.46519032881566E-30));
#6093=DIRECTION('ref_axis',(2.46519032881566E-30,0.,1.));
#6094=DIRECTION('center_axis',(-1.,4.44089209850063E-15,2.46519032881566E-30));
#6095=DIRECTION('ref_axis',(2.46519032881566E-30,0.,1.));
#6096=DIRECTION('',(3.14018491736756E-15,0.707106781186548,0.707106781186547));
#6097=DIRECTION('',(3.14018491736756E-15,0.707106781186548,0.707106781186547));
#6098=DIRECTION('center_axis',(4.04420024646046E-16,-0.707106781186547,
0.707106781186548));
#6099=DIRECTION('ref_axis',(1.,0.,-5.71936283749699E-16));
#6100=DIRECTION('',(1.,0.,-5.71936283749699E-16));
#6101=DIRECTION('',(2.79127548210448E-15,0.707106781186548,0.707106781186547));
#6102=DIRECTION('',(-1.,0.,5.71936283749699E-16));
#6103=DIRECTION('',(-1.,0.,5.71936283749699E-16));
#6104=DIRECTION('',(8.1141084474458E-46,-0.707106781186548,-0.707106781186547));
#6105=DIRECTION('',(1.,0.,-5.71936283749699E-16));
#6106=DIRECTION('center_axis',(0.,-1.,0.));
#6107=DIRECTION('ref_axis',(0.,0.,-1.));
#6108=DIRECTION('',(1.1475082212944E-45,-1.06530099924871E-89,-1.));
#6109=DIRECTION('',(1.,-1.26882631385732E-15,-3.94745964311166E-15));
#6110=DIRECTION('',(3.94745964311166E-15,-2.50432033403495E-30,1.));
#6111=DIRECTION('center_axis',(-1.,0.,-1.1475082212944E-45));
#6112=DIRECTION('ref_axis',(1.1475082212944E-45,-1.06530099924871E-89,-1.));
#6113=DIRECTION('',(0.,-1.,0.));
#6114=DIRECTION('',(1.1475082212944E-45,-1.06530099924871E-89,-1.));
#6115=DIRECTION('',(0.,-1.,0.));
#6116=DIRECTION('center_axis',(1.,0.,-3.94745964311166E-15));
#6117=DIRECTION('ref_axis',(3.94745964311166E-15,-2.50432033403495E-30,
1.));
#6118=DIRECTION('',(0.,-1.,0.));
#6119=DIRECTION('',(3.94745964311166E-15,-2.50432033403495E-30,1.));
#6120=DIRECTION('',(0.,-1.,0.));
#6121=DIRECTION('center_axis',(-3.94745964311166E-15,0.,-1.));
#6122=DIRECTION('ref_axis',(1.,-1.26882631385732E-15,-3.94745964311166E-15));
#6123=DIRECTION('',(1.,-1.26882631385732E-15,-3.94745964311166E-15));
#6124=DIRECTION('center_axis',(5.71936283749699E-16,0.,1.));
#6125=DIRECTION('ref_axis',(-1.,7.48783622398151E-16,5.71936283749699E-16));
#6126=DIRECTION('',(-1.,7.48783622398151E-16,5.71936283749699E-16));
#6127=DIRECTION('center_axis',(0.,-1.,0.));
#6128=DIRECTION('ref_axis',(0.,0.,-1.));
#6129=DIRECTION('axis',(0.,0.,1.));
#6130=DIRECTION('refdir',(1.,0.,0.));
#6131=DIRECTION('center_axis',(-1.,1.16831284787977E-15,-8.53899621137044E-18));
#6132=DIRECTION('ref_axis',(-8.53899621137044E-18,-5.82165488714711E-31,
1.));
#6133=DIRECTION('center_axis',(1.,-1.16831284787977E-15,8.53899621137043E-18));
#6134=DIRECTION('ref_axis',(-1.15713322608643E-15,-0.989368020362824,0.145433559687395));
#6135=DIRECTION('',(-1.02749616466325E-16,-0.145433559687394,-0.989368020362824));
#6136=DIRECTION('center_axis',(1.,-1.16831284787977E-15,8.53899621137041E-18));
#6137=DIRECTION('ref_axis',(1.15713322608643E-15,0.989368020362824,-0.145433559687395));
#6138=DIRECTION('',(1.02749616466325E-16,0.145433559687394,0.989368020362824));
#6139=DIRECTION('center_axis',(-1.,1.11022302462516E-15,-1.23259516440858E-32));
#6140=DIRECTION('ref_axis',(-1.10933564796714E-31,-5.91645678915761E-31,
1.));
#6141=DIRECTION('center_axis',(-1.,1.11022302462516E-15,3.8210450096642E-31));
#6142=DIRECTION('ref_axis',(3.82104500966419E-31,-5.91645678915762E-31,
1.));
#6143=DIRECTION('center_axis',(-1.,0.,0.));
#6144=DIRECTION('ref_axis',(0.,-5.91645678915762E-31,1.));
#6145=DIRECTION('center_axis',(1.,-1.11022302462516E-15,-3.8210450096642E-31));
#6146=DIRECTION('ref_axis',(3.82104500966419E-31,-5.91645678915762E-31,
1.));
#6147=DIRECTION('',(1.,0.,0.));
#6148=DIRECTION('center_axis',(-1.,0.,0.));
#6149=DIRECTION('ref_axis',(0.,-5.91645678915761E-31,1.));
#6150=DIRECTION('center_axis',(1.,-1.11022302462516E-15,1.23259516440858E-32));
#6151=DIRECTION('ref_axis',(-1.10933564796714E-31,-5.91645678915761E-31,
1.));
#6152=DIRECTION('',(1.,0.,0.));
#6153=DIRECTION('center_axis',(0.,-0.989368020362824,0.145433559687394));
#6154=DIRECTION('ref_axis',(1.02749616466325E-16,0.145433559687394,0.989368020362824));
#6155=DIRECTION('',(1.,0.,0.));
#6156=DIRECTION('',(1.02749616466325E-16,0.145433559687394,0.989368020362824));
#6157=DIRECTION('',(-1.,0.,0.));
#6158=DIRECTION('center_axis',(-1.,0.,0.));
#6159=DIRECTION('ref_axis',(0.,0.989368020362824,-0.145433559687395));
#6160=DIRECTION('center_axis',(-1.,1.16831284787977E-15,-8.53899621137041E-18));
#6161=DIRECTION('ref_axis',(1.15713322608643E-15,0.989368020362824,-0.145433559687395));
#6162=DIRECTION('',(-1.,0.,0.));
#6163=DIRECTION('center_axis',(0.,0.989368020362824,-0.145433559687394));
#6164=DIRECTION('ref_axis',(-1.02749616466325E-16,-0.145433559687394,-0.989368020362824));
#6165=DIRECTION('',(-1.02749616466325E-16,-0.145433559687394,-0.989368020362824));
#6166=DIRECTION('',(-1.,0.,0.));
#6167=DIRECTION('center_axis',(-1.,0.,0.));
#6168=DIRECTION('ref_axis',(0.,-0.989368020362824,0.145433559687395));
#6169=DIRECTION('center_axis',(-1.,1.16831284787977E-15,-8.53899621137043E-18));
#6170=DIRECTION('ref_axis',(-1.15713322608643E-15,-0.989368020362824,0.145433559687395));
#6171=DIRECTION('center_axis',(-1.,1.16831284787977E-15,-8.53899621137044E-18));
#6172=DIRECTION('ref_axis',(-8.53899621137044E-18,-5.82165488714711E-31,
1.));
#6173=DIRECTION('axis',(0.,0.,1.));
#6174=DIRECTION('refdir',(1.,0.,0.));
#6175=DIRECTION('center_axis',(-1.77635683940025E-15,-1.,1.77635683940025E-15));
#6176=DIRECTION('ref_axis',(-1.,1.77635683940025E-15,2.82017773616512E-29));
#6177=DIRECTION('center_axis',(0.,-1.,0.));
#6178=DIRECTION('ref_axis',(-1.,1.77635683940025E-15,2.82017773616512E-29));
#6179=DIRECTION('',(-1.77635683940025E-15,-1.,1.77635683940025E-15));
#6180=DIRECTION('center_axis',(0.,1.,0.));
#6181=DIRECTION('ref_axis',(-1.,1.77635683940025E-15,2.82017773616512E-29));
#6182=DIRECTION('center_axis',(-1.77635683940025E-15,-1.,1.77635683940025E-15));
#6183=DIRECTION('ref_axis',(-1.,1.77635683940025E-15,2.82017773616512E-29));
#6184=DIRECTION('center_axis',(0.,-1.,0.));
#6185=DIRECTION('ref_axis',(-1.,1.77635683940025E-15,2.82017773616512E-29));
#6186=DIRECTION('',(-1.77635683940025E-15,-1.,1.77635683940025E-15));
#6187=DIRECTION('center_axis',(0.,1.,0.));
#6188=DIRECTION('ref_axis',(-1.,1.77635683940025E-15,2.82017773616512E-29));
#6189=DIRECTION('center_axis',(-1.,8.07434927000114E-16,0.));
#6190=DIRECTION('ref_axis',(0.,0.,1.));
#6191=DIRECTION('',(8.07434927000114E-16,1.,-1.56737368182375E-15));
#6192=DIRECTION('',(2.9754847268805E-29,0.,1.));
#6193=DIRECTION('',(-8.07434927000114E-16,-1.,0.));
#6194=DIRECTION('',(0.,0.,-1.));
#6195=DIRECTION('center_axis',(0.,0.,1.));
#6196=DIRECTION('ref_axis',(1.,0.,0.));
#6197=DIRECTION('',(1.,0.,0.));
#6198=DIRECTION('',(0.,-1.,0.));
#6199=DIRECTION('',(-1.,0.,0.));
#6200=DIRECTION('center_axis',(0.,1.,0.));
#6201=DIRECTION('ref_axis',(1.,0.,0.));
#6202=DIRECTION('',(1.,0.,0.));
#6203=DIRECTION('',(0.,0.,-1.));
#6204=DIRECTION('',(-1.,0.,0.));
#6205=DIRECTION('',(0.,1.56737368182375E-15,1.));
#6206=DIRECTION('',(1.,0.,0.));
#6207=DIRECTION('',(0.,1.56737368182375E-15,1.));
#6208=DIRECTION('',(-1.,0.,3.13572209825352E-29));
#6209=DIRECTION('center_axis',(0.,1.,0.));
#6210=DIRECTION('ref_axis',(1.,-1.29526019539602E-15,-2.89906382668722E-29));
#6211=DIRECTION('',(1.,-1.36642833800019E-15,0.));
#6212=DIRECTION('',(-2.89906382668722E-29,0.,-1.));
#6213=DIRECTION('',(1.,0.,-3.13572209825352E-29));
#6214=DIRECTION('',(0.,0.,1.));
#6215=DIRECTION('',(-1.,0.,5.71936283749699E-16));
#6216=DIRECTION('',(1.,0.,-1.01563854049494E-12));
#6217=DIRECTION('',(0.,0.,1.));
#6218=DIRECTION('',(-1.,0.,-6.32068096065768E-15));
#6219=DIRECTION('',(-1.,0.,6.45762904814003E-13));
#6220=DIRECTION('',(-3.97142353876596E-16,0.,-1.));
#6221=DIRECTION('',(1.,0.,2.38045265456762E-12));
#6222=DIRECTION('',(-1.,0.,5.71936283749699E-16));
#6223=DIRECTION('',(0.,0.,-1.));
#6224=DIRECTION('',(1.38470504601907E-15,0.,-1.));
#6225=DIRECTION('',(-1.,0.,2.89906382668722E-29));
#6226=DIRECTION('',(-1.61548922035559E-15,0.,1.));
#6227=DIRECTION('',(1.,0.,-2.93963192711956E-29));
#6228=DIRECTION('',(1.50009713318733E-15,0.,-1.));
#6229=DIRECTION('',(-1.,0.,2.89906382668722E-29));
#6230=DIRECTION('',(-1.34143301333098E-15,0.,1.));
#6231=DIRECTION('',(1.,0.,-2.89906382668722E-29));
#6232=DIRECTION('center_axis',(0.,1.,0.));
#6233=DIRECTION('ref_axis',(1.,0.,-2.89906382668722E-29));
#6234=DIRECTION('center_axis',(0.,1.,0.));
#6235=DIRECTION('ref_axis',(-1.,0.,2.89906382668722E-29));
#6236=DIRECTION('center_axis',(0.,1.,0.));
#6237=DIRECTION('ref_axis',(-1.,1.48029736616687E-15,2.89906382668722E-29));
#6238=DIRECTION('center_axis',(0.,0.,-1.));
#6239=DIRECTION('ref_axis',(1.29526019539602E-15,1.,0.));
#6240=DIRECTION('',(1.29526019539602E-15,1.,0.));
#6241=DIRECTION('',(1.,-1.36642833800019E-15,0.));
#6242=DIRECTION('',(1.29526019539602E-15,1.,0.));
#6243=DIRECTION('center_axis',(1.,-1.36642833800019E-15,0.));
#6244=DIRECTION('ref_axis',(0.,0.,-1.));
#6245=DIRECTION('',(2.89906382668722E-29,0.,1.));
#6246=DIRECTION('',(1.36642833800019E-15,1.,-1.77635683940025E-15));
#6247=DIRECTION('center_axis',(0.,1.56737368182375E-15,1.));
#6248=DIRECTION('ref_axis',(1.,0.,0.));
#6249=DIRECTION('',(-1.,0.,0.));
#6250=DIRECTION('',(0.,-1.,1.48029736616688E-15));
#6251=DIRECTION('center_axis',(-1.,1.33226762955019E-15,-2.08816121970268E-30));
#6252=DIRECTION('ref_axis',(-1.33226762955019E-15,-1.,1.77635683940025E-15));
#6253=DIRECTION('',(-1.33226762955019E-15,-1.,1.77635683940025E-15));
#6254=DIRECTION('',(-1.33226762955019E-15,-1.,1.77635683940025E-15));
#6255=DIRECTION('',(0.,1.56737368182375E-15,1.));
#6256=DIRECTION('center_axis',(0.,1.56737368182375E-15,1.));
#6257=DIRECTION('ref_axis',(1.,0.,0.));
#6258=DIRECTION('',(0.,1.,-1.48029736616688E-15));
#6259=DIRECTION('',(-1.,0.,0.));
#6260=DIRECTION('center_axis',(-1.,0.,0.));
#6261=DIRECTION('ref_axis',(0.,0.,1.));
#6262=DIRECTION('',(-1.11022302462516E-15,-1.,2.22044604925031E-15));
#6263=DIRECTION('',(0.,0.,-1.));
#6264=DIRECTION('center_axis',(-1.,1.77635683940025E-15,-1.61548922035559E-15));
#6265=DIRECTION('ref_axis',(1.61548922035559E-15,-1.49006151383249E-15,
-1.));
#6266=DIRECTION('',(-1.77635683940025E-15,-1.,0.));
#6267=DIRECTION('',(1.61548922035559E-15,0.,-1.));
#6268=DIRECTION('',(-1.77635683940025E-15,-1.,0.));
#6269=DIRECTION('center_axis',(2.93963192711956E-29,-5.22183527905817E-44,
1.));
#6270=DIRECTION('ref_axis',(-1.,1.09652249149829E-15,2.93963192711956E-29));
#6271=DIRECTION('',(-1.,0.,2.93963192711956E-29));
#6272=DIRECTION('',(-1.77635683940025E-15,-1.,0.));
#6273=DIRECTION('center_axis',(1.,-1.77635683940025E-15,1.38470504601907E-15));
#6274=DIRECTION('ref_axis',(-1.38470504601907E-15,1.720845688169E-15,1.));
#6275=DIRECTION('',(-1.38470504601907E-15,0.,1.));
#6276=DIRECTION('',(-1.77635683940025E-15,-1.,0.));
#6277=DIRECTION('center_axis',(-2.89906382668722E-29,5.1497718563937E-44,
-1.));
#6278=DIRECTION('ref_axis',(1.,-1.33226762955018E-15,-2.89906382668722E-29));
#6279=DIRECTION('',(1.,0.,-2.89906382668722E-29));
#6280=DIRECTION('center_axis',(-1.,1.33226762955019E-15,-1.34143301333098E-15));
#6281=DIRECTION('ref_axis',(1.34143301333097E-15,-1.720845688169E-15,-1.));
#6282=DIRECTION('',(-1.33226762955019E-15,-1.,0.));
#6283=DIRECTION('',(1.34143301333098E-15,0.,-1.));
#6284=DIRECTION('',(-1.33226762955019E-15,-1.,0.));
#6285=DIRECTION('center_axis',(2.89906382668722E-29,-3.86232889229528E-44,
1.));
#6286=DIRECTION('ref_axis',(-1.,1.33226762955018E-15,2.89906382668722E-29));
#6287=DIRECTION('',(-1.,0.,2.89906382668722E-29));
#6288=DIRECTION('',(-1.33226762955019E-15,-1.,0.));
#6289=DIRECTION('center_axis',(1.,-1.33226762955019E-15,1.50009713318733E-15));
#6290=DIRECTION('ref_axis',(-1.50009713318733E-15,1.720845688169E-15,1.));
#6291=DIRECTION('',(-1.50009713318733E-15,0.,1.));
#6292=DIRECTION('',(-1.33226762955019E-15,-1.,0.));
#6293=DIRECTION('center_axis',(-2.89906382668722E-29,3.86232889229528E-44,
-1.));
#6294=DIRECTION('ref_axis',(1.,-1.33226762955018E-15,-2.89906382668722E-29));
#6295=DIRECTION('',(1.,0.,-2.89906382668722E-29));
#6296=DIRECTION('center_axis',(1.,0.,0.));
#6297=DIRECTION('ref_axis',(0.,0.,-1.));
#6298=DIRECTION('',(0.,-1.,0.));
#6299=DIRECTION('',(0.,0.,1.));
#6300=DIRECTION('center_axis',(1.29526019539602E-15,1.,0.));
#6301=DIRECTION('ref_axis',(-0.656168996615484,8.49909582768979E-16,-0.754613972757349));
#6302=DIRECTION('',(-1.29526019539602E-15,-1.,0.));
#6303=DIRECTION('center_axis',(0.,-1.,0.));
#6304=DIRECTION('ref_axis',(1.,-1.29526019539602E-15,-2.89906382668722E-29));
#6305=DIRECTION('center_axis',(-3.13572209825352E-29,-1.77635683940025E-15,
-1.));
#6306=DIRECTION('ref_axis',(1.,-1.33226762955018E-15,-2.89906382668722E-29));
#6307=DIRECTION('',(1.,0.,-3.13572209825352E-29));
#6308=DIRECTION('center_axis',(0.,-1.,0.));
#6309=DIRECTION('ref_axis',(-1.,0.,2.89906382668722E-29));
#6310=DIRECTION('center_axis',(0.,-1.,0.));
#6311=DIRECTION('ref_axis',(-1.,0.,2.89906382668722E-29));
#6312=DIRECTION('',(0.,-1.,0.));
#6313=DIRECTION('center_axis',(3.13572209825352E-29,1.77635683940025E-15,
1.));
#6314=DIRECTION('ref_axis',(-1.,1.33226762955018E-15,2.89906382668722E-29));
#6315=DIRECTION('',(-1.,0.,3.13572209825352E-29));
#6316=DIRECTION('',(0.,1.,-1.77635683940025E-15));
#6317=DIRECTION('center_axis',(-1.,0.,0.));
#6318=DIRECTION('ref_axis',(0.,0.,1.));
#6319=DIRECTION('',(0.,0.,-1.));
#6320=DIRECTION('',(0.,1.,0.));
#6321=DIRECTION('center_axis',(1.,0.,0.));
#6322=DIRECTION('ref_axis',(0.,0.,-1.));
#6323=DIRECTION('',(0.,0.,1.));
#6324=DIRECTION('',(1.11022302462516E-15,1.,-2.22044604925031E-15));
#6325=DIRECTION('center_axis',(0.,1.,0.));
#6326=DIRECTION('ref_axis',(1.,0.,0.));
#6327=DIRECTION('',(-1.,0.,5.71936283749699E-16));
#6328=DIRECTION('',(1.,0.,2.38045265456762E-12));
#6329=DIRECTION('',(-3.97142353876596E-16,0.,-1.));
#6330=DIRECTION('',(-1.,0.,6.45762904814003E-13));
#6331=DIRECTION('',(-1.,0.,-6.32068096065768E-15));
#6332=DIRECTION('',(0.,0.,1.));
#6333=DIRECTION('',(1.,0.,-1.01563854049494E-12));
#6334=DIRECTION('',(-1.,0.,5.71936283749699E-16));
#6335=DIRECTION('',(1.,0.,0.));
#6336=DIRECTION('center_axis',(0.,-1.,0.));
#6337=DIRECTION('ref_axis',(-1.,1.48029736616687E-15,2.89906382668722E-29));
#6338=DIRECTION('center_axis',(0.,-1.,0.));
#6339=DIRECTION('ref_axis',(-1.,0.,2.89906382668722E-29));
#6340=DIRECTION('center_axis',(5.71936283749699E-16,0.,1.));
#6341=DIRECTION('ref_axis',(1.,0.,-5.71936283749699E-16));
#6342=DIRECTION('center_axis',(2.38045265456762E-12,0.,-1.));
#6343=DIRECTION('ref_axis',(-1.,0.,-2.38045265456762E-12));
#6344=DIRECTION('',(0.,-1.,0.));
#6345=DIRECTION('center_axis',(1.,0.,-3.97142353876596E-16));
#6346=DIRECTION('ref_axis',(-3.97142353876596E-16,0.,-1.));
#6347=DIRECTION('',(0.,1.,0.));
#6348=DIRECTION('center_axis',(6.45762904814003E-13,0.,1.));
#6349=DIRECTION('ref_axis',(1.,0.,-6.45762904814003E-13));
#6350=DIRECTION('',(0.,1.,0.));
#6351=DIRECTION('',(0.,1.,0.));
#6352=DIRECTION('center_axis',(-6.32068096065768E-15,0.,1.));
#6353=DIRECTION('ref_axis',(1.,0.,6.32068096065768E-15));
#6354=DIRECTION('',(0.,-1.,0.));
#6355=DIRECTION('center_axis',(-1.,0.,0.));
#6356=DIRECTION('ref_axis',(0.,0.,1.));
#6357=DIRECTION('',(0.,1.,0.));
#6358=DIRECTION('center_axis',(-1.01563854049494E-12,0.,-1.));
#6359=DIRECTION('ref_axis',(-1.,0.,1.01563854049494E-12));
#6360=DIRECTION('center_axis',(-1.48029736616687E-15,-1.,0.));
#6361=DIRECTION('ref_axis',(-1.,1.48029736616687E-15,2.89906382668722E-29));
#6362=DIRECTION('',(-1.48029736616687E-15,-1.,0.));
#6363=DIRECTION('center_axis',(0.,-1.,0.));
#6364=DIRECTION('ref_axis',(-1.,0.,2.89906382668722E-29));
#6365=DIRECTION('',(0.,-1.,0.));
#6366=DIRECTION('center_axis',(5.71936283749699E-16,0.,1.));
#6367=DIRECTION('ref_axis',(1.,0.,-5.71936283749699E-16));
#6368=DIRECTION('center_axis',(-2.95822839457878E-30,-2.22044604925031E-15,
-1.));
#6369=DIRECTION('ref_axis',(1.,-1.33226762955018E-15,0.));
#6370=DIRECTION('center_axis',(-1.,-1.33835104338375E-15,1.460019320055E-15));
#6371=DIRECTION('ref_axis',(-1.460019320055E-15,-1.720845688169E-15,-1.));
#6372=DIRECTION('center_axis',(-1.,1.33226762955019E-15,2.89906382668722E-29));
#6373=DIRECTION('ref_axis',(-1.460019320055E-15,-1.720845688169E-15,-1.));
#6374=DIRECTION('',(-1.,-1.33835104338375E-15,1.460019320055E-15));
#6375=DIRECTION('center_axis',(1.,-1.33226762955019E-15,-2.89906382668722E-29));
#6376=DIRECTION('ref_axis',(-1.460019320055E-15,-1.720845688169E-15,-1.));
#6377=DIRECTION('center_axis',(-1.,-1.33835104338375E-15,1.460019320055E-15));
#6378=DIRECTION('ref_axis',(-1.460019320055E-15,-1.720845688169E-15,-1.));
#6379=DIRECTION('center_axis',(-1.,1.1842378929335E-15,2.92453746008498E-29));
#6380=DIRECTION('ref_axis',(-1.460019320055E-15,-1.720845688169E-15,-1.));
#6381=DIRECTION('',(-1.,-1.33835104338375E-15,1.460019320055E-15));
#6382=DIRECTION('center_axis',(1.,-1.1842378929335E-15,-2.92453746008498E-29));
#6383=DIRECTION('ref_axis',(-1.460019320055E-15,-1.720845688169E-15,-1.));
#6384=DIRECTION('center_axis',(1.,-8.88178419700125E-16,-2.95165455370195E-29));
#6385=DIRECTION('ref_axis',(1.57009245868377E-15,0.707106781186545,-0.70710678118655));
#6386=DIRECTION('center_axis',(-1.,1.1842378929335E-15,2.92453746008498E-29));
#6387=DIRECTION('ref_axis',(1.57009245868377E-15,0.707106781186545,-0.70710678118655));
#6388=DIRECTION('',(-1.,8.88178419700125E-16,2.95165455370195E-29));
#6389=DIRECTION('center_axis',(1.,-1.1842378929335E-15,-2.92453746008498E-29));
#6390=DIRECTION('ref_axis',(1.57009245868377E-15,0.707106781186545,-0.70710678118655));
#6391=DIRECTION('',(1.,-8.88178419700125E-16,-2.95165455370195E-29));
#6392=DIRECTION('center_axis',(-8.88178419700125E-16,-1.,0.));
#6393=DIRECTION('ref_axis',(0.,0.,-1.));
#6394=DIRECTION('',(-2.92453746008498E-29,2.59751105965209E-44,-1.));
#6395=DIRECTION('',(-1.,8.88178419700125E-16,2.95165455370195E-29));
#6396=DIRECTION('',(2.92453746008498E-29,-2.59751105965209E-44,1.));
#6397=DIRECTION('center_axis',(-1.,1.1842378929335E-15,2.92453746008498E-29));
#6398=DIRECTION('ref_axis',(3.12832652726707E-29,1.720845688169E-15,1.));
#6399=DIRECTION('',(1.1842378929335E-15,1.,-1.1842378929335E-15));
#6400=DIRECTION('',(3.12832652726707E-29,1.720845688169E-15,1.));
#6401=DIRECTION('',(1.1842378929335E-15,1.,-1.1842378929335E-15));
#6402=DIRECTION('center_axis',(1.,-1.1842378929335E-15,-2.92453746008498E-29));
#6403=DIRECTION('ref_axis',(1.57009245868377E-15,0.707106781186546,0.707106781186549));
#6404=DIRECTION('center_axis',(-1.,8.88178419700125E-16,2.95165455370195E-29));
#6405=DIRECTION('ref_axis',(1.57009245868377E-15,0.707106781186546,0.707106781186549));
#6406=DIRECTION('center_axis',(-1.,1.1842378929335E-15,2.92453746008498E-29));
#6407=DIRECTION('ref_axis',(1.57009245868377E-15,0.707106781186546,0.707106781186549));
#6408=DIRECTION('',(1.,-8.88178419700125E-16,-2.95165455370195E-29));
#6409=DIRECTION('center_axis',(-1.,1.33226762955019E-15,2.89906382668722E-29));
#6410=DIRECTION('ref_axis',(1.57009245868377E-15,0.707106781186546,0.707106781186549));
#6411=DIRECTION('center_axis',(1.,-1.33226762955019E-15,-2.89906382668722E-29));
#6412=DIRECTION('ref_axis',(1.57009245868377E-15,0.707106781186546,0.707106781186549));
#6413=DIRECTION('',(1.,-1.33226762955019E-15,-2.89906382668722E-29));
#6414=DIRECTION('center_axis',(-1.,1.33226762955019E-15,2.89906382668722E-29));
#6415=DIRECTION('ref_axis',(1.57009245868377E-15,0.707106781186546,0.707106781186549));
#6416=DIRECTION('',(-1.,1.33226762955019E-15,2.89906382668722E-29));
#6417=DIRECTION('center_axis',(-1.33226762955019E-15,-1.,0.));
#6418=DIRECTION('ref_axis',(0.,0.,-1.));
#6419=DIRECTION('',(2.89906382668722E-29,-3.86232889229528E-44,1.));
#6420=DIRECTION('',(1.,-1.33226762955019E-15,-2.89906382668722E-29));
#6421=DIRECTION('',(-2.89906382668722E-29,3.86232889229528E-44,-1.));
#6422=DIRECTION('center_axis',(1.,-1.33226762955019E-15,-2.89906382668722E-29));
#6423=DIRECTION('ref_axis',(-3.12832652726707E-29,-1.720845688169E-15,-1.));
#6424=DIRECTION('',(1.33226762955019E-15,1.,-1.1842378929335E-15));
#6425=DIRECTION('',(-3.12832652726707E-29,-1.720845688169E-15,-1.));
#6426=DIRECTION('',(1.33226762955019E-15,1.,-1.1842378929335E-15));
#6427=DIRECTION('center_axis',(-1.,1.33226762955019E-15,2.89906382668722E-29));
#6428=DIRECTION('ref_axis',(0.,0.707106781186545,-0.70710678118655));
#6429=DIRECTION('center_axis',(1.,-1.33226762955019E-15,-2.89906382668722E-29));
#6430=DIRECTION('ref_axis',(0.,0.707106781186545,-0.70710678118655));
#6431=DIRECTION('center_axis',(1.,-1.33226762955019E-15,-2.89906382668722E-29));
#6432=DIRECTION('ref_axis',(0.,0.707106781186545,-0.70710678118655));
#6433=DIRECTION('',(-1.,1.33226762955019E-15,2.89906382668722E-29));
#6434=DIRECTION('center_axis',(1.,-1.1842378929335E-15,-2.92453746008498E-29));
#6435=DIRECTION('ref_axis',(-3.12832652726707E-29,-1.720845688169E-15,-1.));
#6436=DIRECTION('',(1.1842378929335E-15,1.,-1.1842378929335E-15));
#6437=DIRECTION('',(2.92453746008498E-29,0.,1.));
#6438=DIRECTION('',(1.1842378929335E-15,1.,-1.1842378929335E-15));
#6439=DIRECTION('center_axis',(3.05683600773142E-29,1.1842378929335E-15,
1.));
#6440=DIRECTION('ref_axis',(1.,-1.33226762955018E-15,-2.89906382668722E-29));
#6441=DIRECTION('',(1.,1.36642833800019E-15,0.));
#6442=DIRECTION('',(1.33226762955019E-15,1.,-1.1842378929335E-15));
#6443=DIRECTION('',(-1.,0.,3.05683600773142E-29));
#6444=DIRECTION('center_axis',(0.,1.,0.));
#6445=DIRECTION('ref_axis',(0.,0.,1.));
#6446=DIRECTION('',(1.,0.,-3.05683600773142E-29));
#6447=DIRECTION('',(-2.89906382668722E-29,0.,-1.));
#6448=DIRECTION('center_axis',(-1.36642833800019E-15,1.,-1.720845688169E-15));
#6449=DIRECTION('ref_axis',(1.33226762955022E-15,1.720845688169E-15,1.));
#6450=DIRECTION('',(1.,1.36642833800019E-15,0.));
#6451=DIRECTION('center_axis',(-3.05683600773142E-29,-1.1842378929335E-15,
-1.));
#6452=DIRECTION('ref_axis',(-1.,1.33226762955018E-15,2.89906382668722E-29));
#6453=DIRECTION('',(1.33226762955019E-15,1.,-1.1842378929335E-15));
#6454=DIRECTION('center_axis',(-1.,1.33226762955019E-15,2.89906382668722E-29));
#6455=DIRECTION('ref_axis',(3.12832652726707E-29,1.720845688169E-15,1.));
#6456=DIRECTION('center_axis',(-1.,-1.33835104338375E-15,1.460019320055E-15));
#6457=DIRECTION('ref_axis',(-1.460019320055E-15,-1.720845688169E-15,-1.));
#6458=DIRECTION('center_axis',(-1.,1.03620815631681E-15,-2.8481165598917E-29));
#6459=DIRECTION('ref_axis',(-1.460019320055E-15,-1.720845688169E-15,-1.));
#6460=DIRECTION('',(-1.,-1.33835104338375E-15,1.460019320055E-15));
#6461=DIRECTION('center_axis',(1.,-1.03620815631681E-15,2.8481165598917E-29));
#6462=DIRECTION('ref_axis',(-1.460019320055E-15,-1.720845688169E-15,-1.));
#6463=DIRECTION('center_axis',(-1.,-1.33835104338375E-15,1.460019320055E-15));
#6464=DIRECTION('ref_axis',(-1.460019320055E-15,-1.720845688169E-15,-1.));
#6465=DIRECTION('center_axis',(-1.,8.88178419700125E-16,-2.82264292649393E-29));
#6466=DIRECTION('ref_axis',(-1.460019320055E-15,-1.720845688169E-15,-1.));
#6467=DIRECTION('',(-1.,-1.33835104338375E-15,1.460019320055E-15));
#6468=DIRECTION('center_axis',(1.,-8.88178419700125E-16,2.82264292649393E-29));
#6469=DIRECTION('ref_axis',(-1.460019320055E-15,-1.720845688169E-15,-1.));
#6470=DIRECTION('center_axis',(1.,-1.16573417585641E-15,2.85551213087814E-29));
#6471=DIRECTION('ref_axis',(8.21845271342287E-16,0.707106781186545,-0.70710678118655));
#6472=DIRECTION('center_axis',(1.,-1.03620815631681E-15,2.8481165598917E-29));
#6473=DIRECTION('ref_axis',(8.21845271342287E-16,0.707106781186545,-0.70710678118655));
#6474=DIRECTION('',(1.,-1.16573417585641E-15,2.85551213087814E-29));
#6475=DIRECTION('center_axis',(-1.,1.03620815631681E-15,-2.8481165598917E-29));
#6476=DIRECTION('ref_axis',(8.21845271342287E-16,0.707106781186545,-0.70710678118655));
#6477=DIRECTION('',(-1.,1.16573417585641E-15,-2.85551213087814E-29));
#6478=DIRECTION('center_axis',(-1.16573417585641E-15,-1.,0.));
#6479=DIRECTION('ref_axis',(0.,0.,-1.));
#6480=DIRECTION('',(2.8481165598917E-29,-3.32014681068835E-44,-1.));
#6481=DIRECTION('',(-1.,1.16573417585641E-15,-2.85551213087814E-29));
#6482=DIRECTION('',(-2.8481165598917E-29,3.32014681068835E-44,1.));
#6483=DIRECTION('center_axis',(1.,-1.03620815631681E-15,2.8481165598917E-29));
#6484=DIRECTION('ref_axis',(2.66980112610736E-29,-1.720845688169E-15,-1.));
#6485=DIRECTION('',(1.03620815631681E-15,1.,-1.1842378929335E-15));
#6486=DIRECTION('',(-2.8481165598917E-29,6.40893340617307E-44,1.));
#6487=DIRECTION('',(1.03620815631681E-15,1.,-1.1842378929335E-15));
#6488=DIRECTION('center_axis',(1.,-1.03620815631681E-15,2.8481165598917E-29));
#6489=DIRECTION('ref_axis',(7.85046229341885E-16,0.707106781186546,0.707106781186549));
#6490=DIRECTION('center_axis',(-1.,1.16573417585641E-15,-2.85551213087814E-29));
#6491=DIRECTION('ref_axis',(7.85046229341885E-16,0.707106781186546,0.707106781186549));
#6492=DIRECTION('',(1.,-1.16573417585641E-15,2.85551213087814E-29));
#6493=DIRECTION('center_axis',(-1.,1.03620815631681E-15,-2.8481165598917E-29));
#6494=DIRECTION('ref_axis',(7.85046229341885E-16,0.707106781186546,0.707106781186549));
#6495=DIRECTION('center_axis',(-1.,1.22124532708767E-15,-2.86208597175498E-29));
#6496=DIRECTION('ref_axis',(7.85046229341885E-16,0.707106781186546,0.707106781186549));
#6497=DIRECTION('center_axis',(-1.,8.88178419700125E-16,-2.82264292649393E-29));
#6498=DIRECTION('ref_axis',(7.85046229341885E-16,0.707106781186546,0.707106781186549));
#6499=DIRECTION('',(-1.,1.22124532708767E-15,-2.86208597175498E-29));
#6500=DIRECTION('center_axis',(1.,-8.88178419700125E-16,2.82264292649393E-29));
#6501=DIRECTION('ref_axis',(7.85046229341885E-16,0.707106781186546,0.707106781186549));
#6502=DIRECTION('',(1.,-1.22124532708767E-15,2.86208597175498E-29));
#6503=DIRECTION('center_axis',(1.,-8.88178419700125E-16,2.82264292649393E-29));
#6504=DIRECTION('ref_axis',(2.66980112610736E-29,-1.720845688169E-15,-1.));
#6505=DIRECTION('',(2.82264292649393E-29,-3.44713948401779E-44,-1.));
#6506=DIRECTION('',(8.88178419700125E-16,1.,-1.1842378929335E-15));
#6507=DIRECTION('',(2.66980112610736E-29,-1.720845688169E-15,-1.));
#6508=DIRECTION('',(8.88178419700125E-16,1.,-1.1842378929335E-15));
#6509=DIRECTION('center_axis',(-1.22124532708767E-15,-1.,0.));
#6510=DIRECTION('ref_axis',(0.,0.,-1.));
#6511=DIRECTION('',(-2.82264292649393E-29,3.44713948401779E-44,1.));
#6512=DIRECTION('',(1.,-1.22124532708767E-15,2.86208597175498E-29));
#6513=DIRECTION('center_axis',(-1.,1.03620815631681E-15,-2.8481165598917E-29));
#6514=DIRECTION('ref_axis',(-2.66980112610736E-29,1.720845688169E-15,1.));
#6515=DIRECTION('',(1.03620815631681E-15,1.,-1.1842378929335E-15));
#6516=DIRECTION('',(-2.66980112610736E-29,1.720845688169E-15,1.));
#6517=DIRECTION('',(1.03620815631681E-15,1.,-1.1842378929335E-15));
#6518=DIRECTION('center_axis',(2.71746147246446E-29,-1.1842378929335E-15,
-1.));
#6519=DIRECTION('ref_axis',(-1.,8.88178419700132E-16,-2.82264292649393E-29));
#6520=DIRECTION('',(1.,-2.22044604925031E-15,2.98041510753814E-29));
#6521=DIRECTION('',(8.88178419700125E-16,1.,-1.1842378929335E-15));
#6522=DIRECTION('',(-1.,3.58687438725051E-15,7.64209001932841E-31));
#6523=DIRECTION('center_axis',(-2.22044604925031E-15,-1.,8.48442429571651E-46));
#6524=DIRECTION('ref_axis',(7.64209001932841E-31,-8.48442429571651E-46,
1.));
#6525=DIRECTION('',(-1.,2.22044604925031E-15,-2.98041510753814E-29));
#6526=DIRECTION('',(2.82264292649393E-29,-6.35237057753496E-44,-1.));
#6527=DIRECTION('center_axis',(-3.58687438725051E-15,-1.,1.720845688169E-15));
#6528=DIRECTION('ref_axis',(-1.33226762955021E-15,1.720845688169E-15,1.));
#6529=DIRECTION('',(-1.,3.58687438725051E-15,7.64209001932841E-31));
#6530=DIRECTION('center_axis',(-2.71746147246446E-29,1.1842378929335E-15,
1.));
#6531=DIRECTION('ref_axis',(1.,-8.88178419700132E-16,2.82264292649393E-29));
#6532=DIRECTION('',(8.88178419700125E-16,1.,-1.1842378929335E-15));
#6533=DIRECTION('center_axis',(-1.,8.88178419700125E-16,-2.82264292649393E-29));
#6534=DIRECTION('ref_axis',(-2.66980112610736E-29,1.720845688169E-15,1.));
#6535=DIRECTION('',(1.28337777340691E-15,0.299102303434211,0.954221049904238));
#6536=DIRECTION('',(1.,2.82471126012082E-16,-1.7416070676797E-15));
#6537=DIRECTION('',(-6.38763921104129E-16,-1.39263301125137E-15,0.999999999999996));
#6538=DIRECTION('',(1.,-5.86397757740574E-16,2.71834567430181E-16));
#6539=DIRECTION('',(6.40862009010077E-16,0.53771016103508,0.843129754379259));
#6540=DIRECTION('',(1.,-8.90167119315786E-16,-1.94200925773933E-16));
#6541=DIRECTION('',(0.,0.,1.));
#6542=DIRECTION('',(1.,0.,0.));
#6543=CARTESIAN_POINT('',(0.,0.,0.));
#6544=CARTESIAN_POINT('',(0.,0.,0.));
#6545=CARTESIAN_POINT('Origin',(21.582638910683,70.,-51.2751791951904));
#6546=CARTESIAN_POINT('',(21.5826389106829,59.,-61.638339046581));
#6547=CARTESIAN_POINT('',(21.5826389106829,68.,-70.638339046581));
#6548=CARTESIAN_POINT('Origin',(21.582638910683,68.,-61.638339046581));
#6549=CARTESIAN_POINT('',(21.582638910683,59.,-60.2751791951905));
#6550=CARTESIAN_POINT('',(21.582638910683,59.,-56.1159691580381));
#6551=CARTESIAN_POINT('',(21.582638910683,68.,-51.2751791951905));
#6552=CARTESIAN_POINT('Origin',(21.582638910683,68.,-60.2751791951905));
#6553=CARTESIAN_POINT('',(21.582638910683,70.,-51.2751791951905));
#6554=CARTESIAN_POINT('',(21.582638910683,70.,-51.2751791951904));
#6555=CARTESIAN_POINT('',(21.5826389106829,70.,-70.638339046581));
#6556=CARTESIAN_POINT('',(21.5826389106826,70.,-125.637589597595));
#6557=CARTESIAN_POINT('',(21.5826389106829,70.,-70.638339046581));
#6558=CARTESIAN_POINT('',(21.582638910683,64.,-59.0000009089708));
#6559=CARTESIAN_POINT('Origin',(21.582638910683,64.,-61.0000009089708));
#6560=CARTESIAN_POINT('Origin',(21.9835686567948,68.,-60.2751791951905));
#6561=CARTESIAN_POINT('',(24.950545238832,59.,-60.2751791951905));
#6562=CARTESIAN_POINT('',(22.450545238832,59.,-60.2751791951905));
#6563=CARTESIAN_POINT('',(24.9505452388321,68.,-51.2751791951904));
#6564=CARTESIAN_POINT('Origin',(24.950545238832,68.,-60.2751791951905));
#6565=CARTESIAN_POINT('',(21.9835686567948,68.,-51.2751791951904));
#6566=CARTESIAN_POINT('Origin',(19.5165920747575,59.,-60.9567591208857));
#6567=CARTESIAN_POINT('',(24.950545238832,59.,-61.638339046581));
#6568=CARTESIAN_POINT('',(22.450545238832,59.,-61.638339046581));
#6569=CARTESIAN_POINT('',(24.9505452388321,59.,-51.2751791951904));
#6570=CARTESIAN_POINT('Origin',(18.0496154927202,68.,-61.638339046581));
#6571=CARTESIAN_POINT('',(24.950545238832,68.,-70.638339046581));
#6572=CARTESIAN_POINT('',(22.450545238832,68.,-70.638339046581));
#6573=CARTESIAN_POINT('Origin',(24.950545238832,68.,-61.638339046581));
#6574=CARTESIAN_POINT('Origin',(24.950545238832,70.,-70.638339046581));
#6575=CARTESIAN_POINT('',(24.950545238832,70.,-70.638339046581));
#6576=CARTESIAN_POINT('',(24.950545238832,70.,-70.638339046581));
#6577=CARTESIAN_POINT('',(24.9505452388321,70.,-51.2751791951904));
#6578=CARTESIAN_POINT('',(24.9505452388317,70.,-135.319169523291));
#6579=CARTESIAN_POINT('',(24.9505452388321,70.,-51.2751791951904));
#6580=CARTESIAN_POINT('',(24.950545238832,64.,-59.0000009089708));
#6581=CARTESIAN_POINT('Origin',(24.950545238832,64.,-61.0000009089708));
#6582=CARTESIAN_POINT('Origin',(29.450545238832,70.,-51.2751791951904));
#6583=CARTESIAN_POINT('',(29.450545238832,59.,-61.638339046581));
#6584=CARTESIAN_POINT('',(29.450545238832,68.,-70.638339046581));
#6585=CARTESIAN_POINT('Origin',(29.450545238832,68.,-61.638339046581));
#6586=CARTESIAN_POINT('',(29.450545238832,59.,-60.2751791951905));
#6587=CARTESIAN_POINT('',(29.450545238832,59.,-56.1159691580381));
#6588=CARTESIAN_POINT('',(29.450545238832,68.,-51.2751791951904));
#6589=CARTESIAN_POINT('Origin',(29.450545238832,68.,-60.2751791951905));
#6590=CARTESIAN_POINT('',(29.450545238832,70.,-51.2751791951904));
#6591=CARTESIAN_POINT('',(29.450545238832,70.,-51.2751791951904));
#6592=CARTESIAN_POINT('',(29.450545238832,70.,-70.638339046581));
#6593=CARTESIAN_POINT('',(29.4505452388319,70.,-125.637589597595));
#6594=CARTESIAN_POINT('',(29.450545238832,70.,-70.638339046581));
#6595=CARTESIAN_POINT('',(29.450545238832,64.,-59.0000009089708));
#6596=CARTESIAN_POINT('Origin',(29.450545238832,64.,-61.0000009089708));
#6597=CARTESIAN_POINT('Origin',(26.9175218208693,68.,-60.2751791951905));
#6598=CARTESIAN_POINT('',(32.3184515669811,59.,-60.2751791951905));
#6599=CARTESIAN_POINT('',(29.3184515669811,59.,-60.2751791951905));
#6600=CARTESIAN_POINT('',(32.3184515669811,68.,-51.2751791951905));
#6601=CARTESIAN_POINT('Origin',(32.3184515669811,68.,-60.2751791951905));
#6602=CARTESIAN_POINT('',(26.9175218208693,68.,-51.2751791951904));
#6603=CARTESIAN_POINT('Origin',(29.3844984029066,59.,-60.9567591208857));
#6604=CARTESIAN_POINT('',(32.3184515669811,59.,-61.638339046581));
#6605=CARTESIAN_POINT('',(29.3184515669811,59.,-61.638339046581));
#6606=CARTESIAN_POINT('',(32.3184515669811,59.,-65.7975490837334));
#6607=CARTESIAN_POINT('Origin',(27.9175218208693,68.,-61.638339046581));
#6608=CARTESIAN_POINT('',(32.3184515669811,68.,-70.638339046581));
#6609=CARTESIAN_POINT('',(29.3184515669811,68.,-70.638339046581));
#6610=CARTESIAN_POINT('Origin',(32.3184515669811,68.,-61.638339046581));
#6611=CARTESIAN_POINT('Origin',(32.3184515669811,70.,-70.6383390465811));
#6612=CARTESIAN_POINT('',(32.3184515669811,70.,-70.638339046581));
#6613=CARTESIAN_POINT('',(32.3184515669811,70.,-70.638339046581));
#6614=CARTESIAN_POINT('',(32.3184515669811,70.,-51.2751791951905));
#6615=CARTESIAN_POINT('',(32.318451566981,70.,-135.319169523291));
#6616=CARTESIAN_POINT('',(32.3184515669811,70.,-51.2751791951905));
#6617=CARTESIAN_POINT('',(32.3184515669811,64.,-59.0000009089708));
#6618=CARTESIAN_POINT('Origin',(32.3184515669811,64.,-61.0000009089708));
#6619=CARTESIAN_POINT('Origin',(24.4505452388321,70.,-200.));
#6620=CARTESIAN_POINT('',(23.4505452388322,70.,-70.638339046581));
#6621=CARTESIAN_POINT('',(-20.5494547611679,70.,-51.2751791951904));
#6622=CARTESIAN_POINT('',(24.4505452388321,70.,-51.2751791951904));
#6623=CARTESIAN_POINT('',(-20.5494547611679,70.,-200.));
#6624=CARTESIAN_POINT('',(-20.5494547611679,70.,-200.));
#6625=CARTESIAN_POINT('',(6.3397833825823,70.,-200.));
#6626=CARTESIAN_POINT('',(24.4505452388321,70.,-200.));
#6627=CARTESIAN_POINT('',(6.3397833825823,70.,-180.870477558452));
#6628=CARTESIAN_POINT('',(6.3397833825823,70.,-190.435238779226));
#6629=CARTESIAN_POINT('',(13.3397833825823,70.,-180.870477558452));
#6630=CARTESIAN_POINT('',(17.8951643107072,70.,-180.870477558452));
#6631=CARTESIAN_POINT('',(13.3397833825823,70.,-200.));
#6632=CARTESIAN_POINT('',(13.3397833825823,70.,-200.056548626983));
#6633=CARTESIAN_POINT('',(41.309330393111,70.,-200.));
#6634=CARTESIAN_POINT('',(24.4505452388321,70.,-200.));
#6635=CARTESIAN_POINT('',(41.309330393111,70.,-180.870477558452));
#6636=CARTESIAN_POINT('',(41.309330393111,70.,-190.435238779226));
#6637=CARTESIAN_POINT('',(48.309330393111,69.9999999999999,-180.870477558452));
#6638=CARTESIAN_POINT('',(35.3799378159715,70.,-180.870477558452));
#6639=CARTESIAN_POINT('',(48.309330393111,69.9999999999999,-200.));
#6640=CARTESIAN_POINT('',(48.309330393111,69.9999999999999,-200.056548626983));
#6641=CARTESIAN_POINT('',(69.4505452388321,69.9999999999999,-200.));
#6642=CARTESIAN_POINT('',(24.4505452388321,70.,-200.));
#6643=CARTESIAN_POINT('',(69.4505452388321,69.9999999999999,-51.2751791951904));
#6644=CARTESIAN_POINT('',(69.4505452388321,69.9999999999999,-200.));
#6645=CARTESIAN_POINT('',(24.4505452388321,70.,-51.2751791951904));
#6646=CARTESIAN_POINT('',(25.4505452388324,70.,-70.638339046581));
#6647=CARTESIAN_POINT('',(24.4505452388321,70.,-51.2751791951904));
#6648=CARTESIAN_POINT('Origin',(62.450545238832,72.0000000012162,-190.688798578426));
#6649=CARTESIAN_POINT('',(62.450545238832,71.9999999979568,-194.99077440211));
#6650=CARTESIAN_POINT('',(62.450545238832,72.0000000012162,-190.688798578426));
#6651=CARTESIAN_POINT('',(62.450545238832,71.9999999999999,-87.6375897764092));
#6652=CARTESIAN_POINT('',(62.450545238832,73.9999999979568,-194.990774403625));
#6653=CARTESIAN_POINT('',(62.450545238832,71.9999999979568,-194.99077440211));
#6654=CARTESIAN_POINT('',(62.450545238832,74.0000000012162,-190.688798579941));
#6655=CARTESIAN_POINT('',(62.450545238832,73.9999999979568,-194.990774403625));
#6656=CARTESIAN_POINT('',(62.450545238832,72.0000000012162,-190.688798578426));
#6657=CARTESIAN_POINT('Origin',(-13.5494547611679,72.0000000012162,-190.688798578426));
#6658=CARTESIAN_POINT('',(-13.5494547611679,72.0000000012162,-190.688798578426));
#6659=CARTESIAN_POINT('',(5.45054523883206,72.,-190.688798578426));
#6660=CARTESIAN_POINT('',(-13.5494547611679,74.0000000012162,-190.688798579941));
#6661=CARTESIAN_POINT('',(62.450545238832,74.0000000012162,-190.688798579941));
#6662=CARTESIAN_POINT('',(-13.5494547611679,72.0000000012162,-190.688798578426));
#6663=CARTESIAN_POINT('Origin',(-13.5494547611679,71.9999999979568,-194.99077440211));
#6664=CARTESIAN_POINT('',(-13.5494547611679,71.9999999979568,-194.99077440211));
#6665=CARTESIAN_POINT('',(-13.5494547611679,72.,-87.6375897764092));
#6666=CARTESIAN_POINT('',(-13.5494547611679,73.9999999979568,-194.990774403625));
#6667=CARTESIAN_POINT('',(-13.5494547611679,74.0000000012162,-190.688798579941));
#6668=CARTESIAN_POINT('',(-13.5494547611679,71.9999999979568,-194.99077440211));
#6669=CARTESIAN_POINT('Origin',(62.450545238832,71.9999999979568,-194.99077440211));
#6670=CARTESIAN_POINT('',(43.450545238832,71.9999999999999,-194.99077440211));
#6671=CARTESIAN_POINT('',(-13.5494547611679,73.9999999979568,-194.990774403625));
#6672=CARTESIAN_POINT('Origin',(24.450545238832,73.9999999995864,-192.839786491783));
#6673=CARTESIAN_POINT('Origin',(24.4505452388321,72.,-51.2751791951904));
#6674=CARTESIAN_POINT('',(-13.5494547611679,71.9999999933217,-183.627138038474));
#6675=CARTESIAN_POINT('',(-13.5494547611679,72.,-87.6375897764092));
#6676=CARTESIAN_POINT('',(62.450545238832,71.9999999933217,-183.627138038474));
#6677=CARTESIAN_POINT('',(43.450545238832,71.9999999999999,-183.627138038474));
#6678=CARTESIAN_POINT('',(62.450545238832,71.9999999999999,-87.6375897764092));
#6679=CARTESIAN_POINT('Origin',(24.4505452388321,72.,-51.2751791951904));
#6680=CARTESIAN_POINT('',(62.450545238832,71.9999999999999,-200.));
#6681=CARTESIAN_POINT('',(62.450545238832,71.9999999999999,-87.6375897764092));
#6682=CARTESIAN_POINT('',(-13.5494547611679,72.,-200.));
#6683=CARTESIAN_POINT('',(24.4505452388321,72.,-200.));
#6684=CARTESIAN_POINT('',(-13.5494547611679,72.,-87.6375897764092));
#6685=CARTESIAN_POINT('Origin',(62.450545238832,71.9999999965811,-179.325162214789));
#6686=CARTESIAN_POINT('',(62.450545238832,71.9999999965811,-179.325162214789));
#6687=CARTESIAN_POINT('',(62.450545238832,71.9999999999999,-87.6375897764092));
#6688=CARTESIAN_POINT('',(62.450545238832,73.9999999933217,-183.627138039989));
#6689=CARTESIAN_POINT('',(62.450545238832,71.9999999933217,-183.627138038474));
#6690=CARTESIAN_POINT('',(62.450545238832,73.9999999965811,-179.325162216305));
#6691=CARTESIAN_POINT('',(62.450545238832,73.9999999933217,-183.627138039989));
#6692=CARTESIAN_POINT('',(62.450545238832,71.9999999965811,-179.325162214789));
#6693=CARTESIAN_POINT('Origin',(-13.5494547611679,71.9999999965811,-179.325162214789));
#6694=CARTESIAN_POINT('',(-13.5494547611679,71.9999999965811,-179.325162214789));
#6695=CARTESIAN_POINT('',(5.45054523883207,72.,-179.325162214789));
#6696=CARTESIAN_POINT('',(-13.5494547611679,73.9999999965811,-179.325162216305));
#6697=CARTESIAN_POINT('',(62.450545238832,73.9999999965811,-179.325162216305));
#6698=CARTESIAN_POINT('',(-13.5494547611679,71.9999999965811,-179.325162214789));
#6699=CARTESIAN_POINT('Origin',(-13.5494547611679,71.9999999933217,-183.627138038474));
#6700=CARTESIAN_POINT('',(-13.5494547611679,72.,-87.6375897764092));
#6701=CARTESIAN_POINT('',(-13.5494547611679,73.9999999933217,-183.627138039989));
#6702=CARTESIAN_POINT('',(-13.5494547611679,73.9999999965811,-179.325162216305));
#6703=CARTESIAN_POINT('',(-13.5494547611679,71.9999999933217,-183.627138038474));
#6704=CARTESIAN_POINT('Origin',(62.450545238832,71.9999999933217,-183.627138038474));
#6705=CARTESIAN_POINT('',(-13.5494547611679,73.9999999933217,-183.627138039989));
#6706=CARTESIAN_POINT('Origin',(24.450545238832,73.9999999949514,-181.476150128147));
#6707=CARTESIAN_POINT('Origin',(24.4505452388321,72.,-51.2751791951904));
#6708=CARTESIAN_POINT('',(-13.5494547611679,71.9999999886867,-172.263501674837));
#6709=CARTESIAN_POINT('',(-13.5494547611679,72.,-87.6375897764092));
#6710=CARTESIAN_POINT('',(62.450545238832,71.9999999886867,-172.263501674837));
#6711=CARTESIAN_POINT('',(43.450545238832,71.9999999999999,-172.263501674837));
#6712=CARTESIAN_POINT('',(62.450545238832,71.9999999999999,-87.6375897764092));
#6713=CARTESIAN_POINT('Origin',(62.450545238832,71.9999999919461,-167.961525851153));
#6714=CARTESIAN_POINT('',(62.450545238832,71.9999999919461,-167.961525851153));
#6715=CARTESIAN_POINT('',(62.450545238832,71.9999999999999,-87.6375897764092));
#6716=CARTESIAN_POINT('',(62.450545238832,73.9999999886867,-172.263501676353));
#6717=CARTESIAN_POINT('',(62.450545238832,71.9999999886867,-172.263501674837));
#6718=CARTESIAN_POINT('',(62.450545238832,73.9999999919461,-167.961525852668));
#6719=CARTESIAN_POINT('',(62.450545238832,73.9999999886867,-172.263501676353));
#6720=CARTESIAN_POINT('',(62.450545238832,71.9999999919461,-167.961525851153));
#6721=CARTESIAN_POINT('Origin',(-13.5494547611679,71.9999999919461,-167.961525851153));
#6722=CARTESIAN_POINT('',(-13.5494547611679,71.9999999919461,-167.961525851153));
#6723=CARTESIAN_POINT('',(5.45054523883207,72.,-167.961525851153));
#6724=CARTESIAN_POINT('',(-13.5494547611679,73.9999999919461,-167.961525852668));
#6725=CARTESIAN_POINT('',(62.450545238832,73.9999999919461,-167.961525852668));
#6726=CARTESIAN_POINT('',(-13.5494547611679,71.9999999919461,-167.961525851153));
#6727=CARTESIAN_POINT('Origin',(-13.5494547611679,71.9999999886867,-172.263501674837));
#6728=CARTESIAN_POINT('',(-13.5494547611679,72.,-87.6375897764092));
#6729=CARTESIAN_POINT('',(-13.5494547611679,73.9999999886867,-172.263501676353));
#6730=CARTESIAN_POINT('',(-13.5494547611679,73.9999999919461,-167.961525852668));
#6731=CARTESIAN_POINT('',(-13.5494547611679,71.9999999886867,-172.263501674837));
#6732=CARTESIAN_POINT('Origin',(62.450545238832,71.9999999886867,-172.263501674837));
#6733=CARTESIAN_POINT('',(-13.5494547611679,73.9999999886867,-172.263501676353));
#6734=CARTESIAN_POINT('Origin',(24.450545238832,73.9999999903164,-170.11251376451));
#6735=CARTESIAN_POINT('Origin',(24.4505452388321,72.,-51.2751791951904));
#6736=CARTESIAN_POINT('',(-13.5494547611679,71.9999999840517,-160.899865311201));
#6737=CARTESIAN_POINT('',(-13.5494547611679,72.,-87.6375897764092));
#6738=CARTESIAN_POINT('',(62.450545238832,71.9999999840517,-160.899865311201));
#6739=CARTESIAN_POINT('',(43.450545238832,71.9999999999999,-160.899865311201));
#6740=CARTESIAN_POINT('',(62.450545238832,71.9999999999999,-87.6375897764092));
#6741=CARTESIAN_POINT('Origin',(62.450545238832,71.9999999873111,-156.597889487517));
#6742=CARTESIAN_POINT('',(62.450545238832,71.9999999873111,-156.597889487517));
#6743=CARTESIAN_POINT('',(62.450545238832,71.9999999999999,-87.6375897764092));
#6744=CARTESIAN_POINT('',(62.450545238832,73.9999999840517,-160.899865312716));
#6745=CARTESIAN_POINT('',(62.450545238832,71.9999999840517,-160.899865311201));
#6746=CARTESIAN_POINT('',(62.450545238832,73.9999999873111,-156.597889489032));
#6747=CARTESIAN_POINT('',(62.450545238832,73.9999999840517,-160.899865312716));
#6748=CARTESIAN_POINT('',(62.450545238832,71.9999999873111,-156.597889487517));
#6749=CARTESIAN_POINT('Origin',(-13.5494547611679,71.9999999873111,-156.597889487517));
#6750=CARTESIAN_POINT('',(-13.5494547611679,71.9999999873111,-156.597889487517));
#6751=CARTESIAN_POINT('',(5.45054523883207,72.,-156.597889487517));
#6752=CARTESIAN_POINT('',(-13.5494547611679,73.9999999873111,-156.597889489032));
#6753=CARTESIAN_POINT('',(62.450545238832,73.9999999873111,-156.597889489032));
#6754=CARTESIAN_POINT('',(-13.5494547611679,71.9999999873111,-156.597889487517));
#6755=CARTESIAN_POINT('Origin',(-13.5494547611679,71.9999999840517,-160.899865311201));
#6756=CARTESIAN_POINT('',(-13.5494547611679,72.,-87.6375897764092));
#6757=CARTESIAN_POINT('',(-13.5494547611679,73.9999999840517,-160.899865312716));
#6758=CARTESIAN_POINT('',(-13.5494547611679,73.9999999873111,-156.597889489032));
#6759=CARTESIAN_POINT('',(-13.5494547611679,71.9999999840517,-160.899865311201));
#6760=CARTESIAN_POINT('Origin',(62.450545238832,71.9999999840517,-160.899865311201));
#6761=CARTESIAN_POINT('',(-13.5494547611679,73.9999999840517,-160.899865312716));
#6762=CARTESIAN_POINT('Origin',(24.450545238832,73.9999999856814,-158.748877400874));
#6763=CARTESIAN_POINT('Origin',(24.4505452388321,72.,-51.2751791951904));
#6764=CARTESIAN_POINT('',(-13.5494547611679,71.9999999794167,-149.536228947564));
#6765=CARTESIAN_POINT('',(-13.5494547611679,72.,-87.6375897764092));
#6766=CARTESIAN_POINT('',(62.450545238832,71.9999999794167,-149.536228947564));
#6767=CARTESIAN_POINT('',(43.450545238832,71.9999999999999,-149.536228947564));
#6768=CARTESIAN_POINT('',(62.450545238832,71.9999999999999,-87.6375897764092));
#6769=CARTESIAN_POINT('Origin',(62.450545238832,71.9999999826761,-145.23425312388));
#6770=CARTESIAN_POINT('',(62.450545238832,71.9999999826761,-145.23425312388));
#6771=CARTESIAN_POINT('',(62.450545238832,71.9999999999999,-87.6375897764092));
#6772=CARTESIAN_POINT('',(62.450545238832,73.9999999794167,-149.53622894908));
#6773=CARTESIAN_POINT('',(62.450545238832,71.9999999794167,-149.536228947564));
#6774=CARTESIAN_POINT('',(62.450545238832,73.9999999826761,-145.234253125396));
#6775=CARTESIAN_POINT('',(62.450545238832,73.9999999794167,-149.53622894908));
#6776=CARTESIAN_POINT('',(62.450545238832,71.9999999826761,-145.23425312388));
#6777=CARTESIAN_POINT('Origin',(-13.5494547611679,71.9999999826761,-145.23425312388));
#6778=CARTESIAN_POINT('',(-13.5494547611679,71.9999999826761,-145.23425312388));
#6779=CARTESIAN_POINT('',(5.45054523883207,72.,-145.23425312388));
#6780=CARTESIAN_POINT('',(-13.5494547611679,73.9999999826761,-145.234253125396));
#6781=CARTESIAN_POINT('',(62.450545238832,73.9999999826761,-145.234253125396));
#6782=CARTESIAN_POINT('',(-13.5494547611679,71.9999999826761,-145.23425312388));
#6783=CARTESIAN_POINT('Origin',(-13.5494547611679,71.9999999794167,-149.536228947564));
#6784=CARTESIAN_POINT('',(-13.5494547611679,72.,-87.6375897764092));
#6785=CARTESIAN_POINT('',(-13.5494547611679,73.9999999794167,-149.53622894908));
#6786=CARTESIAN_POINT('',(-13.5494547611679,73.9999999826761,-145.234253125396));
#6787=CARTESIAN_POINT('',(-13.5494547611679,71.9999999794167,-149.536228947564));
#6788=CARTESIAN_POINT('Origin',(62.450545238832,71.9999999794167,-149.536228947564));
#6789=CARTESIAN_POINT('',(-13.5494547611679,73.9999999794167,-149.53622894908));
#6790=CARTESIAN_POINT('Origin',(24.450545238832,73.9999999810464,-147.385241037238));
#6791=CARTESIAN_POINT('Origin',(24.4505452388321,72.,-51.2751791951904));
#6792=CARTESIAN_POINT('',(-13.5494547611679,71.9999999747816,-138.172592583928));
#6793=CARTESIAN_POINT('',(-13.5494547611679,72.,-87.6375897764092));
#6794=CARTESIAN_POINT('',(62.450545238832,71.9999999747816,-138.172592583928));
#6795=CARTESIAN_POINT('',(43.450545238832,71.9999999999999,-138.172592583928));
#6796=CARTESIAN_POINT('',(62.450545238832,71.9999999999999,-87.6375897764092));
#6797=CARTESIAN_POINT('Origin',(62.450545238832,71.999999978041,-133.870616760244));
#6798=CARTESIAN_POINT('',(62.450545238832,71.999999978041,-133.870616760244));
#6799=CARTESIAN_POINT('',(62.450545238832,71.9999999999999,-87.6375897764092));
#6800=CARTESIAN_POINT('',(62.450545238832,73.9999999747816,-138.172592585443));
#6801=CARTESIAN_POINT('',(62.450545238832,71.9999999747816,-138.172592583928));
#6802=CARTESIAN_POINT('',(62.450545238832,73.999999978041,-133.870616761759));
#6803=CARTESIAN_POINT('',(62.450545238832,73.9999999747816,-138.172592585443));
#6804=CARTESIAN_POINT('',(62.450545238832,71.999999978041,-133.870616760244));
#6805=CARTESIAN_POINT('Origin',(-13.5494547611679,71.999999978041,-133.870616760244));
#6806=CARTESIAN_POINT('',(-13.5494547611679,71.999999978041,-133.870616760244));
#6807=CARTESIAN_POINT('',(5.45054523883208,72.,-133.870616760244));
#6808=CARTESIAN_POINT('',(-13.5494547611679,73.999999978041,-133.870616761759));
#6809=CARTESIAN_POINT('',(62.450545238832,73.999999978041,-133.870616761759));
#6810=CARTESIAN_POINT('',(-13.5494547611679,71.999999978041,-133.870616760244));
#6811=CARTESIAN_POINT('Origin',(-13.5494547611679,71.9999999747816,-138.172592583928));
#6812=CARTESIAN_POINT('',(-13.5494547611679,72.,-87.6375897764092));
#6813=CARTESIAN_POINT('',(-13.5494547611679,73.9999999747816,-138.172592585443));
#6814=CARTESIAN_POINT('',(-13.5494547611679,73.999999978041,-133.870616761759));
#6815=CARTESIAN_POINT('',(-13.5494547611679,71.9999999747816,-138.172592583928));
#6816=CARTESIAN_POINT('Origin',(62.450545238832,71.9999999747816,-138.172592583928));
#6817=CARTESIAN_POINT('',(-13.5494547611679,73.9999999747816,-138.172592585443));
#6818=CARTESIAN_POINT('Origin',(24.450545238832,73.9999999764113,-136.021604673601));
#6819=CARTESIAN_POINT('Origin',(24.4505452388321,72.,-51.2751791951904));
#6820=CARTESIAN_POINT('',(-13.5494547611679,71.9999999701466,-126.808956220292));
#6821=CARTESIAN_POINT('',(-13.5494547611679,72.,-87.6375897764092));
#6822=CARTESIAN_POINT('',(62.450545238832,71.9999999701466,-126.808956220292));
#6823=CARTESIAN_POINT('',(43.450545238832,71.9999999999999,-126.808956220292));
#6824=CARTESIAN_POINT('',(62.450545238832,71.9999999999999,-87.6375897764092));
#6825=CARTESIAN_POINT('Origin',(62.450545238832,71.999999973406,-122.506980396608));
#6826=CARTESIAN_POINT('',(62.450545238832,71.999999973406,-122.506980396608));
#6827=CARTESIAN_POINT('',(62.450545238832,71.9999999999999,-87.6375897764092));
#6828=CARTESIAN_POINT('',(62.450545238832,73.9999999701466,-126.808956221807));
#6829=CARTESIAN_POINT('',(62.450545238832,71.9999999701466,-126.808956220292));
#6830=CARTESIAN_POINT('',(62.450545238832,73.999999973406,-122.506980398123));
#6831=CARTESIAN_POINT('',(62.450545238832,73.9999999701466,-126.808956221807));
#6832=CARTESIAN_POINT('',(62.450545238832,71.999999973406,-122.506980396608));
#6833=CARTESIAN_POINT('Origin',(-13.5494547611679,71.999999973406,-122.506980396608));
#6834=CARTESIAN_POINT('',(-13.5494547611679,71.999999973406,-122.506980396608));
#6835=CARTESIAN_POINT('',(5.45054523883208,72.,-122.506980396608));
#6836=CARTESIAN_POINT('',(-13.5494547611679,73.999999973406,-122.506980398123));
#6837=CARTESIAN_POINT('',(62.450545238832,73.999999973406,-122.506980398123));
#6838=CARTESIAN_POINT('',(-13.5494547611679,71.999999973406,-122.506980396608));
#6839=CARTESIAN_POINT('Origin',(-13.5494547611679,71.9999999701466,-126.808956220292));
#6840=CARTESIAN_POINT('',(-13.5494547611679,72.,-87.6375897764092));
#6841=CARTESIAN_POINT('',(-13.5494547611679,73.9999999701466,-126.808956221807));
#6842=CARTESIAN_POINT('',(-13.5494547611679,73.999999973406,-122.506980398123));
#6843=CARTESIAN_POINT('',(-13.5494547611679,71.9999999701466,-126.808956220292));
#6844=CARTESIAN_POINT('Origin',(62.450545238832,71.9999999701466,-126.808956220292));
#6845=CARTESIAN_POINT('',(-13.5494547611679,73.9999999701466,-126.808956221807));
#6846=CARTESIAN_POINT('Origin',(24.4505452388321,73.9999999717763,-124.657968309965));
#6847=CARTESIAN_POINT('Origin',(24.4505452388321,72.,-51.2751791951904));
#6848=CARTESIAN_POINT('',(-13.5494547611679,71.9999999655116,-115.445319856655));
#6849=CARTESIAN_POINT('',(-13.5494547611679,72.,-87.6375897764092));
#6850=CARTESIAN_POINT('',(62.450545238832,71.9999999655116,-115.445319856655));
#6851=CARTESIAN_POINT('',(43.450545238832,71.9999999999999,-115.445319856655));
#6852=CARTESIAN_POINT('',(62.450545238832,71.9999999999999,-87.6375897764092));
#6853=CARTESIAN_POINT('Origin',(62.450545238832,71.999999968771,-111.143344032971));
#6854=CARTESIAN_POINT('',(62.450545238832,71.999999968771,-111.143344032971));
#6855=CARTESIAN_POINT('',(62.450545238832,71.9999999999999,-87.6375897764092));
#6856=CARTESIAN_POINT('',(62.450545238832,73.9999999655116,-115.445319858171));
#6857=CARTESIAN_POINT('',(62.450545238832,71.9999999655116,-115.445319856655));
#6858=CARTESIAN_POINT('',(62.450545238832,73.999999968771,-111.143344034487));
#6859=CARTESIAN_POINT('',(62.450545238832,73.9999999655116,-115.445319858171));
#6860=CARTESIAN_POINT('',(62.450545238832,71.999999968771,-111.143344032971));
#6861=CARTESIAN_POINT('Origin',(-13.5494547611679,71.999999968771,-111.143344032971));
#6862=CARTESIAN_POINT('',(-13.5494547611679,71.999999968771,-111.143344032971));
#6863=CARTESIAN_POINT('',(5.45054523883208,72.,-111.143344032971));
#6864=CARTESIAN_POINT('',(-13.5494547611679,73.999999968771,-111.143344034487));
#6865=CARTESIAN_POINT('',(62.450545238832,73.999999968771,-111.143344034487));
#6866=CARTESIAN_POINT('',(-13.5494547611679,71.999999968771,-111.143344032971));
#6867=CARTESIAN_POINT('Origin',(-13.5494547611679,71.9999999655116,-115.445319856655));
#6868=CARTESIAN_POINT('',(-13.5494547611679,72.,-87.6375897764092));
#6869=CARTESIAN_POINT('',(-13.5494547611679,73.9999999655116,-115.445319858171));
#6870=CARTESIAN_POINT('',(-13.5494547611679,73.999999968771,-111.143344034487));
#6871=CARTESIAN_POINT('',(-13.5494547611679,71.9999999655116,-115.445319856655));
#6872=CARTESIAN_POINT('Origin',(62.450545238832,71.9999999655116,-115.445319856655));
#6873=CARTESIAN_POINT('',(-13.5494547611679,73.9999999655116,-115.445319858171));
#6874=CARTESIAN_POINT('Origin',(24.4505452388321,73.9999999671413,-113.294331946329));
#6875=CARTESIAN_POINT('Origin',(24.4505452388321,72.,-51.2751791951904));
#6876=CARTESIAN_POINT('',(-13.5494547611679,71.9999999608766,-104.081683493019));
#6877=CARTESIAN_POINT('',(-13.5494547611679,72.,-87.6375897764092));
#6878=CARTESIAN_POINT('',(62.450545238832,71.9999999608766,-104.081683493019));
#6879=CARTESIAN_POINT('',(43.450545238832,71.9999999999999,-104.081683493019));
#6880=CARTESIAN_POINT('',(62.450545238832,71.9999999999999,-87.6375897764092));
#6881=CARTESIAN_POINT('Origin',(62.450545238832,71.999999964136,-99.7797076693349));
#6882=CARTESIAN_POINT('',(62.450545238832,71.999999964136,-99.7797076693349));
#6883=CARTESIAN_POINT('',(62.450545238832,71.9999999999999,-87.6375897764092));
#6884=CARTESIAN_POINT('',(62.450545238832,73.9999999608766,-104.081683494534));
#6885=CARTESIAN_POINT('',(62.450545238832,71.9999999608766,-104.081683493019));
#6886=CARTESIAN_POINT('',(62.450545238832,73.999999964136,-99.7797076708502));
#6887=CARTESIAN_POINT('',(62.450545238832,73.9999999608766,-104.081683494534));
#6888=CARTESIAN_POINT('',(62.450545238832,71.999999964136,-99.7797076693349));
#6889=CARTESIAN_POINT('Origin',(-13.5494547611679,71.999999964136,-99.7797076693349));
#6890=CARTESIAN_POINT('',(-13.5494547611679,71.999999964136,-99.7797076693349));
#6891=CARTESIAN_POINT('',(5.45054523883209,72.,-99.7797076693349));
#6892=CARTESIAN_POINT('',(-13.5494547611679,73.999999964136,-99.7797076708502));
#6893=CARTESIAN_POINT('',(62.450545238832,73.999999964136,-99.7797076708502));
#6894=CARTESIAN_POINT('',(-13.5494547611679,71.999999964136,-99.7797076693349));
#6895=CARTESIAN_POINT('Origin',(-13.5494547611679,71.9999999608766,-104.081683493019));
#6896=CARTESIAN_POINT('',(-13.5494547611679,72.,-87.6375897764092));
#6897=CARTESIAN_POINT('',(-13.5494547611679,73.9999999608766,-104.081683494534));
#6898=CARTESIAN_POINT('',(-13.5494547611679,73.999999964136,-99.7797076708502));
#6899=CARTESIAN_POINT('',(-13.5494547611679,71.9999999608766,-104.081683493019));
#6900=CARTESIAN_POINT('Origin',(62.450545238832,71.9999999608766,-104.081683493019));
#6901=CARTESIAN_POINT('',(-13.5494547611679,73.9999999608766,-104.081683494534));
#6902=CARTESIAN_POINT('Origin',(24.4505452388321,73.9999999625063,-101.930695582692));
#6903=CARTESIAN_POINT('Origin',(24.4505452388321,72.,-51.2751791951904));
#6904=CARTESIAN_POINT('',(-13.5494547611679,71.9999999562416,-92.7180471293827));
#6905=CARTESIAN_POINT('',(-13.5494547611679,72.,-87.6375897764092));
#6906=CARTESIAN_POINT('',(62.450545238832,71.9999999562416,-92.7180471293827));
#6907=CARTESIAN_POINT('',(43.450545238832,71.9999999999999,-92.7180471293827));
#6908=CARTESIAN_POINT('',(62.450545238832,71.9999999999999,-87.6375897764092));
#6909=CARTESIAN_POINT('Origin',(62.450545238832,71.999999959501,-88.4160713056985));
#6910=CARTESIAN_POINT('',(62.450545238832,71.999999959501,-88.4160713056985));
#6911=CARTESIAN_POINT('',(62.450545238832,71.9999999999999,-87.6375897764092));
#6912=CARTESIAN_POINT('',(62.450545238832,73.9999999562416,-92.718047130898));
#6913=CARTESIAN_POINT('',(62.450545238832,71.9999999562416,-92.7180471293827));
#6914=CARTESIAN_POINT('',(62.450545238832,73.999999959501,-88.4160713072138));
#6915=CARTESIAN_POINT('',(62.450545238832,73.9999999562416,-92.718047130898));
#6916=CARTESIAN_POINT('',(62.450545238832,71.999999959501,-88.4160713056985));
#6917=CARTESIAN_POINT('Origin',(-13.5494547611679,71.999999959501,-88.4160713056985));
#6918=CARTESIAN_POINT('',(-13.5494547611679,71.999999959501,-88.4160713056985));
#6919=CARTESIAN_POINT('',(5.45054523883209,72.,-88.4160713056985));
#6920=CARTESIAN_POINT('',(-13.5494547611679,73.999999959501,-88.4160713072138));
#6921=CARTESIAN_POINT('',(62.450545238832,73.999999959501,-88.4160713072138));
#6922=CARTESIAN_POINT('',(-13.5494547611679,71.999999959501,-88.4160713056985));
#6923=CARTESIAN_POINT('Origin',(-13.5494547611679,71.9999999562416,-92.7180471293827));
#6924=CARTESIAN_POINT('',(-13.5494547611679,72.,-87.6375897764092));
#6925=CARTESIAN_POINT('',(-13.5494547611679,73.9999999562416,-92.718047130898));
#6926=CARTESIAN_POINT('',(-13.5494547611679,73.999999959501,-88.4160713072138));
#6927=CARTESIAN_POINT('',(-13.5494547611679,71.9999999562416,-92.7180471293827));
#6928=CARTESIAN_POINT('Origin',(62.450545238832,71.9999999562416,-92.7180471293827));
#6929=CARTESIAN_POINT('',(-13.5494547611679,73.9999999562416,-92.718047130898));
#6930=CARTESIAN_POINT('Origin',(24.4505452388321,73.9999999578713,-90.5670592190559));
#6931=CARTESIAN_POINT('Origin',(24.4505452388321,72.,-51.2751791951904));
#6932=CARTESIAN_POINT('',(-13.5494547611679,71.9999999516065,-81.3544107657463));
#6933=CARTESIAN_POINT('',(-13.5494547611679,72.,-87.6375897764092));
#6934=CARTESIAN_POINT('',(62.450545238832,71.9999999516065,-81.3544107657463));
#6935=CARTESIAN_POINT('',(43.450545238832,71.9999999999999,-81.3544107657463));
#6936=CARTESIAN_POINT('',(62.450545238832,71.9999999999999,-87.6375897764092));
#6937=CARTESIAN_POINT('Origin',(62.450545238832,71.9999999548659,-77.0524349420622));
#6938=CARTESIAN_POINT('',(62.450545238832,71.9999999548659,-77.0524349420622));
#6939=CARTESIAN_POINT('',(62.450545238832,71.9999999999999,-87.6375897764092));
#6940=CARTESIAN_POINT('',(62.450545238832,73.9999999516065,-81.3544107672616));
#6941=CARTESIAN_POINT('',(62.450545238832,71.9999999516065,-81.3544107657463));
#6942=CARTESIAN_POINT('',(62.450545238832,73.9999999548659,-77.0524349435775));
#6943=CARTESIAN_POINT('',(62.450545238832,73.9999999516065,-81.3544107672616));
#6944=CARTESIAN_POINT('',(62.450545238832,71.9999999548659,-77.0524349420622));
#6945=CARTESIAN_POINT('Origin',(-13.5494547611679,71.9999999548659,-77.0524349420622));
#6946=CARTESIAN_POINT('',(-13.5494547611679,71.9999999548659,-77.0524349420622));
#6947=CARTESIAN_POINT('',(5.45054523883209,72.,-77.0524349420622));
#6948=CARTESIAN_POINT('',(-13.5494547611679,73.9999999548659,-77.0524349435775));
#6949=CARTESIAN_POINT('',(62.450545238832,73.9999999548659,-77.0524349435775));
#6950=CARTESIAN_POINT('',(-13.5494547611679,71.9999999548659,-77.0524349420622));
#6951=CARTESIAN_POINT('Origin',(-13.5494547611679,71.9999999516065,-81.3544107657463));
#6952=CARTESIAN_POINT('',(-13.5494547611679,72.,-87.6375897764092));
#6953=CARTESIAN_POINT('',(-13.5494547611679,73.9999999516065,-81.3544107672616));
#6954=CARTESIAN_POINT('',(-13.5494547611679,73.9999999548659,-77.0524349435775));
#6955=CARTESIAN_POINT('',(-13.5494547611679,71.9999999516065,-81.3544107657463));
#6956=CARTESIAN_POINT('Origin',(62.450545238832,71.9999999516065,-81.3544107657463));
#6957=CARTESIAN_POINT('',(-13.5494547611679,73.9999999516065,-81.3544107672616));
#6958=CARTESIAN_POINT('Origin',(24.4505452388321,73.9999999532362,-79.2034228554195));
#6959=CARTESIAN_POINT('Origin',(24.4505452388321,72.,-51.2751791951904));
#6960=CARTESIAN_POINT('',(-13.5494547611679,71.9999999469715,-69.9907744021099));
#6961=CARTESIAN_POINT('',(-13.5494547611679,72.,-87.6375897764092));
#6962=CARTESIAN_POINT('',(62.450545238832,71.9999999469715,-69.9907744021099));
#6963=CARTESIAN_POINT('',(43.4505452388321,71.9999999999999,-69.9907744021099));
#6964=CARTESIAN_POINT('',(62.450545238832,71.9999999999999,-87.6375897764092));
#6965=CARTESIAN_POINT('Origin',(62.450545238832,71.9999999502309,-65.6887985784258));
#6966=CARTESIAN_POINT('',(62.450545238832,71.9999999502309,-65.6887985784258));
#6967=CARTESIAN_POINT('',(62.450545238832,71.9999999999999,-87.6375897764092));
#6968=CARTESIAN_POINT('',(62.450545238832,73.9999999469715,-69.9907744036252));
#6969=CARTESIAN_POINT('',(62.450545238832,71.9999999469715,-69.9907744021099));
#6970=CARTESIAN_POINT('',(62.450545238832,73.9999999502309,-65.6887985799411));
#6971=CARTESIAN_POINT('',(62.450545238832,73.9999999469715,-69.9907744036252));
#6972=CARTESIAN_POINT('',(62.450545238832,71.9999999502309,-65.6887985784258));
#6973=CARTESIAN_POINT('Origin',(-13.5494547611679,71.9999999502309,-65.6887985784258));
#6974=CARTESIAN_POINT('',(-13.5494547611679,71.9999999502309,-65.6887985784258));
#6975=CARTESIAN_POINT('',(5.4505452388321,72.,-65.6887985784258));
#6976=CARTESIAN_POINT('',(-13.5494547611679,73.9999999502309,-65.6887985799411));
#6977=CARTESIAN_POINT('',(62.450545238832,73.9999999502309,-65.6887985799411));
#6978=CARTESIAN_POINT('',(-13.5494547611679,71.9999999502309,-65.6887985784258));
#6979=CARTESIAN_POINT('Origin',(-13.5494547611679,71.9999999469715,-69.9907744021099));
#6980=CARTESIAN_POINT('',(-13.5494547611679,72.,-87.6375897764092));
#6981=CARTESIAN_POINT('',(-13.5494547611679,73.9999999469715,-69.9907744036252));
#6982=CARTESIAN_POINT('',(-13.5494547611679,73.9999999502309,-65.6887985799411));
#6983=CARTESIAN_POINT('',(-13.5494547611679,71.9999999469715,-69.9907744021099));
#6984=CARTESIAN_POINT('Origin',(62.450545238832,71.9999999469715,-69.9907744021099));
#6985=CARTESIAN_POINT('',(-13.5494547611679,73.9999999469715,-69.9907744036252));
#6986=CARTESIAN_POINT('Origin',(24.4505452388321,73.9999999486012,-67.8397864917832));
#6987=CARTESIAN_POINT('Origin',(24.4505452388321,72.,-51.2751791951904));
#6988=CARTESIAN_POINT('',(-13.5494547611679,72.,-58.4905805977459));
#6989=CARTESIAN_POINT('',(-13.5494547611679,72.,-87.6375897764092));
#6990=CARTESIAN_POINT('',(62.450545238832,71.9999999999999,-58.4905805977459));
#6991=CARTESIAN_POINT('',(1.95054523883202,72.,-58.4905805977459));
#6992=CARTESIAN_POINT('',(62.450545238832,71.9999999999999,-87.6375897764092));
#6993=CARTESIAN_POINT('Origin',(32.3184515669812,64.,-61.0000009089708));
#6994=CARTESIAN_POINT('',(32.3184515669812,64.,-59.0000009089708));
#6995=CARTESIAN_POINT('Origin',(32.3184515669812,64.,-61.0000009089708));
#6996=CARTESIAN_POINT('',(32.3184515669812,64.,-59.0000009089708));
#6997=CARTESIAN_POINT('Origin',(24.4505452388321,70.,-51.2751791951904));
#6998=CARTESIAN_POINT('',(69.4505452388321,71.9999999999999,-51.2751791951904));
#6999=CARTESIAN_POINT('',(69.4505452388321,69.9999999999999,-51.2751791951904));
#7000=CARTESIAN_POINT('',(-20.5494547611679,72.,-51.2751791951904));
#7001=CARTESIAN_POINT('',(24.4505452388321,72.,-51.2751791951904));
#7002=CARTESIAN_POINT('',(-20.5494547611679,70.,-51.2751791951904));
#7003=CARTESIAN_POINT('Origin',(16.5826389106829,70.,-70.638339046581));
#7004=CARTESIAN_POINT('Origin',(26.450545238832,70.,-70.638339046581));
#7005=CARTESIAN_POINT('Origin',(6.3397833825823,68.,-190.435238779226));
#7006=CARTESIAN_POINT('',(8.3397833825823,68.,-200.));
#7007=CARTESIAN_POINT('Origin',(6.3397833825823,68.,-200.));
#7008=CARTESIAN_POINT('',(8.3397833825823,68.,-180.870477558452));
#7009=CARTESIAN_POINT('',(8.3397833825823,68.,-190.435238779226));
#7010=CARTESIAN_POINT('Origin',(6.3397833825823,68.,-180.870477558452));
#7011=CARTESIAN_POINT('Origin',(8.3397833825823,70.,-180.870477558452));
#7012=CARTESIAN_POINT('',(8.3397833825823,70.,-200.));
#7013=CARTESIAN_POINT('',(8.3397833825823,71.,-200.));
#7014=CARTESIAN_POINT('',(8.3397833825823,70.,-200.113097253966));
#7015=CARTESIAN_POINT('',(8.3397833825823,70.,-180.870477558452));
#7016=CARTESIAN_POINT('',(8.3397833825823,57.,-200.113097253966));
#7017=CARTESIAN_POINT('',(8.3397833825823,70.,-200.113097253966));
#7018=CARTESIAN_POINT('',(8.3397833825823,57.,-190.370477558452));
#7019=CARTESIAN_POINT('',(8.3397833825823,57.,-180.870477558452));
#7020=CARTESIAN_POINT('',(8.3397833825823,66.5,-180.870477558452));
#7021=CARTESIAN_POINT('Origin',(8.3397833825823,66.5,-190.370477558452));
#7022=CARTESIAN_POINT('',(8.3397833825823,70.,-180.870477558452));
#7023=CARTESIAN_POINT('',(8.33978338258225,61.1167688663931,-192.515868987451));
#7024=CARTESIAN_POINT('Origin',(8.3397833825823,61.1167688663931,-190.515868957648));
#7025=CARTESIAN_POINT('Origin',(13.3397833825823,68.,-200.056548626983));
#7026=CARTESIAN_POINT('',(11.3397833825823,68.,-200.));
#7027=CARTESIAN_POINT('Origin',(13.3397833825823,68.,-200.));
#7028=CARTESIAN_POINT('',(11.3397833825823,68.,-180.870477558452));
#7029=CARTESIAN_POINT('Origin',(13.3397833825823,68.,-180.870477558452));
#7030=CARTESIAN_POINT('',(11.3397833825823,68.,-200.056548626983));
#7031=CARTESIAN_POINT('Origin',(11.3397833825823,70.,-200.113097253966));
#7032=CARTESIAN_POINT('',(11.3397833825823,70.,-200.));
#7033=CARTESIAN_POINT('',(11.3397833825823,71.,-200.));
#7034=CARTESIAN_POINT('',(11.3397833825823,66.5,-180.870477558452));
#7035=CARTESIAN_POINT('',(11.3397833825823,70.,-180.870477558452));
#7036=CARTESIAN_POINT('',(11.3397833825823,57.,-190.370477558452));
#7037=CARTESIAN_POINT('Origin',(11.3397833825823,66.5,-190.370477558452));
#7038=CARTESIAN_POINT('',(11.3397833825823,57.,-200.113097253966));
#7039=CARTESIAN_POINT('',(11.3397833825823,57.,-200.113097253966));
#7040=CARTESIAN_POINT('',(11.3397833825823,70.,-200.113097253966));
#7041=CARTESIAN_POINT('',(11.3397833825823,70.,-200.113097253966));
#7042=CARTESIAN_POINT('',(11.3397833825823,70.,-200.113097253966));
#7043=CARTESIAN_POINT('',(11.3397833825823,61.1167688663931,-192.515868987451));
#7044=CARTESIAN_POINT('Origin',(11.3397833825823,61.1167688663931,-190.515868957648));
#7045=CARTESIAN_POINT('Origin',(41.309330393111,67.9999999999999,-190.435238779226));
#7046=CARTESIAN_POINT('',(43.309330393111,67.9999999999999,-200.));
#7047=CARTESIAN_POINT('Origin',(41.309330393111,67.9999999999999,-200.));
#7048=CARTESIAN_POINT('',(43.309330393111,67.9999999999999,-180.870477558452));
#7049=CARTESIAN_POINT('',(43.309330393111,67.9999999999999,-190.435238779226));
#7050=CARTESIAN_POINT('Origin',(41.309330393111,67.9999999999999,-180.870477558452));
#7051=CARTESIAN_POINT('Origin',(43.309330393111,70.,-180.870477558452));
#7052=CARTESIAN_POINT('',(43.309330393111,69.9999999999999,-200.));
#7053=CARTESIAN_POINT('',(43.309330393111,71.,-200.));
#7054=CARTESIAN_POINT('',(43.309330393111,70.,-200.113097253966));
#7055=CARTESIAN_POINT('',(43.309330393111,70.,-200.113097253966));
#7056=CARTESIAN_POINT('',(43.309330393111,57.,-200.113097253966));
#7057=CARTESIAN_POINT('',(43.309330393111,70.,-200.113097253966));
#7058=CARTESIAN_POINT('',(43.309330393111,57.,-190.370477558452));
#7059=CARTESIAN_POINT('',(43.309330393111,57.,-200.113097253966));
#7060=CARTESIAN_POINT('',(43.309330393111,66.5,-180.870477558452));
#7061=CARTESIAN_POINT('Origin',(43.309330393111,66.5,-190.370477558452));
#7062=CARTESIAN_POINT('',(43.309330393111,70.,-180.870477558452));
#7063=CARTESIAN_POINT('',(43.309330393111,61.1167688663931,-192.515868987451));
#7064=CARTESIAN_POINT('Origin',(43.309330393111,61.1167688663931,-190.515868957648));
#7065=CARTESIAN_POINT('Origin',(48.309330393111,67.9999999999999,-200.056548626983));
#7066=CARTESIAN_POINT('',(46.309330393111,67.9999999999999,-200.));
#7067=CARTESIAN_POINT('Origin',(48.309330393111,67.9999999999999,-200.));
#7068=CARTESIAN_POINT('',(46.309330393111,67.9999999999999,-180.870477558452));
#7069=CARTESIAN_POINT('Origin',(48.309330393111,67.9999999999999,-180.870477558452));
#7070=CARTESIAN_POINT('',(46.309330393111,67.9999999999999,-200.056548626983));
#7071=CARTESIAN_POINT('Origin',(46.309330393111,70.,-200.113097253966));
#7072=CARTESIAN_POINT('',(46.309330393111,69.9999999999999,-200.));
#7073=CARTESIAN_POINT('',(46.309330393111,71.,-200.));
#7074=CARTESIAN_POINT('',(46.309330393111,66.5,-180.870477558452));
#7075=CARTESIAN_POINT('',(46.309330393111,70.,-180.870477558452));
#7076=CARTESIAN_POINT('',(46.309330393111,57.,-190.370477558452));
#7077=CARTESIAN_POINT('Origin',(46.309330393111,66.5,-190.370477558452));
#7078=CARTESIAN_POINT('',(46.309330393111,57.,-200.113097253966));
#7079=CARTESIAN_POINT('',(46.309330393111,57.,-180.870477558452));
#7080=CARTESIAN_POINT('',(46.309330393111,70.,-200.113097253966));
#7081=CARTESIAN_POINT('',(46.309330393111,70.,-200.113097253966));
#7082=CARTESIAN_POINT('',(46.309330393111,70.,-180.870477558452));
#7083=CARTESIAN_POINT('',(46.309330393111,61.1167688663931,-192.515868987451));
#7084=CARTESIAN_POINT('Origin',(46.309330393111,61.1167688663931,-190.515868957648));
#7085=CARTESIAN_POINT('Origin',(8.33978338258225,61.1167688663931,-190.515868957648));
#7086=CARTESIAN_POINT('',(8.33978338258225,61.1167688663931,-192.515868987451));
#7087=CARTESIAN_POINT('Origin',(8.33978338258225,61.1167688663931,-190.515868957648));
#7088=CARTESIAN_POINT('',(8.33978338258225,61.1167688663931,-192.515868987451));
#7089=CARTESIAN_POINT('Origin',(19.3321701352145,66.5,-190.370477558452));
#7090=CARTESIAN_POINT('',(19.3321701352145,57.,-190.370477558452));
#7091=CARTESIAN_POINT('',(19.3321701352145,66.5,-180.870477558452));
#7092=CARTESIAN_POINT('Origin',(27.3245568878466,57.,-236.818536023181));
#7093=CARTESIAN_POINT('',(11.8397833825825,57.,-200.113097253966));
#7094=CARTESIAN_POINT('Origin',(36.8169436404788,66.5,-190.370477558452));
#7095=CARTESIAN_POINT('',(36.8169436404788,57.,-190.370477558452));
#7096=CARTESIAN_POINT('',(36.8169436404788,66.5,-180.870477558452));
#7097=CARTESIAN_POINT('Origin',(46.309330393111,70.,-180.870477558452));
#7098=CARTESIAN_POINT('Origin',(8.3397833825823,70.,-200.113097253966));
#7099=CARTESIAN_POINT('',(11.8397833825825,70.,-200.113097253966));
#7100=CARTESIAN_POINT('Origin',(11.3397833825823,70.,-180.870477558452));
#7101=CARTESIAN_POINT('Origin',(27.3245568878466,70.,-236.818536023181));
#7102=CARTESIAN_POINT('',(24.4505452388321,70.,-200.));
#7103=CARTESIAN_POINT('Origin',(43.309330393111,70.,-200.113097253966));
#7104=CARTESIAN_POINT('',(46.309330393111,70.,-200.113097253966));
#7105=CARTESIAN_POINT('',(46.309330393111,57.,-200.113097253966));
#7106=CARTESIAN_POINT('Origin',(27.3245568878466,57.,-236.818536023181));
#7107=CARTESIAN_POINT('Origin',(27.3245568878466,70.,-236.818536023181));
#7108=CARTESIAN_POINT('',(24.4505452388321,70.,-200.));
#7109=CARTESIAN_POINT('Origin',(62.450545238832,75.9999999999999,-87.6375897764092));
#7110=CARTESIAN_POINT('',(66.450545238832,75.9999999999999,-54.4753155804307));
#7111=CARTESIAN_POINT('',(66.450545238832,75.9999999999999,-199.066931525244));
#7112=CARTESIAN_POINT('',(66.450545238832,75.9999999999999,-87.6375897764092));
#7113=CARTESIAN_POINT('Origin',(62.450545238832,75.9999999999999,-199.066931525244));
#7114=CARTESIAN_POINT('',(66.4353382552338,75.6515396486897,-54.5057875813441));
#7115=CARTESIAN_POINT('Origin',(62.450545238832,75.9999999999999,-58.4905805977459));
#7116=CARTESIAN_POINT('Origin',(62.450545238832,75.9999999999999,-54.4753155804307));
#7117=CARTESIAN_POINT('Origin',(1.95054523883202,76.,-58.4905805977459));
#7118=CARTESIAN_POINT('',(-17.5342477775697,75.6515396486898,-54.5057875813441));
#7119=CARTESIAN_POINT('Origin',(-13.5494547611679,76.,-58.4905805977459));
#7120=CARTESIAN_POINT('',(1.95054523883202,75.6515396486897,-54.5057875813441));
#7121=CARTESIAN_POINT('Origin',(-13.5494547611679,76.,-87.6375897764092));
#7122=CARTESIAN_POINT('',(-17.5494547611678,76.,-199.066931525244));
#7123=CARTESIAN_POINT('Origin',(-13.5494547611679,76.,-199.066931525244));
#7124=CARTESIAN_POINT('',(-17.5494547611679,76.,-54.4753155804307));
#7125=CARTESIAN_POINT('',(-17.5494547611679,76.,-87.6375897764092));
#7126=CARTESIAN_POINT('Origin',(-13.5494547611679,76.,-54.4753155804307));
#7127=CARTESIAN_POINT('Origin',(66.450545238832,93.000000372529,-124.000000357628));
#7128=CARTESIAN_POINT('',(66.450545238832,113.544553054473,-51.1921367319187));
#7129=CARTESIAN_POINT('',(66.450545238832,78.4186818120878,-54.2638078031186));
#7130=CARTESIAN_POINT('',(66.450545238832,93.0122721171328,-195.098527826125));
#7131=CARTESIAN_POINT('',(66.450545238832,114.000000745058,-48.0000007152557));
#7132=CARTESIAN_POINT('',(66.450545238832,93.0122721171328,-195.098527826125));
#7133=CARTESIAN_POINT('Origin',(-20.549454761168,70.000000089407,-55.0000008195639));
#7134=CARTESIAN_POINT('',(-17.5494547611678,113.544553054473,-51.1921367319187));
#7135=CARTESIAN_POINT('',(-17.5494547611678,78.4186818120879,-54.2638078031186));
#7136=CARTESIAN_POINT('',(-20.549454761168,113.544553054473,-51.1921367319187));
#7137=CARTESIAN_POINT('Origin',(-17.5494547611678,93.0000003725291,-124.000000357628));
#7138=CARTESIAN_POINT('',(-17.5494547611678,93.0122721171329,-195.098527826125));
#7139=CARTESIAN_POINT('',(-17.5494547611678,93.0122721171329,-195.098527826125));
#7140=CARTESIAN_POINT('',(-17.5494547611678,114.000000745058,-48.0000007152557));
#7141=CARTESIAN_POINT('Origin',(-20.5494547611678,114.000000745058,-48.0000007152557));
#7142=CARTESIAN_POINT('',(-20.5494547611678,93.0122721171329,-195.098527826125));
#7143=CARTESIAN_POINT('',(-20.5494547611678,93.0122721171329,-195.098527826125));
#7144=CARTESIAN_POINT('',(-20.5494547611678,114.000000745058,-48.0000007152557));
#7145=CARTESIAN_POINT('',(-20.5494547611678,114.000000745058,-48.0000007152557));
#7146=CARTESIAN_POINT('',(69.450545238832,114.000000745058,-48.0000007152557));
#7147=CARTESIAN_POINT('',(-20.5494547611678,114.000000745058,-48.0000007152557));
#7148=CARTESIAN_POINT('',(69.450545238832,93.0122721171328,-195.098527826125));
#7149=CARTESIAN_POINT('',(69.450545238832,114.000000745058,-48.0000007152557));
#7150=CARTESIAN_POINT('',(69.450545238832,93.0122721171328,-195.098527826125));
#7151=CARTESIAN_POINT('Origin',(-20.5494547611679,72.,-51.2751791951904));
#7152=CARTESIAN_POINT('',(-20.5494547611679,72.,-51.2751791951904));
#7153=CARTESIAN_POINT('',(69.450545238832,71.9999999999999,-51.2751791951904));
#7154=CARTESIAN_POINT('Origin',(-20.5494547611678,93.0122721171329,-195.098527826125));
#7155=CARTESIAN_POINT('',(-20.5494547611679,72.,-200.));
#7156=CARTESIAN_POINT('',(-20.5494547611678,93.0122721171329,-195.098527826125));
#7157=CARTESIAN_POINT('',(24.4505452388321,72.,-200.));
#7158=CARTESIAN_POINT('Origin',(69.450545238832,93.0122721171328,-195.098527826125));
#7159=CARTESIAN_POINT('',(69.4505452388321,71.9999999999999,-200.));
#7160=CARTESIAN_POINT('',(69.450545238832,93.0122721171328,-195.098527826125));
#7161=CARTESIAN_POINT('',(24.4505452388321,72.,-200.));
#7162=CARTESIAN_POINT('Origin',(69.4505452388321,70.9999999999999,-125.637589597595));
#7163=CARTESIAN_POINT('',(69.4505452388321,71.9999999999999,-200.));
#7164=CARTESIAN_POINT('Origin',(24.4505452388321,72.,-200.));
#7165=CARTESIAN_POINT('',(-20.5494547611679,72.,-200.));
#7166=CARTESIAN_POINT('Origin',(-20.5494547611679,71.,-125.637589597595));
#7167=CARTESIAN_POINT('',(0.,0.,0.));
#7168=CARTESIAN_POINT('Origin',(34.6491134478676,30.0000004172326,-46.6998538176123));
#7169=CARTESIAN_POINT('',(32.6491134478678,30.0000004172326,-51.2751791951905));
#7170=CARTESIAN_POINT('',(34.6491134478677,28.0000004172326,-51.2751791951906));
#7171=CARTESIAN_POINT('Origin',(34.6491134478676,30.0000004172326,-51.2751791951905));
#7172=CARTESIAN_POINT('',(34.6491134478676,28.0000004172326,-60.2751791951906));
#7173=CARTESIAN_POINT('',(34.6491134478677,28.0000004172326,-46.6998538176123));
#7174=CARTESIAN_POINT('',(32.6491134478678,30.0000004172326,-60.2751791951906));
#7175=CARTESIAN_POINT('Origin',(34.6491134478676,30.0000004172326,-60.2751791951906));
#7176=CARTESIAN_POINT('',(32.6491134478677,30.0000004172326,-55.6755460479864));
#7177=CARTESIAN_POINT('',(32.6491134478677,30.0000004172326,-46.6998538176123));
#7178=CARTESIAN_POINT('',(32.6491134478677,30.0000004172326,-46.6998538176123));
#7179=CARTESIAN_POINT('Origin',(22.0000003278254,28.0000004172326,-46.6998538176123));
#7180=CARTESIAN_POINT('',(37.649113447868,28.0000004172326,-62.6998538176124));
#7181=CARTESIAN_POINT('',(17.0000003278255,28.0000004172326,-62.6998538176123));
#7182=CARTESIAN_POINT('',(22.0000003278255,28.0000004172326,-62.6998538176123));
#7183=CARTESIAN_POINT('',(17.0000003278255,28.0000004172325,-46.6998538176123));
#7184=CARTESIAN_POINT('',(17.0000003278255,28.0000004172326,-62.6998538176123));
#7185=CARTESIAN_POINT('',(37.649113447868,28.0000004172325,-46.6998538176123));
#7186=CARTESIAN_POINT('',(32.6491134478677,28.0000004172326,-46.6998538176123));
#7187=CARTESIAN_POINT('',(37.649113447868,28.0000004172326,-62.6998538176124));
#7188=CARTESIAN_POINT('',(25.3245568878468,28.0000004172325,-51.2751791951905));
#7189=CARTESIAN_POINT('',(20.0000003278254,28.0000004172326,-51.2751791951905));
#7190=CARTESIAN_POINT('',(22.0000003278255,28.0000004172326,-51.2751791951905));
#7191=CARTESIAN_POINT('',(20.0000003278254,28.0000004172326,-60.2751791951905));
#7192=CARTESIAN_POINT('',(20.0000003278254,28.0000004172326,-46.6998538176123));
#7193=CARTESIAN_POINT('',(25.3245568878468,28.0000004172325,-60.2751791951905));
#7194=CARTESIAN_POINT('',(23.6622786078361,28.0000004172326,-60.2751791951905));
#7195=CARTESIAN_POINT('',(25.3245568878468,28.0000004172326,-48.9875165064014));
#7196=CARTESIAN_POINT('',(29.3245568878467,28.0000004172325,-60.2751791951906));
#7197=CARTESIAN_POINT('',(27.3245568878466,28.0000004172326,-60.2751791951906));
#7198=CARTESIAN_POINT('',(29.3245568878468,28.0000004172326,-51.2751791951905));
#7199=CARTESIAN_POINT('',(25.6622786078361,28.0000004172326,-51.2751791951905));
#7200=CARTESIAN_POINT('',(29.3245568878468,28.0000004172326,-53.4875165064014));
#7201=CARTESIAN_POINT('Origin',(20.0000003278254,30.0000004172326,-46.6998538176123));
#7202=CARTESIAN_POINT('',(22.0000003278256,30.0000004172326,-60.2751791951905));
#7203=CARTESIAN_POINT('Origin',(20.0000003278254,30.0000004172326,-60.2751791951905));
#7204=CARTESIAN_POINT('',(22.0000003278256,30.0000004172326,-51.2751791951905));
#7205=CARTESIAN_POINT('Origin',(20.0000003278254,30.0000004172326,-51.2751791951905));
#7206=CARTESIAN_POINT('',(22.0000003278254,30.0000004172326,-55.6755460479864));
#7207=CARTESIAN_POINT('',(22.0000003278254,30.0000004172326,-46.6998538176123));
#7208=CARTESIAN_POINT('',(22.0000003278254,30.0000004172326,-46.6998538176123));
#7209=CARTESIAN_POINT('Origin',(32.6491134478677,18.754207414602,-46.6998538176123));
#7210=CARTESIAN_POINT('',(37.649113447868,18.754207414602,-46.6998538176124));
#7211=CARTESIAN_POINT('',(17.0000003278255,18.754207414602,-46.6998538176123));
#7212=CARTESIAN_POINT('',(22.0000003278254,18.754207414602,-46.6998538176123));
#7213=CARTESIAN_POINT('',(17.0000003278255,18.754207414602,-62.6998538176123));
#7214=CARTESIAN_POINT('',(17.0000003278255,18.754207414602,-62.6998538176123));
#7215=CARTESIAN_POINT('',(37.6491134478679,18.754207414602,-62.6998538176124));
#7216=CARTESIAN_POINT('',(32.6491134478679,18.754207414602,-62.6998538176123));
#7217=CARTESIAN_POINT('',(37.6491134478679,18.754207414602,-62.6998538176124));
#7218=CARTESIAN_POINT('Origin',(27.3245568878467,23.6159507951184,-49.6998538176123));
#7219=CARTESIAN_POINT('',(24.8245568878467,23.6159507951184,-49.6998538176123));
#7220=CARTESIAN_POINT('Origin',(27.3245568878467,23.6159507951184,-49.6998538176123));
#7221=CARTESIAN_POINT('',(24.8245568878467,23.6159507951184,-62.6998538176123));
#7222=CARTESIAN_POINT('',(24.8245568878467,23.6159507951184,-49.6998538176123));
#7223=CARTESIAN_POINT('Origin',(27.3245568878467,23.6159507951184,-62.6998538176123));
#7224=CARTESIAN_POINT('Origin',(25.303830945683,27.1159507951185,-46.6998538176123));
#7225=CARTESIAN_POINT('',(25.303830945683,27.1159507951185,-46.6998538176123));
#7226=CARTESIAN_POINT('',(29.3452828300104,27.1159507951185,-46.6998538176123));
#7227=CARTESIAN_POINT('',(26.3141939167648,27.1159507951185,-46.6998538176123));
#7228=CARTESIAN_POINT('',(25.303830945683,27.1159507951185,-49.6998538176123));
#7229=CARTESIAN_POINT('',(25.303830945683,27.1159507951185,-46.6998538176123));
#7230=CARTESIAN_POINT('',(29.3452828300104,27.1159507951185,-49.6998538176123));
#7231=CARTESIAN_POINT('',(25.303830945683,27.1159507951185,-49.6998538176123));
#7232=CARTESIAN_POINT('',(29.3452828300104,27.1159507951185,-46.6998538176123));
#7233=CARTESIAN_POINT('Origin',(23.2831050035193,23.6159507951185,-46.6998538176123));
#7234=CARTESIAN_POINT('',(23.2831050035193,23.6159507951185,-46.6998538176123));
#7235=CARTESIAN_POINT('',(23.8448277982825,24.588883215418,-46.6998538176123));
#7236=CARTESIAN_POINT('',(23.2831050035193,23.6159507951185,-49.6998538176123));
#7237=CARTESIAN_POINT('',(23.2831050035193,23.6159507951185,-46.6998538176123));
#7238=CARTESIAN_POINT('',(23.2831050035193,23.6159507951185,-49.6998538176123));
#7239=CARTESIAN_POINT('Origin',(25.303830945683,20.1159507951185,-46.6998538176123));
#7240=CARTESIAN_POINT('',(25.303830945683,20.1159507951185,-46.6998538176123));
#7241=CARTESIAN_POINT('',(24.7421081509197,21.088883215418,-46.6998538176123));
#7242=CARTESIAN_POINT('',(25.303830945683,20.1159507951185,-49.6998538176123));
#7243=CARTESIAN_POINT('',(25.303830945683,20.1159507951185,-46.6998538176123));
#7244=CARTESIAN_POINT('',(25.303830945683,20.1159507951185,-49.6998538176123));
#7245=CARTESIAN_POINT('Origin',(29.3452828300104,20.1159507951185,-46.6998538176123));
#7246=CARTESIAN_POINT('',(29.3452828300104,20.1159507951185,-46.6998538176123));
#7247=CARTESIAN_POINT('',(28.3349198589285,20.1159507951185,-46.6998538176123));
#7248=CARTESIAN_POINT('',(29.3452828300104,20.1159507951185,-49.6998538176123));
#7249=CARTESIAN_POINT('',(29.3452828300104,20.1159507951185,-46.6998538176123));
#7250=CARTESIAN_POINT('',(29.3452828300104,20.1159507951185,-49.6998538176123));
#7251=CARTESIAN_POINT('Origin',(31.366008772174,23.6159507951185,-46.6998538176123));
#7252=CARTESIAN_POINT('',(31.366008772174,23.6159507951185,-46.6998538176123));
#7253=CARTESIAN_POINT('',(30.9173685958555,22.838883215418,-46.6998538176123));
#7254=CARTESIAN_POINT('',(31.366008772174,23.6159507951185,-49.6998538176123));
#7255=CARTESIAN_POINT('',(31.366008772174,23.6159507951185,-46.6998538176123));
#7256=CARTESIAN_POINT('',(31.366008772174,23.6159507951185,-49.6998538176123));
#7257=CARTESIAN_POINT('Origin',(29.3452828300104,27.1159507951185,-46.6998538176123));
#7258=CARTESIAN_POINT('',(29.7939230063289,26.338883215418,-46.6998538176123));
#7259=CARTESIAN_POINT('',(29.3452828300104,27.1159507951185,-49.6998538176123));
#7260=CARTESIAN_POINT('Origin',(27.3245568878467,23.6159507951185,-49.6998538176123));
#7261=CARTESIAN_POINT('Origin',(32.649113447868,21.7319021602063,-46.6998538176123));
#7262=CARTESIAN_POINT('',(32.8245568878466,21.7319021602063,-46.6998538176123));
#7263=CARTESIAN_POINT('',(32.8245568878466,21.7319021602063,-62.6998538176123));
#7264=CARTESIAN_POINT('',(32.8245568878466,21.7319021602063,-46.6998538176123));
#7265=CARTESIAN_POINT('',(37.649113447868,21.7319021602063,-46.6998538176124));
#7266=CARTESIAN_POINT('',(32.649113447868,21.7319021602063,-46.6998538176123));
#7267=CARTESIAN_POINT('',(37.6491134478679,21.7319021602063,-62.6998538176124));
#7268=CARTESIAN_POINT('',(37.649113447868,21.7319021602063,-46.6998538176124));
#7269=CARTESIAN_POINT('',(32.6491134478679,21.7319021602063,-62.6998538176123));
#7270=CARTESIAN_POINT('Origin',(37.649113447868,20.7430547874041,-54.6998538176124));
#7271=CARTESIAN_POINT('',(37.6491134478679,19.754207414602,-62.6998538176124));
#7272=CARTESIAN_POINT('',(37.649113447868,19.754207414602,-46.6998538176124));
#7273=CARTESIAN_POINT('Origin',(32.6491134478679,25.4999994300306,-62.6998538176123));
#7274=CARTESIAN_POINT('',(32.8245568878466,25.4999994300307,-62.6998538176123));
#7275=CARTESIAN_POINT('',(32.8245568878466,25.4999994300307,-46.6998538176123));
#7276=CARTESIAN_POINT('',(32.8245568878466,25.4999994300307,-46.6998538176123));
#7277=CARTESIAN_POINT('',(37.649113447868,25.4999994300306,-62.6998538176124));
#7278=CARTESIAN_POINT('',(32.6491134478679,25.4999994300306,-62.6998538176123));
#7279=CARTESIAN_POINT('',(37.649113447868,25.4999994300307,-46.6998538176124));
#7280=CARTESIAN_POINT('',(37.649113447868,25.4999994300307,-46.6998538176124));
#7281=CARTESIAN_POINT('',(32.649113447868,25.4999994300307,-46.6998538176123));
#7282=CARTESIAN_POINT('Origin',(37.649113447868,26.7499999236316,-54.6998538176123));
#7283=CARTESIAN_POINT('',(37.649113447868,25.4999994300306,-62.6998538176124));
#7284=CARTESIAN_POINT('',(37.649113447868,28.0000004172325,-46.6998538176123));
#7285=CARTESIAN_POINT('Origin',(22.0000003278255,21.7319021602063,-46.6998538176123));
#7286=CARTESIAN_POINT('',(21.8245568878465,21.7319021602063,-62.6998538176123));
#7287=CARTESIAN_POINT('',(21.8245568878465,21.7319021602063,-46.6998538176123));
#7288=CARTESIAN_POINT('',(21.8245568878465,21.7319021602063,-46.6998538176123));
#7289=CARTESIAN_POINT('',(17.0000003278255,21.7319021602063,-62.6998538176123));
#7290=CARTESIAN_POINT('',(22.0000003278255,21.7319021602063,-62.6998538176123));
#7291=CARTESIAN_POINT('',(17.0000003278255,21.7319021602063,-46.6998538176123));
#7292=CARTESIAN_POINT('',(17.0000003278255,21.7319021602063,-46.6998538176123));
#7293=CARTESIAN_POINT('',(22.0000003278255,21.7319021602063,-46.6998538176123));
#7294=CARTESIAN_POINT('Origin',(17.0000003278255,20.7430547874041,-54.6998538176123));
#7295=CARTESIAN_POINT('',(17.0000003278255,19.754207414602,-46.6998538176123));
#7296=CARTESIAN_POINT('',(17.0000003278255,21.7319021602063,-62.6998538176123));
#7297=CARTESIAN_POINT('Origin',(22.0000003278255,25.4999994300306,-62.6998538176123));
#7298=CARTESIAN_POINT('',(21.8245568878465,25.4999994300307,-46.6998538176123));
#7299=CARTESIAN_POINT('',(21.8245568878465,25.4999994300307,-62.6998538176123));
#7300=CARTESIAN_POINT('',(21.8245568878465,25.4999994300307,-46.6998538176123));
#7301=CARTESIAN_POINT('',(17.0000003278255,25.4999994300307,-46.6998538176123));
#7302=CARTESIAN_POINT('',(22.0000003278255,25.4999994300307,-46.6998538176123));
#7303=CARTESIAN_POINT('',(17.0000003278255,25.4999994300306,-62.6998538176123));
#7304=CARTESIAN_POINT('',(17.0000003278255,25.4999994300307,-46.6998538176123));
#7305=CARTESIAN_POINT('',(22.0000003278255,25.4999994300306,-62.6998538176123));
#7306=CARTESIAN_POINT('Origin',(17.0000003278255,26.7499999236316,-54.6998538176123));
#7307=CARTESIAN_POINT('',(17.0000003278255,28.0000004172325,-46.6998538176123));
#7308=CARTESIAN_POINT('',(17.0000003278255,25.4999994300306,-62.6998538176123));
#7309=CARTESIAN_POINT('Origin',(22.0000003278254,25.4999994300307,-46.6998538176123));
#7310=CARTESIAN_POINT('',(22.0000003278256,32.0000004172325,-51.2751791951905));
#7311=CARTESIAN_POINT('',(22.0000003278256,28.0000004172326,-51.2751791951905));
#7312=CARTESIAN_POINT('',(22.0000003278256,35.0000004172325,-54.2751791951905));
#7313=CARTESIAN_POINT('Origin',(22.0000003278254,32.0000004172325,-54.2751791951905));
#7314=CARTESIAN_POINT('',(22.0000003278256,35.0000004172325,-57.2751791951905));
#7315=CARTESIAN_POINT('',(22.0000003278256,35.0000004172325,-64.2157199237687));
#7316=CARTESIAN_POINT('',(22.0000003278256,32.0000004172325,-60.2751791951905));
#7317=CARTESIAN_POINT('Origin',(22.0000003278254,32.0000004172325,-57.2751791951905));
#7318=CARTESIAN_POINT('',(22.0000003278256,28.0000004172325,-60.2751791951905));
#7319=CARTESIAN_POINT('',(22.0000003278254,32.0000004172324,-53.6755460479864));
#7320=CARTESIAN_POINT('Origin',(22.0000003278254,32.0000004172324,-55.6755460479864));
#7321=CARTESIAN_POINT('Origin',(22.0000003278254,32.0000004172324,-55.6755460479864));
#7322=CARTESIAN_POINT('Origin',(21.8245568878465,21.7319021602063,-46.6998538176123));
#7323=CARTESIAN_POINT('',(21.8245568878465,24.616768267745,-46.6998538176123));
#7324=CARTESIAN_POINT('',(21.8245568878465,24.616768267745,-62.6998538176123));
#7325=CARTESIAN_POINT('Origin',(32.8245568878466,25.4999994300307,-46.6998538176123));
#7326=CARTESIAN_POINT('',(32.8245568878466,22.616768267745,-46.6998538176123));
#7327=CARTESIAN_POINT('',(32.8245568878466,22.616768267745,-62.6998538176123));
#7328=CARTESIAN_POINT('Origin',(32.6491134478678,32.0000004172324,-55.6755460479864));
#7329=CARTESIAN_POINT('',(25.3245568878468,32.0000004172324,-53.6755460479864));
#7330=CARTESIAN_POINT('Origin',(25.3245568878468,32.0000004172324,-55.6755460479864));
#7331=CARTESIAN_POINT('',(32.6491134478678,32.0000004172324,-53.6755460479864));
#7332=CARTESIAN_POINT('Origin',(32.6491134478678,32.0000004172324,-55.6755460479864));
#7333=CARTESIAN_POINT('',(32.6491134478677,32.0000004172324,-53.6755460479864));
#7334=CARTESIAN_POINT('Origin',(32.6491134478677,32.0000004172324,-55.6755460479864));
#7335=CARTESIAN_POINT('Origin',(32.6491134478677,32.0000004172324,-55.6755460479864));
#7336=CARTESIAN_POINT('',(29.3245568878467,32.0000004172324,-53.6755460479864));
#7337=CARTESIAN_POINT('',(32.6491134478678,32.0000004172324,-53.6755460479864));
#7338=CARTESIAN_POINT('Origin',(29.3245568878467,32.0000004172324,-55.6755460479864));
#7339=CARTESIAN_POINT('Origin',(30.155696027852,32.0000004172326,-54.2751791951905));
#7340=CARTESIAN_POINT('',(32.6491134478678,32.0000004172326,-51.2751791951905));
#7341=CARTESIAN_POINT('',(32.6491134478678,35.0000004172325,-54.2751791951905));
#7342=CARTESIAN_POINT('Origin',(32.6491134478676,32.0000004172326,-54.2751791951905));
#7343=CARTESIAN_POINT('',(29.3245568878468,35.0000004172326,-54.2751791951905));
#7344=CARTESIAN_POINT('',(30.155696027852,35.0000004172326,-54.2751791951905));
#7345=CARTESIAN_POINT('',(29.3245568878468,32.0000004172326,-51.2751791951905));
#7346=CARTESIAN_POINT('Origin',(29.3245568878468,32.0000004172326,-54.2751791951905));
#7347=CARTESIAN_POINT('',(30.155696027852,32.0000004172326,-51.2751791951905));
#7348=CARTESIAN_POINT('Origin',(29.3245568878467,28.0000004172325,-60.2751791951906));
#7349=CARTESIAN_POINT('',(29.3245568878467,35.0000004172325,-57.2751791951906));
#7350=CARTESIAN_POINT('',(29.3245568878468,35.0000004172326,-51.2751791951905));
#7351=CARTESIAN_POINT('',(29.3245568878467,32.0000004172326,-60.2751791951906));
#7352=CARTESIAN_POINT('Origin',(29.3245568878467,32.0000004172326,-57.2751791951906));
#7353=CARTESIAN_POINT('',(29.3245568878467,28.0000004172325,-60.2751791951906));
#7354=CARTESIAN_POINT('',(29.3245568878468,28.0000004172326,-51.2751791951905));
#7355=CARTESIAN_POINT('Origin',(30.9868351678573,35.0000004172326,-55.7751791951905));
#7356=CARTESIAN_POINT('',(32.6491134478678,35.0000004172325,-57.2751791951906));
#7357=CARTESIAN_POINT('',(32.6491134478678,35.0000004172325,-48.2157199237687));
#7358=CARTESIAN_POINT('',(31.8179743078625,35.0000004172326,-57.2751791951906));
#7359=CARTESIAN_POINT('Origin',(31.8179743078625,32.0000004172326,-57.2751791951906));
#7360=CARTESIAN_POINT('',(32.6491134478678,32.0000004172326,-60.2751791951906));
#7361=CARTESIAN_POINT('Origin',(32.6491134478677,32.0000004172326,-57.2751791951906));
#7362=CARTESIAN_POINT('',(31.8179743078625,32.0000004172326,-60.2751791951906));
#7363=CARTESIAN_POINT('Origin',(24.4934177478415,32.0000004172325,-57.2751791951905));
#7364=CARTESIAN_POINT('',(25.3245568878468,35.0000004172325,-57.2751791951905));
#7365=CARTESIAN_POINT('',(24.4934177478415,35.0000004172325,-57.2751791951905));
#7366=CARTESIAN_POINT('',(25.3245568878468,32.0000004172325,-60.2751791951905));
#7367=CARTESIAN_POINT('Origin',(25.3245568878468,32.0000004172325,-57.2751791951905));
#7368=CARTESIAN_POINT('',(24.4934177478415,32.0000004172325,-60.2751791951905));
#7369=CARTESIAN_POINT('Origin',(25.3245568878468,28.0000004172325,-51.2751791951905));
#7370=CARTESIAN_POINT('',(25.3245568878468,35.0000004172325,-54.2751791951905));
#7371=CARTESIAN_POINT('',(25.3245568878468,35.0000004172325,-60.2751791951905));
#7372=CARTESIAN_POINT('',(25.3245568878468,32.0000004172325,-51.2751791951905));
#7373=CARTESIAN_POINT('Origin',(25.3245568878468,32.0000004172325,-54.2751791951905));
#7374=CARTESIAN_POINT('',(25.3245568878468,28.0000004172325,-51.2751791951905));
#7375=CARTESIAN_POINT('',(25.3245568878468,28.0000004172325,-60.2751791951905));
#7376=CARTESIAN_POINT('Origin',(23.6622786078362,35.0000004172325,-55.7751791951905));
#7377=CARTESIAN_POINT('',(22.8311394678309,35.0000004172325,-54.2751791951905));
#7378=CARTESIAN_POINT('Origin',(22.8311394678309,32.0000004172325,-54.2751791951905));
#7379=CARTESIAN_POINT('',(22.8311394678309,32.0000004172325,-51.2751791951905));
#7380=CARTESIAN_POINT('Origin',(29.3245568878468,28.0000004172326,-51.2751791951905));
#7381=CARTESIAN_POINT('',(32.6491134478678,28.0000004172326,-51.2751791951905));
#7382=CARTESIAN_POINT('Origin',(32.6491134478678,28.0000004172325,-60.2751791951906));
#7383=CARTESIAN_POINT('',(32.6491134478678,28.0000004172325,-60.2751791951906));
#7384=CARTESIAN_POINT('Origin',(25.3245568878468,28.0000004172325,-60.2751791951905));
#7385=CARTESIAN_POINT('Origin',(22.0000003278256,28.0000004172325,-51.2751791951905));
#7386=CARTESIAN_POINT('Origin',(32.6491134478677,28.0000004172326,-46.6998538176123));
#7387=CARTESIAN_POINT('Origin',(27.3245568878466,23.8771039159173,-46.6998538176123));
#7388=CARTESIAN_POINT('Origin',(27.3245568878466,23.8771039159173,-62.6998538176123));
#7389=CARTESIAN_POINT('Origin',(35.1491134478677,-7.20147572218983,-48.3691731121026));
#7390=CARTESIAN_POINT('',(29.8245568878467,9.754207414602,-52.6998538176123));
#7391=CARTESIAN_POINT('',(29.8245568878467,10.2597470094933,-49.5335187285561));
#7392=CARTESIAN_POINT('Origin',(29.8245568878466,-7.20147572218981,-48.3691731121026));
#7393=CARTESIAN_POINT('',(24.8245568878467,10.2597470094933,-49.5335187285561));
#7394=CARTESIAN_POINT('',(35.1491134478678,10.2597470094932,-49.5335187285561));
#7395=CARTESIAN_POINT('',(24.8245568878467,9.75420741460202,-52.6998538176123));
#7396=CARTESIAN_POINT('Origin',(24.8245568878466,-7.20147572218979,-48.3691731121026));
#7397=CARTESIAN_POINT('',(35.1491134478677,9.75420741460197,-52.6998538176123));
#7398=CARTESIAN_POINT('Origin',(35.1491134478677,11.4235267090918,-29.7441706808207));
#7399=CARTESIAN_POINT('',(24.8245568878467,15.754207414602,-46.6998538176123));
#7400=CARTESIAN_POINT('',(24.8245568878467,12.5878723255456,-47.2053934125037));
#7401=CARTESIAN_POINT('Origin',(24.8245568878467,11.4235267090918,-29.7441706808207));
#7402=CARTESIAN_POINT('',(29.8245568878467,12.5878723255456,-47.2053934125037));
#7403=CARTESIAN_POINT('',(35.1491134478677,12.5878723255456,-47.2053934125037));
#7404=CARTESIAN_POINT('',(29.8245568878467,15.754207414602,-46.6998538176123));
#7405=CARTESIAN_POINT('Origin',(29.8245568878467,11.4235267090918,-29.7441706808207));
#7406=CARTESIAN_POINT('',(35.1491134478677,15.754207414602,-46.6998538176123));
#7407=CARTESIAN_POINT('Origin',(29.8245568878467,12.3880908889028,-49.3337372919133));
#7408=CARTESIAN_POINT('',(29.8245568878467,11.693547242822,-50.7605139893921));
#7409=CARTESIAN_POINT('',(29.8245568878467,12.754207414602,-49.6998538176123));
#7410=CARTESIAN_POINT('',(29.8245568878467,13.8148675863817,-48.6391936458325));
#7411=CARTESIAN_POINT('Origin',(29.8245568878467,12.7542074146019,-49.6998538176123));
#7412=CARTESIAN_POINT('',(29.8245568878467,12.754207414602,-49.6998538176123));
#7413=CARTESIAN_POINT('Origin',(29.8245568878467,12.7542074146019,-49.6998538176123));
#7414=CARTESIAN_POINT('Origin',(27.3245568878467,12.7542074146019,-49.6998538176123));
#7415=CARTESIAN_POINT('',(24.8245568878467,11.693547242822,-50.7605139893921));
#7416=CARTESIAN_POINT('',(27.3245568878467,11.6935472428221,-50.7605139893922));
#7417=CARTESIAN_POINT('',(24.8245568878467,13.8148675863817,-48.6391936458325));
#7418=CARTESIAN_POINT('Origin',(24.8245568878467,12.7542074146019,-49.6998538176123));
#7419=CARTESIAN_POINT('',(27.3245568878467,13.8148675863817,-48.6391936458325));
#7420=CARTESIAN_POINT('Origin',(27.3245568878467,12.7542074146019,-49.6998538176123));
#7421=CARTESIAN_POINT('Origin',(24.8245568878467,12.7542074146019,-49.6998538176123));
#7422=CARTESIAN_POINT('Origin',(24.8245568878467,12.3880908889028,-49.3337372919133));
#7423=CARTESIAN_POINT('',(24.8245568878467,12.754207414602,-49.6998538176123));
#7424=CARTESIAN_POINT('',(24.8245568878467,12.754207414602,-49.6998538176123));
#7425=CARTESIAN_POINT('Origin',(35.1491134478677,12.754207414602,-49.6998538176123));
#7426=CARTESIAN_POINT('',(37.649113447868,9.75420741460197,-52.6998538176123));
#7427=CARTESIAN_POINT('',(35.1491134478677,9.75420741460197,-52.6998538176123));
#7428=CARTESIAN_POINT('',(37.649113447868,15.754207414602,-46.6998538176124));
#7429=CARTESIAN_POINT('',(37.649113447868,11.004207414602,-51.4498538176123));
#7430=CARTESIAN_POINT('',(35.1491134478677,15.754207414602,-46.6998538176123));
#7431=CARTESIAN_POINT('',(17.0000003278255,15.754207414602,-46.6998538176123));
#7432=CARTESIAN_POINT('',(35.1491134478677,15.754207414602,-46.6998538176123));
#7433=CARTESIAN_POINT('',(17.0000003278255,9.75420741460199,-52.6998538176123));
#7434=CARTESIAN_POINT('',(17.0000003278255,15.004207414602,-47.4498538176123));
#7435=CARTESIAN_POINT('',(35.1491134478677,9.75420741460197,-52.6998538176123));
#7436=CARTESIAN_POINT('Origin',(32.6491134478677,9.75420741460197,-46.6998538176123));
#7437=CARTESIAN_POINT('',(17.0000003278255,9.75420741460199,-62.6998538176123));
#7438=CARTESIAN_POINT('',(17.0000003278255,9.75420741460199,-62.6998538176123));
#7439=CARTESIAN_POINT('',(37.6491134478679,9.75420741460197,-62.6998538176124));
#7440=CARTESIAN_POINT('',(32.6491134478679,9.75420741460198,-62.6998538176123));
#7441=CARTESIAN_POINT('',(37.6491134478679,9.75420741460197,-62.6998538176124));
#7442=CARTESIAN_POINT('Origin',(17.0000003278255,18.754207414602,-46.6998538176123));
#7443=CARTESIAN_POINT('',(17.0000003278255,18.754207414602,-46.6998538176123));
#7444=CARTESIAN_POINT('',(17.0000003278255,18.754207414602,-46.6998538176123));
#7445=CARTESIAN_POINT('',(17.0000003278255,18.754207414602,-62.6998538176123));
#7446=CARTESIAN_POINT('',(17.0000003278255,18.754207414602,-62.6998538176123));
#7447=CARTESIAN_POINT('',(17.0000003278255,18.754207414602,-62.6998538176123));
#7448=CARTESIAN_POINT('Origin',(37.6491134478679,18.754207414602,-62.6998538176124));
#7449=CARTESIAN_POINT('',(37.6491134478679,18.754207414602,-62.6998538176124));
#7450=CARTESIAN_POINT('',(37.6491134478679,18.754207414602,-62.6998538176124));
#7451=CARTESIAN_POINT('',(37.649113447868,18.754207414602,-46.6998538176124));
#7452=CARTESIAN_POINT('',(37.6491134478679,18.754207414602,-62.6998538176124));
#7453=CARTESIAN_POINT('',(37.649113447868,18.754207414602,-46.6998538176124));
#7454=CARTESIAN_POINT('Origin',(17.0000003278257,18.754207414602,-62.6998538176123));
#7455=CARTESIAN_POINT('',(32.6491134478679,18.754207414602,-62.6998538176123));
#7456=CARTESIAN_POINT('Origin',(37.6491134478677,18.754207414602,-46.6998538176123));
#7457=CARTESIAN_POINT('',(22.0000003278254,18.754207414602,-46.6998538176123));
#7458=CARTESIAN_POINT('Origin',(32.6491134478677,18.754207414602,-46.6998538176123));
#7459=CARTESIAN_POINT('',(0.,0.,0.));
#7460=CARTESIAN_POINT('Origin',(25.950545238832,37.5000002086164,-98.415876015746));
#7461=CARTESIAN_POINT('',(25.950545238832,46.2485311421233,-61.4775233657619));
#7462=CARTESIAN_POINT('',(25.950545238832,39.751468857877,-60.5224784521795));
#7463=CARTESIAN_POINT('Origin',(25.950545238832,43.0000000000001,-61.0000009089707));
#7464=CARTESIAN_POINT('',(25.950545238832,28.7514692751095,-135.35422866573));
#7465=CARTESIAN_POINT('',(25.950545238832,28.7514692751095,-135.35422866573));
#7466=CARTESIAN_POINT('',(25.950545238832,35.2485315593558,-136.309273579312));
#7467=CARTESIAN_POINT('Origin',(25.950545238832,32.0000004172327,-135.831751122521));
#7468=CARTESIAN_POINT('',(25.950545238832,46.2485311421233,-61.4775233657619));
#7469=CARTESIAN_POINT('',(25.950545238832,32.0000004172327,-137.831751122521));
#7470=CARTESIAN_POINT('Origin',(25.950545238832,32.0000004172327,-135.831751122521));
#7471=CARTESIAN_POINT('',(25.950545238832,43.0000000000001,-63.0000009089707));
#7472=CARTESIAN_POINT('Origin',(25.950545238832,43.0000000000001,-61.0000009089707));
#7473=CARTESIAN_POINT('Origin',(24.450545238832,43.0000000000001,-61.0000009089707));
#7474=CARTESIAN_POINT('',(22.950545238832,43.0000000000001,-63.0000009089707));
#7475=CARTESIAN_POINT('Origin',(22.950545238832,43.0000000000001,-61.0000009089707));
#7476=CARTESIAN_POINT('',(24.450545238832,43.0000000000001,-63.0000009089707));
#7477=CARTESIAN_POINT('Origin',(24.450545238832,32.0000004172327,-135.831751122521));
#7478=CARTESIAN_POINT('',(22.950545238832,32.0000004172327,-137.831751122521));
#7479=CARTESIAN_POINT('Origin',(22.950545238832,32.0000004172327,-135.831751122521));
#7480=CARTESIAN_POINT('',(24.450545238832,32.0000004172327,-137.831751122521));
#7481=CARTESIAN_POINT('Origin',(24.450545238832,28.7514692751095,-135.35422866573));
#7482=CARTESIAN_POINT('',(22.950545238832,39.751468857877,-60.5224784521795));
#7483=CARTESIAN_POINT('',(24.450545238832,39.751468857877,-60.5224784521795));
#7484=CARTESIAN_POINT('',(22.950545238832,28.7514692751095,-135.35422866573));
#7485=CARTESIAN_POINT('',(22.950545238832,28.7514692751095,-135.35422866573));
#7486=CARTESIAN_POINT('',(24.450545238832,28.7514692751095,-135.35422866573));
#7487=CARTESIAN_POINT('Origin',(24.450545238832,32.0000004172327,-135.831751122521));
#7488=CARTESIAN_POINT('',(22.950545238832,35.2485315593558,-136.309273579312));
#7489=CARTESIAN_POINT('Origin',(22.950545238832,32.0000004172327,-135.831751122521));
#7490=CARTESIAN_POINT('',(24.450545238832,35.2485315593558,-136.309273579312));
#7491=CARTESIAN_POINT('Origin',(24.450545238832,46.2485311421233,-61.4775233657619));
#7492=CARTESIAN_POINT('',(22.950545238832,46.2485311421233,-61.4775233657619));
#7493=CARTESIAN_POINT('',(22.950545238832,46.2485311421233,-61.4775233657619));
#7494=CARTESIAN_POINT('',(24.450545238832,46.2485311421233,-61.4775233657619));
#7495=CARTESIAN_POINT('Origin',(24.450545238832,43.0000000000001,-61.0000009089707));
#7496=CARTESIAN_POINT('Origin',(22.950545238832,43.0000000000001,-61.0000009089707));
#7497=CARTESIAN_POINT('Origin',(22.950545238832,37.5000002086164,-98.415876015746));
#7498=CARTESIAN_POINT('',(0.,0.,0.));
#7499=CARTESIAN_POINT('Origin',(61.415833226058,24.9999999999998,-56.6849600885947));
#7500=CARTESIAN_POINT('',(62.915833226058,24.9999999999998,-56.6849600885947));
#7501=CARTESIAN_POINT('Origin',(61.415833226058,25.,-56.6849600885947));
#7502=CARTESIAN_POINT('',(62.915833226058,22.,-56.6849600885947));
#7503=CARTESIAN_POINT('',(62.915833226058,24.9999999999998,-56.6849600885947));
#7504=CARTESIAN_POINT('Origin',(61.415833226058,22.0000000000001,-56.6849600885947));
#7505=CARTESIAN_POINT('Origin',(62.9192122524737,24.9999999999998,-71.2676707934991));
#7506=CARTESIAN_POINT('',(64.4243660321905,24.9999999999998,-71.2676707934991));
#7507=CARTESIAN_POINT('Origin',(62.9192122524737,25.,-71.2676707934991));
#7508=CARTESIAN_POINT('',(64.4243660321905,22.,-71.2676707934991));
#7509=CARTESIAN_POINT('',(64.4243660321905,24.9999999999998,-71.2676707934991));
#7510=CARTESIAN_POINT('Origin',(62.9192122524737,22.,-71.2676707934991));
#7511=CARTESIAN_POINT('Origin',(30.6776529814272,24.9999999999998,-100.270215397227));
#7512=CARTESIAN_POINT('',(30.6776529814272,22.,-89.2702153972269));
#7513=CARTESIAN_POINT('',(30.6776529814272,24.9999999999998,-89.2702153972269));
#7514=CARTESIAN_POINT('',(30.6776529814272,24.9999999999998,-89.2702153972269));
#7515=CARTESIAN_POINT('',(30.6776529814272,22.,-58.5000009292391));
#7516=CARTESIAN_POINT('',(30.6776529814272,22.,-111.334767058904));
#7517=CARTESIAN_POINT('',(30.6776529814272,24.9999999999998,-58.5000009292391));
#7518=CARTESIAN_POINT('',(30.6776529814272,24.9999999999998,-58.5000009292391));
#7519=CARTESIAN_POINT('',(30.6776529814272,24.9999999999998,-85.8155938605513));
#7520=CARTESIAN_POINT('Origin',(78.00000111592,24.9999999999998,-58.5000009292391));
#7521=CARTESIAN_POINT('',(30.4505452388321,22.,-58.5000009292391));
#7522=CARTESIAN_POINT('',(51.2252350793368,22.,-58.5000009292391));
#7523=CARTESIAN_POINT('',(30.4505452388321,24.9999999999999,-58.5000009292391));
#7524=CARTESIAN_POINT('',(30.450545238832,24.9999999999999,-58.5000009292391));
#7525=CARTESIAN_POINT('',(51.2252350793368,25.,-58.5000009292391));
#7526=CARTESIAN_POINT('Origin',(24.4504690427537,22.,-122.39931872058));
#7527=CARTESIAN_POINT('',(30.4505452388321,22.,-89.2702153972269));
#7528=CARTESIAN_POINT('',(27.4505071407929,22.,-89.2702153972269));
#7529=CARTESIAN_POINT('',(30.450545238832,22.,-172.630306821243));
#7530=CARTESIAN_POINT('',(30.450545238832,22.,-147.514812770912));
#7531=CARTESIAN_POINT('',(18.450545238832,22.,-172.630306821243));
#7532=CARTESIAN_POINT('',(25.9505071407928,22.,-172.630306821243));
#7533=CARTESIAN_POINT('',(18.450545238832,22.,-89.2702153972269));
#7534=CARTESIAN_POINT('',(18.450545238832,22.,-106.270215397227));
#7535=CARTESIAN_POINT('',(13.6642601455428,22.,-89.2702153972269));
#7536=CARTESIAN_POINT('',(19.0573645941482,22.,-89.2702153972269));
#7537=CARTESIAN_POINT('',(13.6642601455428,22.,-91.0000013911751));
#7538=CARTESIAN_POINT('',(13.6642601455428,22.,-106.270215397227));
#7539=CARTESIAN_POINT('',(7.07970101484154,21.9999999999998,-91.0000013911751));
#7540=CARTESIAN_POINT('',(14.7252345354444,22.,-91.0000013911751));
#7541=CARTESIAN_POINT('',(5.00000002813518,21.9999999999998,-89.1916127859112));
#7542=CARTESIAN_POINT('Origin',(5.08871242869355,22.,-91.1896443447178));
#7543=CARTESIAN_POINT('',(18.0000000281352,21.9999999999998,-89.1916127859112));
#7544=CARTESIAN_POINT('',(5.00000002813518,21.9999999999998,-89.1916127859112));
#7545=CARTESIAN_POINT('',(18.0000000281352,22.,-60.0000009292391));
#7546=CARTESIAN_POINT('',(18.0000000281352,22.,-91.1996598249097));
#7547=CARTESIAN_POINT('',(18.450545238832,22.,-60.0000009292391));
#7548=CARTESIAN_POINT('',(21.4505071407929,22.,-60.0000009292391));
#7549=CARTESIAN_POINT('',(18.450545238832,22.,-46.6998538176123));
#7550=CARTESIAN_POINT('',(18.450545238832,22.,-84.5495862690963));
#7551=CARTESIAN_POINT('',(-60.9898807681832,22.,-46.6998538176122));
#7552=CARTESIAN_POINT('',(-18.2551735875378,22.,-46.6998538176123));
#7553=CARTESIAN_POINT('',(-64.6429393143032,22.,-118.772212938348));
#7554=CARTESIAN_POINT('Ctrl Pts',(-60.9898807681832,22.,-46.6998538176123));
#7555=CARTESIAN_POINT('Ctrl Pts',(-61.2564002368396,22.,-64.3007558314102));
#7556=CARTESIAN_POINT('Ctrl Pts',(-61.7442751838232,22.,-76.9480586948633));
#7557=CARTESIAN_POINT('Ctrl Pts',(-63.6485126241675,22.,-104.490272441136));
#7558=CARTESIAN_POINT('Ctrl Pts',(-64.1753623009594,22.,-111.665965834404));
#7559=CARTESIAN_POINT('Ctrl Pts',(-64.6429393143032,22.,-118.772212938348));
#7560=CARTESIAN_POINT('',(-31.3495309572426,22.,-118.772212938382));
#7561=CARTESIAN_POINT('',(-3.44953095724158,22.,-118.77221293841));
#7562=CARTESIAN_POINT('',(-31.3495309572426,22.,-167.50067924425));
#7563=CARTESIAN_POINT('',(-31.3495309572426,22.,-165.50067924425));
#7564=CARTESIAN_POINT('',(-64.7626217720342,22.,-167.500679244251));
#7565=CARTESIAN_POINT('',(-20.3118613022527,22.,-167.50067924425));
#7566=CARTESIAN_POINT('',(-52.2925381129493,22.,-190.309220394544));
#7567=CARTESIAN_POINT('Ctrl Pts',(-64.7626217720337,22.,-167.500679244254));
#7568=CARTESIAN_POINT('Ctrl Pts',(-64.4967034440775,22.,-169.053726989724));
#7569=CARTESIAN_POINT('Ctrl Pts',(-64.178657727048,22.,-170.570923346798));
#7570=CARTESIAN_POINT('Ctrl Pts',(-62.8185073839337,22.,-175.870547354027));
#7571=CARTESIAN_POINT('Ctrl Pts',(-61.3830636066731,22.,-179.592832403745));
#7572=CARTESIAN_POINT('Ctrl Pts',(-57.3901572057786,22.,-185.826742403573));
#7573=CARTESIAN_POINT('Ctrl Pts',(-55.0896988979088,22.,-188.294254720376));
#7574=CARTESIAN_POINT('Ctrl Pts',(-52.2925381129493,22.,-190.309220394544));
#7575=CARTESIAN_POINT('',(101.193476198464,22.,-190.309220394544));
#7576=CARTESIAN_POINT('Ctrl Pts',(-52.2925381129493,22.,-190.309220394544));
#7577=CARTESIAN_POINT('Ctrl Pts',(-49.5344294869432,22.,-192.296054414565));
#7578=CARTESIAN_POINT('Ctrl Pts',(-46.3539104012517,22.,-193.798232499668));
#7579=CARTESIAN_POINT('Ctrl Pts',(-39.6497316673848,22.,-196.21581057424));
#7580=CARTESIAN_POINT('Ctrl Pts',(-35.9080576458703,22.,-197.136214899833));
#7581=CARTESIAN_POINT('Ctrl Pts',(-24.8595420345816,22.,-199.188239893584));
#7582=CARTESIAN_POINT('Ctrl Pts',(-16.9142406605449,22.,-199.752747207373));
#7583=CARTESIAN_POINT('Ctrl Pts',(-4.89609890670418,22.,-200.096250774764));
#7584=CARTESIAN_POINT('Ctrl Pts',(-1.691901742191,22.,-200.098783623548));
#7585=CARTESIAN_POINT('Ctrl Pts',(7.0823344877802,22.,-200.080461159699));
#7586=CARTESIAN_POINT('Ctrl Pts',(10.8011640745039,22.,-200.068070472923));
#7587=CARTESIAN_POINT('Ctrl Pts',(24.5980829674057,22.,-199.983855494678));
#7588=CARTESIAN_POINT('Ctrl Pts',(25.4082875112934,22.,-199.994445337418));
#7589=CARTESIAN_POINT('Ctrl Pts',(39.4111731855092,22.,-200.074054260111));
#7590=CARTESIAN_POINT('Ctrl Pts',(45.5836162304007,22.,-200.098166391375));
#7591=CARTESIAN_POINT('Ctrl Pts',(55.1621048952223,22.,-200.078649995215));
#7592=CARTESIAN_POINT('Ctrl Pts',(62.0057480450646,22.,-199.977054393103));
#7593=CARTESIAN_POINT('Ctrl Pts',(76.3106625559874,22.,-198.779558840807));
#7594=CARTESIAN_POINT('Ctrl Pts',(84.2625907847249,22.,-197.614052490112));
#7595=CARTESIAN_POINT('Ctrl Pts',(94.6657385802886,22.,-194.072116601373));
#7596=CARTESIAN_POINT('Ctrl Pts',(98.1841927321003,22.,-192.476990985768));
#7597=CARTESIAN_POINT('Ctrl Pts',(101.193476198464,22.,-190.309220394544));
#7598=CARTESIAN_POINT('',(113.663584330986,22.,-167.500679244272));
#7599=CARTESIAN_POINT('Ctrl Pts',(101.193476198464,22.,-190.309220394544));
#7600=CARTESIAN_POINT('Ctrl Pts',(103.549874753215,22.,-188.611762662399));
#7601=CARTESIAN_POINT('Ctrl Pts',(105.565051673062,22.,-186.584961773982));
#7602=CARTESIAN_POINT('Ctrl Pts',(108.955772896624,22.,-181.881212449907));
#7603=CARTESIAN_POINT('Ctrl Pts',(110.263238029642,22.,-179.304137327608));
#7604=CARTESIAN_POINT('Ctrl Pts',(112.346781463081,22.,-173.750285859966));
#7605=CARTESIAN_POINT('Ctrl Pts',(113.116239521274,22.,-170.697726432965));
#7606=CARTESIAN_POINT('Ctrl Pts',(113.663584330983,22.,-167.500679244292));
#7607=CARTESIAN_POINT('',(80.2504690427574,22.,-167.50067924425));
#7608=CARTESIAN_POINT('',(52.3504690427403,22.,-167.500679244232));
#7609=CARTESIAN_POINT('',(80.2504690427574,22.,-118.772212938382));
#7610=CARTESIAN_POINT('',(80.2504690427574,22.,-120.772212938382));
#7611=CARTESIAN_POINT('',(113.543837598374,22.,-118.772212938303));
#7612=CARTESIAN_POINT('',(69.0622113838686,22.,-118.772212938409));
#7613=CARTESIAN_POINT('',(109.891093401221,22.,-46.6998538176124));
#7614=CARTESIAN_POINT('Ctrl Pts',(113.543837598375,22.,-118.772212938309));
#7615=CARTESIAN_POINT('Ctrl Pts',(113.443732810574,22.,-117.251628035341));
#7616=CARTESIAN_POINT('Ctrl Pts',(113.338835091633,22.,-115.696869916812));
#7617=CARTESIAN_POINT('Ctrl Pts',(112.541128744882,22.,-104.075776921282));
#7618=CARTESIAN_POINT('Ctrl Pts',(111.768125310563,22.,-93.8535783053769));
#7619=CARTESIAN_POINT('Ctrl Pts',(110.395424869338,22.,-70.3073594663233));
#7620=CARTESIAN_POINT('Ctrl Pts',(110.062021247591,22.,-57.7914451378719));
#7621=CARTESIAN_POINT('Ctrl Pts',(109.891093401221,22.,-46.6998538176124));
#7622=CARTESIAN_POINT('',(30.450545238832,22.,-46.6998538176123));
#7623=CARTESIAN_POINT('',(-18.2551735875378,22.,-46.6998538176123));
#7624=CARTESIAN_POINT('',(30.450545238832,22.,-147.514812770912));
#7625=CARTESIAN_POINT('',(51.3541600724872,22.,-179.354611452293));
#7626=CARTESIAN_POINT('',(51.3541600724872,22.,-198.597231147806));
#7627=CARTESIAN_POINT('',(51.3541600724872,22.,-160.498274934193));
#7628=CARTESIAN_POINT('',(32.5164774157057,22.,-198.597231147806));
#7629=CARTESIAN_POINT('',(28.4834732292297,22.,-198.597231147806));
#7630=CARTESIAN_POINT('',(32.5164774157057,22.,-179.354611452293));
#7631=CARTESIAN_POINT('',(32.5164774157056,22.,-150.876965086437));
#7632=CARTESIAN_POINT('',(37.9023145576204,22.,-179.354611452293));
#7633=CARTESIAN_POINT('',(16.3846130619588,22.,-179.354611452293));
#7634=CARTESIAN_POINT('',(16.3846130619589,22.,-198.597231147806));
#7635=CARTESIAN_POINT('',(16.3846130619588,22.,-160.498274934193));
#7636=CARTESIAN_POINT('',(-2.4530695948227,22.,-198.597231147806));
#7637=CARTESIAN_POINT('',(10.9986997239655,22.,-198.597231147806));
#7638=CARTESIAN_POINT('',(-2.45306959482272,22.,-179.354611452293));
#7639=CARTESIAN_POINT('',(-2.45306959482276,22.,-150.876965086437));
#7640=CARTESIAN_POINT('',(20.4175410523562,22.,-179.354611452293));
#7641=CARTESIAN_POINT('',(45.8029540234224,22.,-91.1896443447177));
#7642=CARTESIAN_POINT('Origin',(43.8029540234225,22.,-91.1896443447177));
#7643=CARTESIAN_POINT('',(74.7570004516839,21.9999999999997,-143.099501260049));
#7644=CARTESIAN_POINT('Origin',(72.7570004516839,22.,-143.099501260049));
#7645=CARTESIAN_POINT('',(-21.7596523983467,21.9999999999998,-143.099501260049));
#7646=CARTESIAN_POINT('Origin',(-23.7596523983466,22.0000000000001,-143.099501260049));
#7647=CARTESIAN_POINT('Origin',(5.00000002813518,21.9999999999998,-89.1916127859112));
#7648=CARTESIAN_POINT('',(5.00000002813518,24.9999999999998,-89.1916127859112));
#7649=CARTESIAN_POINT('',(5.00000002813518,21.9999999999998,-89.1916127859112));
#7650=CARTESIAN_POINT('',(18.0000000281352,24.9999999999998,-89.1916127859112));
#7651=CARTESIAN_POINT('',(5.00000002813518,24.9999999999998,-89.1916127859112));
#7652=CARTESIAN_POINT('',(18.0000000281352,21.9999999999998,-89.1916127859112));
#7653=CARTESIAN_POINT('Origin',(18.0000000281352,24.9999999999999,-60.0000009292391));
#7654=CARTESIAN_POINT('',(18.0000000281352,24.9999999999999,-60.0000009292391));
#7655=CARTESIAN_POINT('',(18.0000000281352,25.,-91.1996598249097));
#7656=CARTESIAN_POINT('',(18.0000000281352,24.9999999999999,-60.0000009292391));
#7657=CARTESIAN_POINT('Origin',(30.4505452388321,24.9999999999998,-89.2702153972269));
#7658=CARTESIAN_POINT('',(30.4505452388321,24.9999999999998,-89.2702153972269));
#7659=CARTESIAN_POINT('',(27.4505071407929,25.,-89.2702153972269));
#7660=CARTESIAN_POINT('',(30.450545238832,24.9999999999999,-89.2702153972269));
#7661=CARTESIAN_POINT('Origin',(13.6642601455428,24.9999999999998,-106.270215397227));
#7662=CARTESIAN_POINT('',(13.6642601455428,24.9999999999998,-91.0000013911751));
#7663=CARTESIAN_POINT('',(13.6642601455428,24.9999999999998,-91.0000013911751));
#7664=CARTESIAN_POINT('',(13.6642601455428,24.9999999999998,-89.2702153972269));
#7665=CARTESIAN_POINT('',(13.6642601455428,24.9999999999998,-89.2702153972269));
#7666=CARTESIAN_POINT('',(13.6642601455428,24.9999999999998,-106.270215397227));
#7667=CARTESIAN_POINT('Origin',(13.6642601455428,24.9999999999998,-89.2702153972269));
#7668=CARTESIAN_POINT('',(18.4505452388321,24.9999999999998,-89.2702153972269));
#7669=CARTESIAN_POINT('',(18.450545238832,24.9999999999999,-89.2702153972269));
#7670=CARTESIAN_POINT('',(19.0573645941482,25.,-89.2702153972269));
#7671=CARTESIAN_POINT('Origin',(18.450545238832,25.0000000000001,-46.6998538176123));
#7672=CARTESIAN_POINT('',(18.450545238832,24.9999999999999,-172.630306821243));
#7673=CARTESIAN_POINT('',(18.450545238832,24.9999999999999,-172.630306821243));
#7674=CARTESIAN_POINT('',(18.450545238832,25.,-84.5495862690963));
#7675=CARTESIAN_POINT('Origin',(32.5164774157057,24.9999999999996,-179.354611452293));
#7676=CARTESIAN_POINT('',(32.5164774157057,24.9999999999996,-198.597231147806));
#7677=CARTESIAN_POINT('',(32.5164774157057,24.9999999999996,-198.597231147806));
#7678=CARTESIAN_POINT('',(32.5164774157057,24.9999999999996,-179.354611452293));
#7679=CARTESIAN_POINT('',(32.5164774157056,25.,-150.876965086437));
#7680=CARTESIAN_POINT('',(32.5164774157057,24.9999999999996,-179.354611452293));
#7681=CARTESIAN_POINT('Origin',(51.3541600724872,24.9999999999996,-179.354611452293));
#7682=CARTESIAN_POINT('',(51.3541600724872,24.9999999999996,-179.354611452293));
#7683=CARTESIAN_POINT('',(37.9023145576204,25.,-179.354611452293));
#7684=CARTESIAN_POINT('',(51.3541600724872,24.9999999999996,-179.354611452293));
#7685=CARTESIAN_POINT('Origin',(51.3541600724872,24.9999999999996,-198.597231147806));
#7686=CARTESIAN_POINT('',(51.3541600724872,24.9999999999996,-198.597231147806));
#7687=CARTESIAN_POINT('',(51.3541600724872,25.,-160.498274934193));
#7688=CARTESIAN_POINT('',(51.3541600724872,24.9999999999996,-198.597231147806));
#7689=CARTESIAN_POINT('Origin',(32.5164774157057,24.9999999999996,-198.597231147806));
#7690=CARTESIAN_POINT('',(28.4834732292297,25.,-198.597231147806));
#7691=CARTESIAN_POINT('Origin',(-2.45306959482272,24.9999999999997,-179.354611452293));
#7692=CARTESIAN_POINT('',(-2.45306959482269,24.9999999999997,-198.597231147806));
#7693=CARTESIAN_POINT('',(-2.45306959482269,24.9999999999997,-198.597231147806));
#7694=CARTESIAN_POINT('',(-2.45306959482272,24.9999999999997,-179.354611452293));
#7695=CARTESIAN_POINT('',(-2.45306959482275,25.,-150.876965086437));
#7696=CARTESIAN_POINT('',(-2.45306959482272,24.9999999999997,-179.354611452293));
#7697=CARTESIAN_POINT('Origin',(16.3846130619588,24.9999999999997,-179.354611452293));
#7698=CARTESIAN_POINT('',(16.3846130619588,24.9999999999997,-179.354611452293));
#7699=CARTESIAN_POINT('',(20.4175410523562,25.,-179.354611452293));
#7700=CARTESIAN_POINT('',(16.3846130619588,24.9999999999997,-179.354611452293));
#7701=CARTESIAN_POINT('Origin',(16.3846130619589,24.9999999999996,-198.597231147806));
#7702=CARTESIAN_POINT('',(16.3846130619589,24.9999999999996,-198.597231147806));
#7703=CARTESIAN_POINT('',(16.3846130619588,25.,-160.498274934193));
#7704=CARTESIAN_POINT('',(16.3846130619589,24.9999999999996,-198.597231147806));
#7705=CARTESIAN_POINT('Origin',(-2.45306959482269,24.9999999999997,-198.597231147806));
#7706=CARTESIAN_POINT('',(10.9986997239655,25.,-198.597231147806));
#7707=CARTESIAN_POINT('Origin',(30.450545238832,24.9999999999999,-172.630306821243));
#7708=CARTESIAN_POINT('',(30.450545238832,25.0000000000001,-46.6998538176123));
#7709=CARTESIAN_POINT('',(30.450545238832,23.5,-46.6998538176123));
#7710=CARTESIAN_POINT('',(30.450545238832,25.,-147.514812770912));
#7711=CARTESIAN_POINT('Origin',(5.08871242869355,21.9999999999998,-91.1896443447178));
#7712=CARTESIAN_POINT('',(7.07970101484155,24.9999999999998,-91.0000013911751));
#7713=CARTESIAN_POINT('',(7.07970101484154,21.9999999999998,-91.0000013911751));
#7714=CARTESIAN_POINT('Origin',(5.08871242869355,25.,-91.1896443447178));
#7715=CARTESIAN_POINT('Origin',(5.00000002813518,24.9999999999998,-91.0000013911751));
#7716=CARTESIAN_POINT('',(14.7252345354444,25.,-91.0000013911751));
#7717=CARTESIAN_POINT('Origin',(43.8029540234224,27.4999999999994,-91.1896443447177));
#7718=CARTESIAN_POINT('',(45.8029540234224,25.,-91.1896443447177));
#7719=CARTESIAN_POINT('Origin',(43.8029540234224,25.,-91.1896443447177));
#7720=CARTESIAN_POINT('',(45.8029540234224,27.4999999999994,-91.1896443447177));
#7721=CARTESIAN_POINT('Origin',(18.4505452388321,24.9999999999999,-60.0000009292391));
#7722=CARTESIAN_POINT('',(18.4505452388321,24.9999999999999,-60.0000009292391));
#7723=CARTESIAN_POINT('',(21.4505071407929,25.,-60.0000009292391));
#7724=CARTESIAN_POINT('',(18.450545238832,25.,-60.0000009292391));
#7725=CARTESIAN_POINT('Origin',(18.450545238832,25.0000000000001,-46.6998538176123));
#7726=CARTESIAN_POINT('',(18.450545238832,25.0000000000001,-46.6998538176123));
#7727=CARTESIAN_POINT('',(18.450545238832,25.,-84.5495862690963));
#7728=CARTESIAN_POINT('',(18.450545238832,23.5000000000001,-46.6998538176123));
#7729=CARTESIAN_POINT('Origin',(30.450545238832,24.9999999999999,-172.630306821243));
#7730=CARTESIAN_POINT('',(30.450545238832,24.9999999999999,-172.630306821243));
#7731=CARTESIAN_POINT('',(30.450545238832,25.,-147.514812770912));
#7732=CARTESIAN_POINT('',(30.450545238832,24.9999999999999,-172.630306821243));
#7733=CARTESIAN_POINT('Origin',(24.4504690427537,25.,-122.39931872058));
#7734=CARTESIAN_POINT('',(109.891093401221,25.,-46.6998538176124));
#7735=CARTESIAN_POINT('',(-18.2551735875378,25.,-46.6998538176123));
#7736=CARTESIAN_POINT('',(113.543837598374,25.,-118.772212938303));
#7737=CARTESIAN_POINT('Ctrl Pts',(109.891093401221,25.,-46.6998538176124));
#7738=CARTESIAN_POINT('Ctrl Pts',(110.062021247591,25.,-57.7914451378719));
#7739=CARTESIAN_POINT('Ctrl Pts',(110.395424869338,25.,-70.3073594663233));
#7740=CARTESIAN_POINT('Ctrl Pts',(111.768125310563,25.,-93.8535783053769));
#7741=CARTESIAN_POINT('Ctrl Pts',(112.541128744882,25.,-104.075776921282));
#7742=CARTESIAN_POINT('Ctrl Pts',(113.338835091633,25.,-115.696869916812));
#7743=CARTESIAN_POINT('Ctrl Pts',(113.443732810574,25.,-117.251628035341));
#7744=CARTESIAN_POINT('Ctrl Pts',(113.543837598375,25.,-118.772212938309));
#7745=CARTESIAN_POINT('',(80.2504690427574,25.,-118.772212938382));
#7746=CARTESIAN_POINT('',(69.0622113838686,25.,-118.772212938409));
#7747=CARTESIAN_POINT('',(80.2504690427574,25.,-167.50067924425));
#7748=CARTESIAN_POINT('',(80.2504690427574,25.,-120.772212938382));
#7749=CARTESIAN_POINT('',(113.663584330986,25.,-167.500679244272));
#7750=CARTESIAN_POINT('',(52.3504690427403,25.,-167.500679244232));
#7751=CARTESIAN_POINT('',(101.193476198464,25.,-190.309220394544));
#7752=CARTESIAN_POINT('Ctrl Pts',(113.663584330983,25.,-167.500679244292));
#7753=CARTESIAN_POINT('Ctrl Pts',(113.116239521274,25.,-170.697726432965));
#7754=CARTESIAN_POINT('Ctrl Pts',(112.346781463081,25.,-173.750285859966));
#7755=CARTESIAN_POINT('Ctrl Pts',(110.263238029642,25.,-179.304137327608));
#7756=CARTESIAN_POINT('Ctrl Pts',(108.955772896624,25.,-181.881212449907));
#7757=CARTESIAN_POINT('Ctrl Pts',(105.565051673062,25.,-186.584961773982));
#7758=CARTESIAN_POINT('Ctrl Pts',(103.549874753215,25.,-188.611762662399));
#7759=CARTESIAN_POINT('Ctrl Pts',(101.193476198464,25.,-190.309220394544));
#7760=CARTESIAN_POINT('',(-52.2925381129492,25.,-190.309220394544));
#7761=CARTESIAN_POINT('Ctrl Pts',(101.193476198464,25.,-190.309220394544));
#7762=CARTESIAN_POINT('Ctrl Pts',(98.1841927321003,25.,-192.476990985768));
#7763=CARTESIAN_POINT('Ctrl Pts',(94.6657385802886,25.,-194.072116601373));
#7764=CARTESIAN_POINT('Ctrl Pts',(84.2625907847249,25.,-197.614052490112));
#7765=CARTESIAN_POINT('Ctrl Pts',(76.3106625559874,25.,-198.779558840807));
#7766=CARTESIAN_POINT('Ctrl Pts',(62.0057480450646,25.,-199.977054393103));
#7767=CARTESIAN_POINT('Ctrl Pts',(55.1621048952223,25.,-200.078649995215));
#7768=CARTESIAN_POINT('Ctrl Pts',(45.5836162304007,25.,-200.098166391375));
#7769=CARTESIAN_POINT('Ctrl Pts',(39.4111731855092,25.,-200.074054260111));
#7770=CARTESIAN_POINT('Ctrl Pts',(25.4082875112934,25.,-199.994445337418));
#7771=CARTESIAN_POINT('Ctrl Pts',(24.5980829674057,25.,-199.983855494678));
#7772=CARTESIAN_POINT('Ctrl Pts',(10.8011640745039,25.,-200.068070472923));
#7773=CARTESIAN_POINT('Ctrl Pts',(7.0823344877802,25.,-200.080461159699));
#7774=CARTESIAN_POINT('Ctrl Pts',(-1.691901742191,25.,-200.098783623548));
#7775=CARTESIAN_POINT('Ctrl Pts',(-4.89609890670418,25.,-200.096250774764));
#7776=CARTESIAN_POINT('Ctrl Pts',(-16.9142406605449,25.,-199.752747207373));
#7777=CARTESIAN_POINT('Ctrl Pts',(-24.8595420345816,25.,-199.188239893584));
#7778=CARTESIAN_POINT('Ctrl Pts',(-35.9080576458703,25.,-197.136214899833));
#7779=CARTESIAN_POINT('Ctrl Pts',(-39.6497316673848,25.,-196.21581057424));
#7780=CARTESIAN_POINT('Ctrl Pts',(-46.3539104012517,25.,-193.798232499668));
#7781=CARTESIAN_POINT('Ctrl Pts',(-49.5344294869432,25.,-192.296054414565));
#7782=CARTESIAN_POINT('Ctrl Pts',(-52.2925381129493,25.,-190.309220394544));
#7783=CARTESIAN_POINT('',(-64.7626217720342,25.,-167.500679244251));
#7784=CARTESIAN_POINT('Ctrl Pts',(-52.2925381129493,25.,-190.309220394544));
#7785=CARTESIAN_POINT('Ctrl Pts',(-55.0896988979088,25.,-188.294254720376));
#7786=CARTESIAN_POINT('Ctrl Pts',(-57.3901572057786,25.,-185.826742403573));
#7787=CARTESIAN_POINT('Ctrl Pts',(-61.3830636066731,25.,-179.592832403745));
#7788=CARTESIAN_POINT('Ctrl Pts',(-62.8185073839337,25.,-175.870547354027));
#7789=CARTESIAN_POINT('Ctrl Pts',(-64.178657727048,25.,-170.570923346798));
#7790=CARTESIAN_POINT('Ctrl Pts',(-64.4967034440775,25.,-169.053726989724));
#7791=CARTESIAN_POINT('Ctrl Pts',(-64.7626217720337,25.,-167.500679244254));
#7792=CARTESIAN_POINT('',(-31.3495309572426,25.,-167.50067924425));
#7793=CARTESIAN_POINT('',(-20.3118613022527,25.,-167.50067924425));
#7794=CARTESIAN_POINT('',(-31.3495309572426,25.,-118.772212938382));
#7795=CARTESIAN_POINT('',(-31.3495309572426,25.,-165.50067924425));
#7796=CARTESIAN_POINT('',(-64.6429393143032,25.,-118.772212938348));
#7797=CARTESIAN_POINT('',(-3.44953095724158,25.,-118.77221293841));
#7798=CARTESIAN_POINT('',(-60.9898807681832,25.,-46.6998538176122));
#7799=CARTESIAN_POINT('Ctrl Pts',(-64.6429393143032,25.,-118.772212938348));
#7800=CARTESIAN_POINT('Ctrl Pts',(-64.1753623009594,25.,-111.665965834404));
#7801=CARTESIAN_POINT('Ctrl Pts',(-63.6485126241675,25.,-104.490272441136));
#7802=CARTESIAN_POINT('Ctrl Pts',(-61.7442751838232,25.,-76.9480586948633));
#7803=CARTESIAN_POINT('Ctrl Pts',(-61.2564002368396,25.,-64.3007558314102));
#7804=CARTESIAN_POINT('Ctrl Pts',(-60.9898807681832,25.,-46.6998538176123));
#7805=CARTESIAN_POINT('',(-18.2551735875378,25.,-46.6998538176123));
#7806=CARTESIAN_POINT('',(25.9505071407928,25.,-172.630306821243));
#7807=CARTESIAN_POINT('',(-21.7596523983467,24.9999999999998,-143.099501260049));
#7808=CARTESIAN_POINT('Origin',(-23.7596523983466,25.0000000000001,-143.099501260049));
#7809=CARTESIAN_POINT('',(74.7570004516839,24.9999999999997,-143.099501260049));
#7810=CARTESIAN_POINT('Origin',(72.7570004516839,25.,-143.099501260049));
#7811=CARTESIAN_POINT('Origin',(-60.9608162178294,22.,-46.6998538176123));
#7812=CARTESIAN_POINT('Ctrl Pts',(109.891093401221,22.,-46.6998538176124));
#7813=CARTESIAN_POINT('Ctrl Pts',(109.891093401221,22.5,-46.6998538176124));
#7814=CARTESIAN_POINT('Ctrl Pts',(109.891093401221,23.,-46.6998538176124));
#7815=CARTESIAN_POINT('Ctrl Pts',(109.891093401221,24.,-46.6998538176124));
#7816=CARTESIAN_POINT('Ctrl Pts',(109.891093401221,24.5,-46.6998538176124));
#7817=CARTESIAN_POINT('Ctrl Pts',(109.891093401221,25.,-46.6998538176124));
#7818=CARTESIAN_POINT('Origin',(113.673953724992,22.,-118.772212938303));
#7819=CARTESIAN_POINT('',(80.2504690427574,22.,-118.772212938382));
#7820=CARTESIAN_POINT('Ctrl Pts',(113.543837598374,25.,-118.772212938303));
#7821=CARTESIAN_POINT('Ctrl Pts',(113.543837598374,24.5,-118.772212938303));
#7822=CARTESIAN_POINT('Ctrl Pts',(113.543837598374,24.,-118.772212938303));
#7823=CARTESIAN_POINT('Ctrl Pts',(113.543837598374,23.,-118.772212938303));
#7824=CARTESIAN_POINT('Ctrl Pts',(113.543837598374,22.5,-118.772212938303));
#7825=CARTESIAN_POINT('Ctrl Pts',(113.543837598374,22.,-118.772212938303));
#7826=CARTESIAN_POINT('Origin',(80.2504690427574,22.,-120.772212938382));
#7827=CARTESIAN_POINT('',(80.2504690427574,22.,-167.50067924425));
#7828=CARTESIAN_POINT('Origin',(80.2504690427561,22.,-167.50067924425));
#7829=CARTESIAN_POINT('Ctrl Pts',(113.663584330986,22.,-167.500679244272));
#7830=CARTESIAN_POINT('Ctrl Pts',(113.663584330986,22.5,-167.500679244272));
#7831=CARTESIAN_POINT('Ctrl Pts',(113.663584330986,23.,-167.500679244272));
#7832=CARTESIAN_POINT('Ctrl Pts',(113.663584330986,24.,-167.500679244272));
#7833=CARTESIAN_POINT('Ctrl Pts',(113.663584330986,24.5,-167.500679244272));
#7834=CARTESIAN_POINT('Ctrl Pts',(113.663584330986,25.,-167.500679244272));
#7835=CARTESIAN_POINT('Ctrl Pts',(113.975129732767,22.,-165.500679244272));
#7836=CARTESIAN_POINT('Ctrl Pts',(113.975129732767,25.,-165.500679244272));
#7837=CARTESIAN_POINT('Ctrl Pts',(113.421534055127,22.,-169.427239822275));
#7838=CARTESIAN_POINT('Ctrl Pts',(113.421534055127,25.,-169.427239822275));
#7839=CARTESIAN_POINT('Ctrl Pts',(112.567381511615,22.,-173.162258807758));
#7840=CARTESIAN_POINT('Ctrl Pts',(112.567381511615,25.,-173.162258807758));
#7841=CARTESIAN_POINT('Ctrl Pts',(110.263238029642,22.,-179.304137327608));
#7842=CARTESIAN_POINT('Ctrl Pts',(110.263238029642,25.,-179.304137327608));
#7843=CARTESIAN_POINT('Ctrl Pts',(108.955772896624,22.,-181.881212449907));
#7844=CARTESIAN_POINT('Ctrl Pts',(108.955772896624,25.,-181.881212449907));
#7845=CARTESIAN_POINT('Ctrl Pts',(105.565051673062,22.,-186.584961773982));
#7846=CARTESIAN_POINT('Ctrl Pts',(105.565051673062,25.,-186.584961773982));
#7847=CARTESIAN_POINT('Ctrl Pts',(103.549874753215,22.,-188.611762662399));
#7848=CARTESIAN_POINT('Ctrl Pts',(103.549874753215,25.,-188.611762662399));
#7849=CARTESIAN_POINT('Ctrl Pts',(101.193476198464,22.,-190.309220394544));
#7850=CARTESIAN_POINT('Ctrl Pts',(101.193476198464,25.,-190.309220394544));
#7851=CARTESIAN_POINT('',(101.193476198464,22.,-190.309220394544));
#7852=CARTESIAN_POINT('Ctrl Pts',(101.193476198464,22.,-190.309220394544));
#7853=CARTESIAN_POINT('Ctrl Pts',(101.193476198464,25.,-190.309220394544));
#7854=CARTESIAN_POINT('Ctrl Pts',(98.1841927321003,22.,-192.476990985768));
#7855=CARTESIAN_POINT('Ctrl Pts',(98.1841927321003,25.,-192.476990985768));
#7856=CARTESIAN_POINT('Ctrl Pts',(94.6657385802886,22.,-194.072116601373));
#7857=CARTESIAN_POINT('Ctrl Pts',(94.6657385802886,25.,-194.072116601373));
#7858=CARTESIAN_POINT('Ctrl Pts',(84.2625907847249,22.,-197.614052490112));
#7859=CARTESIAN_POINT('Ctrl Pts',(84.2625907847249,25.,-197.614052490112));
#7860=CARTESIAN_POINT('Ctrl Pts',(76.3106625559874,22.,-198.779558840807));
#7861=CARTESIAN_POINT('Ctrl Pts',(76.3106625559874,25.,-198.779558840807));
#7862=CARTESIAN_POINT('Ctrl Pts',(62.0057480450646,22.,-199.977054393103));
#7863=CARTESIAN_POINT('Ctrl Pts',(62.0057480450646,25.,-199.977054393103));
#7864=CARTESIAN_POINT('Ctrl Pts',(55.1621048952223,22.,-200.078649995215));
#7865=CARTESIAN_POINT('Ctrl Pts',(55.1621048952223,25.,-200.078649995215));
#7866=CARTESIAN_POINT('Ctrl Pts',(45.5836162304007,22.,-200.098166391375));
#7867=CARTESIAN_POINT('Ctrl Pts',(45.5836162304007,25.,-200.098166391375));
#7868=CARTESIAN_POINT('Ctrl Pts',(39.4111731855092,22.,-200.074054260111));
#7869=CARTESIAN_POINT('Ctrl Pts',(39.4111731855092,25.,-200.074054260111));
#7870=CARTESIAN_POINT('Ctrl Pts',(25.4082875112934,22.,-199.994445337418));
#7871=CARTESIAN_POINT('Ctrl Pts',(25.4082875112934,25.,-199.994445337418));
#7872=CARTESIAN_POINT('Ctrl Pts',(24.5980829674057,22.,-199.983855494678));
#7873=CARTESIAN_POINT('Ctrl Pts',(24.5980829674057,25.,-199.983855494678));
#7874=CARTESIAN_POINT('Ctrl Pts',(10.8011640745039,22.,-200.068070472923));
#7875=CARTESIAN_POINT('Ctrl Pts',(10.8011640745039,25.,-200.068070472923));
#7876=CARTESIAN_POINT('Ctrl Pts',(7.0823344877802,22.,-200.080461159699));
#7877=CARTESIAN_POINT('Ctrl Pts',(7.0823344877802,25.,-200.080461159699));
#7878=CARTESIAN_POINT('Ctrl Pts',(-1.691901742191,22.,-200.098783623548));
#7879=CARTESIAN_POINT('Ctrl Pts',(-1.691901742191,25.,-200.098783623548));
#7880=CARTESIAN_POINT('Ctrl Pts',(-4.89609890670418,22.,-200.096250774764));
#7881=CARTESIAN_POINT('Ctrl Pts',(-4.89609890670418,25.,-200.096250774764));
#7882=CARTESIAN_POINT('Ctrl Pts',(-16.9142406605449,22.,-199.752747207373));
#7883=CARTESIAN_POINT('Ctrl Pts',(-16.9142406605449,25.,-199.752747207373));
#7884=CARTESIAN_POINT('Ctrl Pts',(-24.8595420345816,22.,-199.188239893584));
#7885=CARTESIAN_POINT('Ctrl Pts',(-24.8595420345816,25.,-199.188239893584));
#7886=CARTESIAN_POINT('Ctrl Pts',(-35.9080576458703,22.,-197.136214899833));
#7887=CARTESIAN_POINT('Ctrl Pts',(-35.9080576458703,25.,-197.136214899833));
#7888=CARTESIAN_POINT('Ctrl Pts',(-39.6497316673848,22.,-196.21581057424));
#7889=CARTESIAN_POINT('Ctrl Pts',(-39.6497316673848,25.,-196.21581057424));
#7890=CARTESIAN_POINT('Ctrl Pts',(-46.3539104012517,22.,-193.798232499668));
#7891=CARTESIAN_POINT('Ctrl Pts',(-46.3539104012517,25.,-193.798232499668));
#7892=CARTESIAN_POINT('Ctrl Pts',(-49.5344294869432,22.,-192.296054414565));
#7893=CARTESIAN_POINT('Ctrl Pts',(-49.5344294869432,25.,-192.296054414565));
#7894=CARTESIAN_POINT('Ctrl Pts',(-52.2925381129493,22.,-190.309220394544));
#7895=CARTESIAN_POINT('Ctrl Pts',(-52.2925381129493,25.,-190.309220394544));
#7896=CARTESIAN_POINT('',(-52.2925381129493,22.,-190.309220394544));
#7897=CARTESIAN_POINT('Ctrl Pts',(-52.2925381129493,22.,-190.309220394544));
#7898=CARTESIAN_POINT('Ctrl Pts',(-52.2925381129493,25.,-190.309220394544));
#7899=CARTESIAN_POINT('Ctrl Pts',(-55.0896988979088,22.,-188.294254720376));
#7900=CARTESIAN_POINT('Ctrl Pts',(-55.0896988979088,25.,-188.294254720376));
#7901=CARTESIAN_POINT('Ctrl Pts',(-57.3901572057786,22.,-185.826742403573));
#7902=CARTESIAN_POINT('Ctrl Pts',(-57.3901572057786,25.,-185.826742403573));
#7903=CARTESIAN_POINT('Ctrl Pts',(-61.3830636066731,22.,-179.592832403745));
#7904=CARTESIAN_POINT('Ctrl Pts',(-61.3830636066731,25.,-179.592832403745));
#7905=CARTESIAN_POINT('Ctrl Pts',(-62.8185073839337,22.,-175.870547354027));
#7906=CARTESIAN_POINT('Ctrl Pts',(-62.8185073839337,25.,-175.870547354027));
#7907=CARTESIAN_POINT('Ctrl Pts',(-64.3395780089768,22.,-169.943921343911));
#7908=CARTESIAN_POINT('Ctrl Pts',(-64.3395780089768,25.,-169.943921343911));
#7909=CARTESIAN_POINT('Ctrl Pts',(-64.7562481669693,22.,-167.755798614158));
#7910=CARTESIAN_POINT('Ctrl Pts',(-64.7562481669693,25.,-167.755798614158));
#7911=CARTESIAN_POINT('Ctrl Pts',(-65.0741916472594,22.,-165.500679244251));
#7912=CARTESIAN_POINT('Ctrl Pts',(-65.0741916472594,25.,-165.500679244251));
#7913=CARTESIAN_POINT('Ctrl Pts',(-64.7626217720342,25.,-167.500679244251));
#7914=CARTESIAN_POINT('Ctrl Pts',(-64.7626217720342,24.5,-167.500679244251));
#7915=CARTESIAN_POINT('Ctrl Pts',(-64.7626217720342,24.,-167.500679244251));
#7916=CARTESIAN_POINT('Ctrl Pts',(-64.7626217720342,23.,-167.500679244251));
#7917=CARTESIAN_POINT('Ctrl Pts',(-64.7626217720342,22.5,-167.500679244251));
#7918=CARTESIAN_POINT('Ctrl Pts',(-64.7626217720342,22.,-167.500679244251));
#7919=CARTESIAN_POINT('Origin',(-65.0741916472594,22.,-167.500679244251));
#7920=CARTESIAN_POINT('',(-31.3495309572426,22.,-167.50067924425));
#7921=CARTESIAN_POINT('Origin',(-31.3495309572426,22.,-165.50067924425));
#7922=CARTESIAN_POINT('',(-31.3495309572426,22.,-118.772212938382));
#7923=CARTESIAN_POINT('Origin',(-31.3495309572405,22.,-118.772212938382));
#7924=CARTESIAN_POINT('Ctrl Pts',(-64.6429393143032,22.,-118.772212938348));
#7925=CARTESIAN_POINT('Ctrl Pts',(-64.6429393143032,22.5,-118.772212938348));
#7926=CARTESIAN_POINT('Ctrl Pts',(-64.6429393143032,23.,-118.772212938348));
#7927=CARTESIAN_POINT('Ctrl Pts',(-64.6429393143032,24.,-118.772212938348));
#7928=CARTESIAN_POINT('Ctrl Pts',(-64.6429393143032,24.5,-118.772212938348));
#7929=CARTESIAN_POINT('Ctrl Pts',(-64.6429393143032,25.,-118.772212938348));
#7930=CARTESIAN_POINT('Ctrl Pts',(-64.7730156394961,22.,-120.772212938348));
#7931=CARTESIAN_POINT('Ctrl Pts',(-64.7730156394961,25.,-120.772212938348));
#7932=CARTESIAN_POINT('Ctrl Pts',(-64.2748835125119,22.,-113.017993538159));
#7933=CARTESIAN_POINT('Ctrl Pts',(-64.2748835125119,25.,-113.017993538159));
#7934=CARTESIAN_POINT('Ctrl Pts',(-63.6920704337277,22.,-105.120277122174));
#7935=CARTESIAN_POINT('Ctrl Pts',(-63.6920704337277,25.,-105.120277122174));
#7936=CARTESIAN_POINT('Ctrl Pts',(-61.6903028037494,22.,-76.1674213662964));
#7937=CARTESIAN_POINT('Ctrl Pts',(-61.6903028037494,25.,-76.1674213662964));
#7938=CARTESIAN_POINT('Ctrl Pts',(-61.2211775576032,22.,-63.3644951786808));
#7939=CARTESIAN_POINT('Ctrl Pts',(-61.2211775576032,25.,-63.3644951786808));
#7940=CARTESIAN_POINT('Ctrl Pts',(-60.9608162178294,22.,-44.6998538176123));
#7941=CARTESIAN_POINT('Ctrl Pts',(-60.9608162178294,25.,-44.6998538176123));
#7942=CARTESIAN_POINT('Ctrl Pts',(-60.9898807681831,25.,-46.6998538176123));
#7943=CARTESIAN_POINT('Ctrl Pts',(-60.9898807681831,24.5,-46.6998538176123));
#7944=CARTESIAN_POINT('Ctrl Pts',(-60.9898807681831,24.,-46.6998538176123));
#7945=CARTESIAN_POINT('Ctrl Pts',(-60.9898807681831,23.,-46.6998538176123));
#7946=CARTESIAN_POINT('Ctrl Pts',(-60.9898807681831,22.5,-46.6998538176123));
#7947=CARTESIAN_POINT('Ctrl Pts',(-60.9898807681831,22.,-46.6998538176123));
#7948=CARTESIAN_POINT('Ctrl Pts',(109.861754307825,22.,-44.6998538176124));
#7949=CARTESIAN_POINT('Ctrl Pts',(109.861754307825,25.,-44.6998538176124));
#7950=CARTESIAN_POINT('Ctrl Pts',(110.023265604153,22.,-56.2781873149628));
#7951=CARTESIAN_POINT('Ctrl Pts',(110.023265604153,25.,-56.2781873149628));
#7952=CARTESIAN_POINT('Ctrl Pts',(110.348156779789,22.,-69.4965600033073));
#7953=CARTESIAN_POINT('Ctrl Pts',(110.348156779789,25.,-69.4965600033073));
#7954=CARTESIAN_POINT('Ctrl Pts',(111.768125310563,22.,-93.8535783053769));
#7955=CARTESIAN_POINT('Ctrl Pts',(111.768125310563,25.,-93.8535783053769));
#7956=CARTESIAN_POINT('Ctrl Pts',(112.541128744882,22.,-104.075776921282));
#7957=CARTESIAN_POINT('Ctrl Pts',(112.541128744882,25.,-104.075776921282));
#7958=CARTESIAN_POINT('Ctrl Pts',(113.387145116924,22.,-116.400656841431));
#7959=CARTESIAN_POINT('Ctrl Pts',(113.387145116924,25.,-116.400656841431));
#7960=CARTESIAN_POINT('Ctrl Pts',(113.535813098899,22.,-118.621834223863));
#7961=CARTESIAN_POINT('Ctrl Pts',(113.535813098899,25.,-118.621834223863));
#7962=CARTESIAN_POINT('Ctrl Pts',(113.673953724997,22.,-120.772212938303));
#7963=CARTESIAN_POINT('Ctrl Pts',(113.673953724997,25.,-120.772212938303));
#7964=CARTESIAN_POINT('Origin',(-23.7596523983466,24.9999999999998,-143.099501260049));
#7965=CARTESIAN_POINT('',(-21.7596523983467,24.9999999999998,-143.099501260049));
#7966=CARTESIAN_POINT('Origin',(72.7570004516839,24.9999999999997,-143.099501260049));
#7967=CARTESIAN_POINT('',(74.7570004516839,24.9999999999997,-143.099501260049));
#7968=CARTESIAN_POINT('Origin',(-60.9608162178294,22.,-46.6998538176123));
#7969=CARTESIAN_POINT('Origin',(21.450545238832,24.9999999999999,-172.630306821243));
#7970=CARTESIAN_POINT('Origin',(51.3541600724866,40.0000005986479,-189.000002851489));
#7971=CARTESIAN_POINT('',(39.9353187440962,40.0000005986479,-187.000002821687));
#7972=CARTESIAN_POINT('Origin',(39.9353187440962,40.0000005986479,-189.000002851489));
#7973=CARTESIAN_POINT('',(32.5164774157054,40.0000005986479,-187.000002821687));
#7974=CARTESIAN_POINT('',(51.3541600724866,40.0000005986479,-187.000002821687));
#7975=CARTESIAN_POINT('Origin',(32.5164774157054,40.0000005986479,-189.000002851489));
#7976=CARTESIAN_POINT('Origin',(51.3541600724866,40.0000005986479,-189.000002851489));
#7977=CARTESIAN_POINT('',(51.3541600724866,40.000000598648,-187.000002821687));
#7978=CARTESIAN_POINT('Origin',(51.3541600724869,40.0000005986479,-189.000002851489));
#7979=CARTESIAN_POINT('',(43.9353187440962,40.0000005986479,-187.000002821687));
#7980=CARTESIAN_POINT('',(51.3541600724866,40.0000005986479,-187.000002821687));
#7981=CARTESIAN_POINT('Origin',(43.9353187440962,40.0000005986479,-189.000002851489));
#7982=CARTESIAN_POINT('Origin',(49.4994497403893,36.9999999999996,-190.597231147806));
#7983=CARTESIAN_POINT('',(51.354160072487,44.9999999999996,-190.597231147806));
#7984=CARTESIAN_POINT('',(51.354160072487,36.9999999999996,-198.597231147806));
#7985=CARTESIAN_POINT('Origin',(51.354160072487,36.9999999999996,-190.597231147806));
#7986=CARTESIAN_POINT('',(43.9353187440962,36.9999999999996,-198.597231147806));
#7987=CARTESIAN_POINT('',(49.4994497403893,36.9999999999996,-198.597231147806));
#7988=CARTESIAN_POINT('',(43.9353187440962,44.9999999999996,-190.597231147806));
#7989=CARTESIAN_POINT('Origin',(43.9353187440962,36.9999999999996,-190.597231147806));
#7990=CARTESIAN_POINT('',(49.4994497403893,44.9999999999996,-190.597231147806));
#7991=CARTESIAN_POINT('Origin',(47.6447394082916,44.9999999999996,-188.97592130005));
#7992=CARTESIAN_POINT('',(43.9353187440962,44.9999999999996,-187.354611452293));
#7993=CARTESIAN_POINT('',(43.9353187440962,44.9999999999996,-193.786576223928));
#7994=CARTESIAN_POINT('',(51.354160072487,44.9999999999996,-187.354611452293));
#7995=CARTESIAN_POINT('',(45.7900290761939,44.9999999999996,-187.354611452293));
#7996=CARTESIAN_POINT('',(51.354160072487,44.9999999999996,-184.165266376171));
#7997=CARTESIAN_POINT('Origin',(43.9353187440962,24.9999999999996,-198.597231147806));
#7998=CARTESIAN_POINT('',(43.9353187440962,28.2663583403313,-198.597231147806));
#7999=CARTESIAN_POINT('',(43.9353187440962,24.9999999999996,-198.597231147806));
#8000=CARTESIAN_POINT('',(43.9353187440962,28.2663583403314,-179.354611452293));
#8001=CARTESIAN_POINT('',(43.9353187440962,28.2663583403313,-198.597231147806));
#8002=CARTESIAN_POINT('',(43.9353187440962,36.9999999999996,-179.354611452293));
#8003=CARTESIAN_POINT('',(43.9353187440962,24.9999999999996,-179.354611452293));
#8004=CARTESIAN_POINT('Origin',(43.9353187440962,36.9999999999996,-187.354611452293));
#8005=CARTESIAN_POINT('Origin',(45.7900290761939,36.9999999999996,-187.354611452293));
#8006=CARTESIAN_POINT('',(51.354160072487,36.9999999999996,-179.354611452293));
#8007=CARTESIAN_POINT('Origin',(51.354160072487,36.9999999999996,-187.354611452293));
#8008=CARTESIAN_POINT('',(45.7900290761939,36.9999999999996,-179.354611452293));
#8009=CARTESIAN_POINT('Origin',(40.0806084119985,36.9999999999996,-187.354611452293));
#8010=CARTESIAN_POINT('',(32.5164774157055,44.9999999999996,-187.354611452293));
#8011=CARTESIAN_POINT('',(32.5164774157054,36.9999999999997,-179.354611452293));
#8012=CARTESIAN_POINT('Origin',(32.5164774157054,36.9999999999997,-187.354611452293));
#8013=CARTESIAN_POINT('',(39.9353187440962,36.9999999999997,-179.354611452293));
#8014=CARTESIAN_POINT('',(40.0806084119985,36.9999999999997,-179.354611452293));
#8015=CARTESIAN_POINT('',(39.9353187440962,44.9999999999996,-187.354611452293));
#8016=CARTESIAN_POINT('Origin',(39.9353187440962,36.9999999999996,-187.354611452293));
#8017=CARTESIAN_POINT('',(40.0806084119985,44.9999999999996,-187.354611452293));
#8018=CARTESIAN_POINT('Origin',(36.2258980799008,44.9999999999996,-188.97592130005));
#8019=CARTESIAN_POINT('',(39.9353187440962,44.9999999999996,-190.597231147806));
#8020=CARTESIAN_POINT('',(39.9353187440962,44.9999999999996,-184.165266376171));
#8021=CARTESIAN_POINT('',(32.5164774157055,44.9999999999996,-190.597231147806));
#8022=CARTESIAN_POINT('',(43.7900290761939,44.9999999999996,-190.597231147806));
#8023=CARTESIAN_POINT('',(32.5164774157055,44.9999999999996,-193.786576223928));
#8024=CARTESIAN_POINT('Origin',(39.9353187440962,24.9999999999996,-179.354611452293));
#8025=CARTESIAN_POINT('',(39.9353187440962,28.2663583403313,-179.354611452293));
#8026=CARTESIAN_POINT('',(39.9353187440962,24.9999999999996,-179.354611452293));
#8027=CARTESIAN_POINT('',(39.9353187440962,28.2663583403313,-198.597231147806));
#8028=CARTESIAN_POINT('',(39.9353187440962,28.2663583403313,-188.97592130005));
#8029=CARTESIAN_POINT('',(39.9353187440962,36.9999999999996,-198.597231147806));
#8030=CARTESIAN_POINT('',(39.9353187440962,24.9999999999996,-198.597231147806));
#8031=CARTESIAN_POINT('Origin',(39.9353187440962,36.9999999999996,-190.597231147806));
#8032=CARTESIAN_POINT('Origin',(43.7900290761939,36.9999999999996,-190.597231147806));
#8033=CARTESIAN_POINT('',(32.5164774157054,36.9999999999996,-198.597231147806));
#8034=CARTESIAN_POINT('Origin',(32.5164774157054,36.9999999999997,-190.597231147806));
#8035=CARTESIAN_POINT('',(43.7900290761939,36.9999999999996,-198.597231147806));
#8036=CARTESIAN_POINT('Origin',(51.354160072487,24.9999999999996,-179.354611452293));
#8037=CARTESIAN_POINT('',(51.354160072487,24.9999999999996,-179.354611452293));
#8038=CARTESIAN_POINT('',(51.354160072487,24.9999999999996,-179.354611452293));
#8039=CARTESIAN_POINT('',(51.354160072487,24.9999999999996,-198.597231147806));
#8040=CARTESIAN_POINT('',(51.354160072487,25.,-150.876965086437));
#8041=CARTESIAN_POINT('',(51.354160072487,24.9999999999996,-198.597231147806));
#8042=CARTESIAN_POINT('Origin',(43.9353187440962,24.9999999999996,-179.354611452293));
#8043=CARTESIAN_POINT('',(32.5164774157051,28.2663583403313,-179.354611452293));
#8044=CARTESIAN_POINT('',(32.5164774157054,24.9999999999996,-179.354611452293));
#8045=CARTESIAN_POINT('',(32.5164774157054,24.9999999999996,-179.354611452293));
#8046=CARTESIAN_POINT('',(28.4834732292295,25.,-179.354611452293));
#8047=CARTESIAN_POINT('Origin',(24.450481279476,25.,-123.39931872058));
#8048=CARTESIAN_POINT('',(32.5164774157054,24.9999999999996,-198.597231147806));
#8049=CARTESIAN_POINT('',(37.9023145576203,25.,-198.597231147806));
#8050=CARTESIAN_POINT('',(32.5164774157054,25.,-160.498274934193));
#8051=CARTESIAN_POINT('Origin',(32.5164774157051,28.2663583403313,-198.597231147806));
#8052=CARTESIAN_POINT('',(32.5164774157051,28.2663583403313,-198.597231147806));
#8053=CARTESIAN_POINT('Origin',(51.354160072487,24.9999999999996,-198.597231147806));
#8054=CARTESIAN_POINT('',(32.5164774157054,24.9999999999996,-198.597231147806));
#8055=CARTESIAN_POINT('Origin',(32.5164774157054,24.9999999999996,-198.597231147806));
#8056=CARTESIAN_POINT('Origin',(51.3541600724866,40.0000005986479,-189.000002851489));
#8057=CARTESIAN_POINT('',(4.96577173356782,40.0000005986479,-187.000002821687));
#8058=CARTESIAN_POINT('Origin',(4.96577173356782,40.0000005986479,-189.000002851489));
#8059=CARTESIAN_POINT('',(-2.45306959482299,40.0000005986479,-187.000002821687));
#8060=CARTESIAN_POINT('',(51.3541600724866,40.0000005986479,-187.000002821687));
#8061=CARTESIAN_POINT('Origin',(-2.45306959482299,40.0000005986479,-189.000002851489));
#8062=CARTESIAN_POINT('Origin',(51.3541600724866,40.0000005986479,-189.000002851489));
#8063=CARTESIAN_POINT('',(16.3846130619586,40.0000005986479,-187.000002821687));
#8064=CARTESIAN_POINT('Origin',(16.3846130619586,40.0000005986479,-189.000002851489));
#8065=CARTESIAN_POINT('',(8.96577173356778,40.0000005986479,-187.000002821687));
#8066=CARTESIAN_POINT('',(51.3541600724866,40.0000005986479,-187.000002821687));
#8067=CARTESIAN_POINT('Origin',(8.96577173356778,40.0000005986479,-189.000002851489));
#8068=CARTESIAN_POINT('Origin',(-0.598359262725249,36.9999999999997,-190.597231147806));
#8069=CARTESIAN_POINT('',(-2.45306959482294,36.9999999999997,-198.597231147806));
#8070=CARTESIAN_POINT('',(-2.45306959482294,44.9999999999997,-190.597231147806));
#8071=CARTESIAN_POINT('Origin',(-2.45306959482294,36.9999999999997,-190.597231147806));
#8072=CARTESIAN_POINT('',(4.96577173356784,44.9999999999997,-190.597231147806));
#8073=CARTESIAN_POINT('',(-0.59835926272524,44.9999999999997,-190.597231147806));
#8074=CARTESIAN_POINT('',(4.96577173356783,36.9999999999997,-198.597231147806));
#8075=CARTESIAN_POINT('Origin',(4.96577173356783,36.9999999999997,-190.597231147806));
#8076=CARTESIAN_POINT('',(-0.598359262725249,36.9999999999997,-198.597231147806));
#8077=CARTESIAN_POINT('Origin',(1.25635106937245,44.9999999999997,-188.97592130005));
#8078=CARTESIAN_POINT('',(-2.45306959482294,44.9999999999997,-187.354611452293));
#8079=CARTESIAN_POINT('',(-2.45306959482294,44.9999999999997,-184.165266376171));
#8080=CARTESIAN_POINT('',(4.96577173356784,44.9999999999997,-187.354611452293));
#8081=CARTESIAN_POINT('',(3.11106140147015,44.9999999999997,-187.354611452293));
#8082=CARTESIAN_POINT('',(4.96577173356784,44.9999999999997,-193.786576223928));
#8083=CARTESIAN_POINT('Origin',(-2.45306959482296,24.9999999999997,-179.354611452293));
#8084=CARTESIAN_POINT('',(-2.45306959482296,24.9999999999997,-198.597231147806));
#8085=CARTESIAN_POINT('',(-2.45306959482296,24.9999999999997,-198.597231147806));
#8086=CARTESIAN_POINT('',(-2.45306959482296,24.9999999999997,-179.354611452293));
#8087=CARTESIAN_POINT('',(-2.45306959482296,25.0000000000001,-150.876965086437));
#8088=CARTESIAN_POINT('',(-2.45306959482294,36.9999999999997,-179.354611452293));
#8089=CARTESIAN_POINT('',(-2.45306959482296,24.9999999999997,-179.354611452293));
#8090=CARTESIAN_POINT('Origin',(-2.45306959482294,36.9999999999997,-187.354611452293));
#8091=CARTESIAN_POINT('Origin',(3.11106140147014,36.9999999999997,-187.354611452293));
#8092=CARTESIAN_POINT('',(4.96577173356783,36.9999999999997,-179.354611452293));
#8093=CARTESIAN_POINT('',(3.11106140147014,36.9999999999997,-179.354611452293));
#8094=CARTESIAN_POINT('Origin',(4.96577173356783,36.9999999999997,-187.354611452293));
#8095=CARTESIAN_POINT('Origin',(8.82048206566552,36.9999999999997,-187.354611452293));
#8096=CARTESIAN_POINT('',(16.3846130619586,36.9999999999997,-179.354611452293));
#8097=CARTESIAN_POINT('',(16.3846130619586,44.9999999999997,-187.354611452293));
#8098=CARTESIAN_POINT('Origin',(16.3846130619586,36.9999999999997,-187.354611452293));
#8099=CARTESIAN_POINT('',(8.96577173356783,44.9999999999997,-187.354611452293));
#8100=CARTESIAN_POINT('',(8.82048206566553,44.9999999999997,-187.354611452293));
#8101=CARTESIAN_POINT('',(8.96577173356783,36.9999999999997,-179.354611452293));
#8102=CARTESIAN_POINT('Origin',(8.96577173356783,36.9999999999997,-187.354611452293));
#8103=CARTESIAN_POINT('',(8.82048206566552,36.9999999999997,-179.354611452293));
#8104=CARTESIAN_POINT('Origin',(8.96577173356782,24.9999999999997,-179.354611452293));
#8105=CARTESIAN_POINT('',(8.96577173356783,44.9999999999996,-198.597231147806));
#8106=CARTESIAN_POINT('',(8.96577173356783,44.9999999999997,-184.165266376171));
#8107=CARTESIAN_POINT('',(8.96577173356782,28.2663583403313,-198.597231147806));
#8108=CARTESIAN_POINT('',(8.96577173356782,24.9999999999996,-198.597231147806));
#8109=CARTESIAN_POINT('',(8.96577173356782,28.2663583403314,-179.354611452293));
#8110=CARTESIAN_POINT('',(8.96577173356782,28.2663583403314,-188.97592130005));
#8111=CARTESIAN_POINT('',(8.96577173356782,24.9999999999997,-179.354611452293));
#8112=CARTESIAN_POINT('Origin',(12.6751923977632,44.9999999999997,-188.97592130005));
#8113=CARTESIAN_POINT('',(16.3846130619586,44.9999999999996,-198.597231147806));
#8114=CARTESIAN_POINT('',(16.3846130619586,44.9999999999997,-193.786576223928));
#8115=CARTESIAN_POINT('',(5.11106140147014,44.9999999999997,-198.597231147806));
#8116=CARTESIAN_POINT('Origin',(4.96577173356782,24.9999999999996,-198.597231147806));
#8117=CARTESIAN_POINT('',(4.96577173356783,28.2663583403314,-179.354611452293));
#8118=CARTESIAN_POINT('',(4.96577173356782,24.9999999999997,-179.354611452293));
#8119=CARTESIAN_POINT('',(4.96577173356783,28.2663583403314,-198.597231147806));
#8120=CARTESIAN_POINT('',(4.96577173356783,28.2663583403314,-198.597231147806));
#8121=CARTESIAN_POINT('',(4.96577173356782,24.9999999999996,-198.597231147806));
#8122=CARTESIAN_POINT('Origin',(4.96577173356782,24.9999999999997,-179.354611452293));
#8123=CARTESIAN_POINT('',(16.3846130619586,24.9999999999997,-179.354611452293));
#8124=CARTESIAN_POINT('',(20.4176172484345,25.,-179.354611452293));
#8125=CARTESIAN_POINT('',(16.3846130619586,24.9999999999997,-179.354611452293));
#8126=CARTESIAN_POINT('',(16.3846130619589,28.2663583403314,-179.354611452293));
#8127=CARTESIAN_POINT('Origin',(24.450609198188,25.,-123.39931872058));
#8128=CARTESIAN_POINT('',(16.3846130619586,24.9999999999996,-198.597231147806));
#8129=CARTESIAN_POINT('',(10.9987759200437,25.,-198.597231147806));
#8130=CARTESIAN_POINT('',(16.3846130619586,25.,-160.498274934193));
#8131=CARTESIAN_POINT('Origin',(16.3846130619589,28.2663583403313,-198.597231147806));
#8132=CARTESIAN_POINT('',(16.3846130619589,28.2663583403313,-198.597231147806));
#8133=CARTESIAN_POINT('Origin',(-2.45306959482296,24.9999999999997,-198.597231147806));
#8134=CARTESIAN_POINT('',(16.3846130619586,24.9999999999996,-198.597231147806));
#8135=CARTESIAN_POINT('Origin',(16.3846130619586,24.9999999999996,-198.597231147806));
#8136=CARTESIAN_POINT('',(34.1246808028397,67.8648101288633,-121.663099456768));
#8137=CARTESIAN_POINT('',(-50.6928672893768,45.8469832657297,19.976691199074));
#8138=CARTESIAN_POINT('',(-19.9942259741676,113.090135946495,29.04713256404));
#8139=CARTESIAN_POINT('',(0.,0.,0.));
#8140=UNCERTAINTY_MEASURE_WITH_UNIT(LENGTH_MEASURE(0.01),#8152,
'DISTANCE_ACCURACY_VALUE',
'Maximum model space distance between geometric entities at asserted c
onnectivities');
#8141=UNCERTAINTY_MEASURE_WITH_UNIT(LENGTH_MEASURE(0.01),#8152,
'DISTANCE_ACCURACY_VALUE',
'Maximum model space distance between geometric entities at asserted c
onnectivities');
#8142=UNCERTAINTY_MEASURE_WITH_UNIT(LENGTH_MEASURE(0.01),#8152,
'DISTANCE_ACCURACY_VALUE',
'Maximum model space distance between geometric entities at asserted c
onnectivities');
#8143=UNCERTAINTY_MEASURE_WITH_UNIT(LENGTH_MEASURE(0.01),#8152,
'DISTANCE_ACCURACY_VALUE',
'Maximum model space distance between geometric entities at asserted c
onnectivities');
#8144=UNCERTAINTY_MEASURE_WITH_UNIT(LENGTH_MEASURE(0.01),#8152,
'DISTANCE_ACCURACY_VALUE',
'Maximum model space distance between geometric entities at asserted c
onnectivities');
#8145=UNCERTAINTY_MEASURE_WITH_UNIT(LENGTH_MEASURE(0.01),#8152,
'DISTANCE_ACCURACY_VALUE',
'Maximum model space distance between geometric entities at asserted c
onnectivities');
#8146=(
GEOMETRIC_REPRESENTATION_CONTEXT(3)
GLOBAL_UNCERTAINTY_ASSIGNED_CONTEXT((#8140))
GLOBAL_UNIT_ASSIGNED_CONTEXT((#8152,#8154,#8155))
REPRESENTATION_CONTEXT('','3D')
);
#8147=(
GEOMETRIC_REPRESENTATION_CONTEXT(3)
GLOBAL_UNCERTAINTY_ASSIGNED_CONTEXT((#8141))
GLOBAL_UNIT_ASSIGNED_CONTEXT((#8152,#8154,#8155))
REPRESENTATION_CONTEXT('','3D')
);
#8148=(
GEOMETRIC_REPRESENTATION_CONTEXT(3)
GLOBAL_UNCERTAINTY_ASSIGNED_CONTEXT((#8142))
GLOBAL_UNIT_ASSIGNED_CONTEXT((#8152,#8154,#8155))
REPRESENTATION_CONTEXT('','3D')
);
#8149=(
GEOMETRIC_REPRESENTATION_CONTEXT(3)
GLOBAL_UNCERTAINTY_ASSIGNED_CONTEXT((#8143))
GLOBAL_UNIT_ASSIGNED_CONTEXT((#8152,#8154,#8155))
REPRESENTATION_CONTEXT('','3D')
);
#8150=(
GEOMETRIC_REPRESENTATION_CONTEXT(3)
GLOBAL_UNCERTAINTY_ASSIGNED_CONTEXT((#8144))
GLOBAL_UNIT_ASSIGNED_CONTEXT((#8152,#8154,#8155))
REPRESENTATION_CONTEXT('','3D')
);
#8151=(
GEOMETRIC_REPRESENTATION_CONTEXT(3)
GLOBAL_UNCERTAINTY_ASSIGNED_CONTEXT((#8145))
GLOBAL_UNIT_ASSIGNED_CONTEXT((#8152,#8154,#8155))
REPRESENTATION_CONTEXT('','3D')
);
#8152=(
LENGTH_UNIT()
NAMED_UNIT(*)
SI_UNIT(.MILLI.,.METRE.)
);
#8153=(
LENGTH_UNIT()
NAMED_UNIT(*)
SI_UNIT($,.METRE.)
);
#8154=(
NAMED_UNIT(*)
PLANE_ANGLE_UNIT()
SI_UNIT($,.RADIAN.)
);
#8155=(
NAMED_UNIT(*)
SI_UNIT($,.STERADIAN.)
SOLID_ANGLE_UNIT()
);
#8156=SHAPE_DEFINITION_REPRESENTATION(#8161,#8170);
#8157=SHAPE_DEFINITION_REPRESENTATION(#8162,#8171);
#8158=SHAPE_DEFINITION_REPRESENTATION(#8163,#8172);
#8159=SHAPE_DEFINITION_REPRESENTATION(#8164,#8173);
#8160=SHAPE_DEFINITION_REPRESENTATION(#8165,#8174);
#8161=PRODUCT_DEFINITION_SHAPE('',$,#8176);
#8162=PRODUCT_DEFINITION_SHAPE('',$,#8177);
#8163=PRODUCT_DEFINITION_SHAPE('',$,#8178);
#8164=PRODUCT_DEFINITION_SHAPE('',$,#8179);
#8165=PRODUCT_DEFINITION_SHAPE('',$,#8180);
#8166=PRODUCT_DEFINITION_SHAPE($,$,#23);
#8167=PRODUCT_DEFINITION_SHAPE($,$,#24);
#8168=PRODUCT_DEFINITION_SHAPE($,$,#25);
#8169=PRODUCT_DEFINITION_SHAPE($,$,#26);
#8170=SHAPE_REPRESENTATION('',(#4892,#5253,#5254,#5255,#5256),#8146);
#8171=SHAPE_REPRESENTATION('',(#4893),#8147);
#8172=SHAPE_REPRESENTATION('',(#5050),#8148);
#8173=SHAPE_REPRESENTATION('',(#5132),#8149);
#8174=SHAPE_REPRESENTATION('',(#5149),#8150);
#8175=PRODUCT_DEFINITION_CONTEXT('part definition',#8192,'design');
#8176=PRODUCT_DEFINITION('dumper mechanics','dumper mechanics v5',#8181,
#8175);
#8177=PRODUCT_DEFINITION('damper umper_trolley v1',
'damper umper_trolley v1',#8182,#8175);
#8178=PRODUCT_DEFINITION('_slider v1','_slider v1',#8183,#8175);
#8179=PRODUCT_DEFINITION('connecting rod v1','connecting rod v1',#8184,
#8175);
#8180=PRODUCT_DEFINITION('bed v1','bed v1',#8185,#8175);
#8181=PRODUCT_DEFINITION_FORMATION('',$,#8194);
#8182=PRODUCT_DEFINITION_FORMATION('',$,#8195);
#8183=PRODUCT_DEFINITION_FORMATION('',$,#8196);
#8184=PRODUCT_DEFINITION_FORMATION('',$,#8197);
#8185=PRODUCT_DEFINITION_FORMATION('',$,#8198);
#8186=PRODUCT_RELATED_PRODUCT_CATEGORY('dumper mechanics v5',
'dumper mechanics v5',(#8194));
#8187=PRODUCT_RELATED_PRODUCT_CATEGORY('damper umper_trolley v1',
'damper umper_trolley v1',(#8195));
#8188=PRODUCT_RELATED_PRODUCT_CATEGORY('_slider v1','_slider v1',(#8196));
#8189=PRODUCT_RELATED_PRODUCT_CATEGORY('connecting rod v1',
'connecting rod v1',(#8197));
#8190=PRODUCT_RELATED_PRODUCT_CATEGORY('bed v1','bed v1',(#8198));
#8191=APPLICATION_PROTOCOL_DEFINITION('international standard',
'automotive_design',2009,#8192);
#8192=APPLICATION_CONTEXT(
'Core Data for Automotive Mechanical Design Process');
#8193=PRODUCT_CONTEXT('part definition',#8192,'mechanical');
#8194=PRODUCT('dumper mechanics','dumper mechanics v5',$,(#8193));
#8195=PRODUCT('damper umper_trolley v1','damper umper_trolley v1',$,(#8193));
#8196=PRODUCT('_slider v1','_slider v1',$,(#8193));
#8197=PRODUCT('connecting rod v1','connecting rod v1',$,(#8193));
#8198=PRODUCT('bed v1','bed v1',$,(#8193));
#8199=PRESENTATION_STYLE_ASSIGNMENT((#8200));
#8200=SURFACE_STYLE_USAGE(.BOTH.,#8201);
#8201=SURFACE_SIDE_STYLE('',(#8202));
#8202=SURFACE_STYLE_FILL_AREA(#8203);
#8203=FILL_AREA_STYLE('Steel - Satin',(#8204));
#8204=FILL_AREA_STYLE_COLOUR('Steel - Satin',#8205);
#8205=COLOUR_RGB('Steel - Satin',0.627450980392157,0.627450980392157,0.627450980392157);
ENDSEC;
END-ISO-10303-21;
