ISO-10303-21;
HEADER;
/* Generated by software containing ST-Developer
 * from STEP Tools, Inc. (www.steptools.com) 
 */

FILE_DESCRIPTION(
/* description */ (''),
/* implementation_level */ '2;1');

FILE_NAME(
/* name */ 'Chassis_V2 v0 v2.step',
/* time_stamp */ '2025-06-13T11:11:11+05:30',
/* author */ (''),
/* organization */ (''),
/* preprocessor_version */ 'ST-DEVELOPER v20.1',
/* originating_system */ 'Autodesk Translation Framework v14.10.0.0',
/* authorisation */ '');

FILE_SCHEMA (('AUTOMOTIVE_DESIGN { 1 0 10303 214 3 1 1 }'));
ENDSEC;

DATA;
#10=MECHANICAL_DESIGN_GEOMETRIC_PRESENTATION_REPRESENTATION('',(#17),#3369);
#11=ITEM_DEFINED_TRANSFORMATION($,$,#2049,#2240);
#12=(
REPRESENTATION_RELATIONSHIP($,$,#3380,#3379)
REPRESENTATION_RELATIONSHIP_WITH_TRANSFORMATION(#11)
SHAPE_REPRESENTATION_RELATIONSHIP()
);
#13=CONTEXT_DEPENDENT_SHAPE_REPRESENTATION(#12,#3378);
#14=NEXT_ASSEMBLY_USAGE_OCCURRENCE('chassie v1:1','chassie v1:1',
'chassie v1:1',#3382,#3383,'chassie v1:1');
#15=SHAPE_REPRESENTATION_RELATIONSHIP('SRR','None',#3380,#16);
#16=ADVANCED_BREP_SHAPE_REPRESENTATION('',(#18),#3368);
#17=STYLED_ITEM('',(#3395),#18);
#18=MANIFOLD_SOLID_BREP('Body2',#2035);
#19=CYLINDRICAL_SURFACE('',#2107,1.99999999999997);
#20=CYLINDRICAL_SURFACE('',#2109,1.99999999999997);
#21=CYLINDRICAL_SURFACE('',#2119,2.);
#22=CYLINDRICAL_SURFACE('',#2121,1.99999999999997);
#23=CYLINDRICAL_SURFACE('',#2123,2.);
#24=CYLINDRICAL_SURFACE('',#2125,2.);
#25=CYLINDRICAL_SURFACE('',#2131,2.);
#26=CYLINDRICAL_SURFACE('',#2133,2.);
#27=CYLINDRICAL_SURFACE('',#2139,2.);
#28=CYLINDRICAL_SURFACE('',#2141,1.99999999999997);
#29=CYLINDRICAL_SURFACE('',#2143,2.);
#30=CYLINDRICAL_SURFACE('',#2149,2.);
#31=CYLINDRICAL_SURFACE('',#2151,1.5);
#32=CYLINDRICAL_SURFACE('',#2153,1.5);
#33=CYLINDRICAL_SURFACE('',#2155,1.5);
#34=CYLINDRICAL_SURFACE('',#2157,1.5);
#35=CYLINDRICAL_SURFACE('',#2159,1.5);
#36=CYLINDRICAL_SURFACE('',#2161,1.5);
#37=CYLINDRICAL_SURFACE('',#2163,1.49999999999999);
#38=CYLINDRICAL_SURFACE('',#2165,1.5);
#39=CYLINDRICAL_SURFACE('',#2167,1.49999999999999);
#40=CYLINDRICAL_SURFACE('',#2169,1.5);
#41=CYLINDRICAL_SURFACE('',#2171,1.5);
#42=CYLINDRICAL_SURFACE('',#2173,1.5);
#43=CYLINDRICAL_SURFACE('',#2175,1.5);
#44=CYLINDRICAL_SURFACE('',#2177,1.5);
#45=CYLINDRICAL_SURFACE('',#2179,1.5);
#46=CYLINDRICAL_SURFACE('',#2181,1.5);
#47=CYLINDRICAL_SURFACE('',#2183,1.49999999999999);
#48=CYLINDRICAL_SURFACE('',#2185,1.5);
#49=CYLINDRICAL_SURFACE('',#2187,1.5);
#50=CYLINDRICAL_SURFACE('',#2189,1.5);
#51=CYLINDRICAL_SURFACE('',#2191,1.5);
#52=CYLINDRICAL_SURFACE('',#2193,1.5);
#53=CYLINDRICAL_SURFACE('',#2195,1.5);
#54=CYLINDRICAL_SURFACE('',#2197,1.5);
#55=CYLINDRICAL_SURFACE('',#2199,5.);
#56=CYLINDRICAL_SURFACE('',#2202,5.);
#57=CYLINDRICAL_SURFACE('',#2205,5.);
#58=CYLINDRICAL_SURFACE('',#2208,5.);
#59=CYLINDRICAL_SURFACE('',#2211,5.);
#60=CYLINDRICAL_SURFACE('',#2214,5.);
#61=CYLINDRICAL_SURFACE('',#2216,45.0000000000001);
#62=CYLINDRICAL_SURFACE('',#2218,5.);
#63=CYLINDRICAL_SURFACE('',#2221,5.);
#64=CYLINDRICAL_SURFACE('',#2227,44.9999999999994);
#65=CYLINDRICAL_SURFACE('',#2230,44.9999999999974);
#66=CYLINDRICAL_SURFACE('',#2235,44.9999999999981);
#67=FACE_BOUND('',#348,.T.);
#68=FACE_BOUND('',#349,.T.);
#69=FACE_BOUND('',#350,.T.);
#70=FACE_BOUND('',#351,.T.);
#71=FACE_BOUND('',#352,.T.);
#72=FACE_BOUND('',#353,.T.);
#73=FACE_BOUND('',#354,.T.);
#74=FACE_BOUND('',#355,.T.);
#75=FACE_BOUND('',#356,.T.);
#76=FACE_BOUND('',#357,.T.);
#77=FACE_BOUND('',#358,.T.);
#78=FACE_BOUND('',#359,.T.);
#79=FACE_BOUND('',#360,.T.);
#80=FACE_BOUND('',#361,.T.);
#81=FACE_BOUND('',#362,.T.);
#82=FACE_BOUND('',#363,.T.);
#83=FACE_BOUND('',#364,.T.);
#84=FACE_BOUND('',#365,.T.);
#85=FACE_BOUND('',#366,.T.);
#86=FACE_BOUND('',#367,.T.);
#87=FACE_BOUND('',#368,.T.);
#88=FACE_BOUND('',#369,.T.);
#89=FACE_BOUND('',#370,.T.);
#90=FACE_BOUND('',#371,.T.);
#91=FACE_BOUND('',#372,.T.);
#92=FACE_BOUND('',#373,.T.);
#93=FACE_BOUND('',#374,.T.);
#94=FACE_BOUND('',#375,.T.);
#95=FACE_BOUND('',#376,.T.);
#96=FACE_BOUND('',#377,.T.);
#97=FACE_BOUND('',#378,.T.);
#98=FACE_BOUND('',#379,.T.);
#99=FACE_BOUND('',#380,.T.);
#100=FACE_BOUND('',#381,.T.);
#101=FACE_BOUND('',#382,.T.);
#102=FACE_BOUND('',#383,.T.);
#103=FACE_BOUND('',#384,.T.);
#104=FACE_BOUND('',#385,.T.);
#105=FACE_BOUND('',#386,.T.);
#106=FACE_BOUND('',#387,.T.);
#107=FACE_BOUND('',#388,.T.);
#108=FACE_BOUND('',#389,.T.);
#109=FACE_BOUND('',#390,.T.);
#110=FACE_BOUND('',#480,.T.);
#111=FACE_BOUND('',#481,.T.);
#112=FACE_BOUND('',#482,.T.);
#113=FACE_BOUND('',#483,.T.);
#114=FACE_BOUND('',#484,.T.);
#115=FACE_BOUND('',#485,.T.);
#116=FACE_BOUND('',#486,.T.);
#117=FACE_BOUND('',#487,.T.);
#118=FACE_BOUND('',#488,.T.);
#119=FACE_BOUND('',#489,.T.);
#120=FACE_BOUND('',#490,.T.);
#121=FACE_BOUND('',#491,.T.);
#122=FACE_BOUND('',#492,.T.);
#123=FACE_BOUND('',#493,.T.);
#124=FACE_BOUND('',#494,.T.);
#125=FACE_BOUND('',#495,.T.);
#126=FACE_BOUND('',#496,.T.);
#127=FACE_BOUND('',#497,.T.);
#128=FACE_BOUND('',#498,.T.);
#129=FACE_BOUND('',#499,.T.);
#130=FACE_BOUND('',#500,.T.);
#131=FACE_BOUND('',#501,.T.);
#132=FACE_BOUND('',#502,.T.);
#133=FACE_BOUND('',#503,.T.);
#134=FACE_BOUND('',#504,.T.);
#135=FACE_BOUND('',#505,.T.);
#136=FACE_BOUND('',#506,.T.);
#137=FACE_BOUND('',#507,.T.);
#138=FACE_BOUND('',#508,.T.);
#139=FACE_BOUND('',#509,.T.);
#140=FACE_BOUND('',#510,.T.);
#141=FACE_BOUND('',#511,.T.);
#142=FACE_BOUND('',#512,.T.);
#143=FACE_BOUND('',#513,.T.);
#144=FACE_BOUND('',#514,.T.);
#145=FACE_BOUND('',#515,.T.);
#146=FACE_BOUND('',#516,.T.);
#147=FACE_BOUND('',#517,.T.);
#148=FACE_BOUND('',#518,.T.);
#149=FACE_BOUND('',#519,.T.);
#150=FACE_BOUND('',#520,.T.);
#151=FACE_BOUND('',#521,.T.);
#152=FACE_BOUND('',#522,.T.);
#153=CIRCLE('',#2055,5.);
#154=CIRCLE('',#2056,5.);
#155=CIRCLE('',#2057,44.9999999999981);
#156=CIRCLE('',#2058,45.0000000000001);
#157=CIRCLE('',#2059,5.);
#158=CIRCLE('',#2060,5.);
#159=CIRCLE('',#2061,5.);
#160=CIRCLE('',#2062,5.);
#161=CIRCLE('',#2063,44.9999999999994);
#162=CIRCLE('',#2064,44.9999999999974);
#163=CIRCLE('',#2065,5.);
#164=CIRCLE('',#2066,5.);
#165=CIRCLE('',#2067,1.5);
#166=CIRCLE('',#2068,1.5);
#167=CIRCLE('',#2069,1.5);
#168=CIRCLE('',#2070,1.5);
#169=CIRCLE('',#2071,1.5);
#170=CIRCLE('',#2072,1.5);
#171=CIRCLE('',#2073,1.5);
#172=CIRCLE('',#2074,1.49999999999999);
#173=CIRCLE('',#2075,1.5);
#174=CIRCLE('',#2076,1.5);
#175=CIRCLE('',#2077,1.5);
#176=CIRCLE('',#2078,1.5);
#177=CIRCLE('',#2079,1.5);
#178=CIRCLE('',#2080,1.5);
#179=CIRCLE('',#2081,1.5);
#180=CIRCLE('',#2082,1.49999999999999);
#181=CIRCLE('',#2083,1.5);
#182=CIRCLE('',#2084,1.49999999999999);
#183=CIRCLE('',#2085,1.5);
#184=CIRCLE('',#2086,1.5);
#185=CIRCLE('',#2087,1.5);
#186=CIRCLE('',#2088,1.5);
#187=CIRCLE('',#2089,1.5);
#188=CIRCLE('',#2090,1.5);
#189=CIRCLE('',#2091,2.);
#190=CIRCLE('',#2092,2.);
#191=CIRCLE('',#2093,1.99999999999997);
#192=CIRCLE('',#2094,2.);
#193=CIRCLE('',#2095,2.);
#194=CIRCLE('',#2096,2.);
#195=CIRCLE('',#2097,2.);
#196=CIRCLE('',#2098,2.);
#197=CIRCLE('',#2099,1.99999999999997);
#198=CIRCLE('',#2100,2.);
#199=CIRCLE('',#2101,1.99999999999997);
#200=CIRCLE('',#2102,1.99999999999997);
#201=CIRCLE('',#2108,1.99999999999997);
#202=CIRCLE('',#2110,1.99999999999997);
#203=CIRCLE('',#2120,2.);
#204=CIRCLE('',#2122,1.99999999999997);
#205=CIRCLE('',#2124,2.);
#206=CIRCLE('',#2126,2.);
#207=CIRCLE('',#2132,2.);
#208=CIRCLE('',#2134,2.);
#209=CIRCLE('',#2140,2.);
#210=CIRCLE('',#2142,1.99999999999997);
#211=CIRCLE('',#2144,2.);
#212=CIRCLE('',#2150,2.);
#213=CIRCLE('',#2152,1.5);
#214=CIRCLE('',#2154,1.5);
#215=CIRCLE('',#2156,1.5);
#216=CIRCLE('',#2158,1.5);
#217=CIRCLE('',#2160,1.5);
#218=CIRCLE('',#2162,1.5);
#219=CIRCLE('',#2164,1.49999999999999);
#220=CIRCLE('',#2166,1.5);
#221=CIRCLE('',#2168,1.49999999999999);
#222=CIRCLE('',#2170,1.5);
#223=CIRCLE('',#2172,1.5);
#224=CIRCLE('',#2174,1.5);
#225=CIRCLE('',#2176,1.5);
#226=CIRCLE('',#2178,1.5);
#227=CIRCLE('',#2180,1.5);
#228=CIRCLE('',#2182,1.5);
#229=CIRCLE('',#2184,1.49999999999999);
#230=CIRCLE('',#2186,1.5);
#231=CIRCLE('',#2188,1.5);
#232=CIRCLE('',#2190,1.5);
#233=CIRCLE('',#2192,1.5);
#234=CIRCLE('',#2194,1.5);
#235=CIRCLE('',#2196,1.5);
#236=CIRCLE('',#2198,1.5);
#237=CIRCLE('',#2200,5.);
#238=CIRCLE('',#2203,5.);
#239=CIRCLE('',#2206,5.);
#240=CIRCLE('',#2209,5.);
#241=CIRCLE('',#2212,5.);
#242=CIRCLE('',#2215,5.);
#243=CIRCLE('',#2217,45.0000000000001);
#244=CIRCLE('',#2219,5.);
#245=CIRCLE('',#2222,5.);
#246=CIRCLE('',#2228,44.9999999999994);
#247=CIRCLE('',#2231,44.9999999999974);
#248=CIRCLE('',#2236,44.9999999999981);
#249=FACE_OUTER_BOUND('',#343,.T.);
#250=FACE_OUTER_BOUND('',#344,.T.);
#251=FACE_OUTER_BOUND('',#345,.T.);
#252=FACE_OUTER_BOUND('',#346,.T.);
#253=FACE_OUTER_BOUND('',#347,.T.);
#254=FACE_OUTER_BOUND('',#391,.T.);
#255=FACE_OUTER_BOUND('',#392,.T.);
#256=FACE_OUTER_BOUND('',#393,.T.);
#257=FACE_OUTER_BOUND('',#394,.T.);
#258=FACE_OUTER_BOUND('',#395,.T.);
#259=FACE_OUTER_BOUND('',#396,.T.);
#260=FACE_OUTER_BOUND('',#397,.T.);
#261=FACE_OUTER_BOUND('',#398,.T.);
#262=FACE_OUTER_BOUND('',#399,.T.);
#263=FACE_OUTER_BOUND('',#400,.T.);
#264=FACE_OUTER_BOUND('',#401,.T.);
#265=FACE_OUTER_BOUND('',#402,.T.);
#266=FACE_OUTER_BOUND('',#403,.T.);
#267=FACE_OUTER_BOUND('',#404,.T.);
#268=FACE_OUTER_BOUND('',#405,.T.);
#269=FACE_OUTER_BOUND('',#406,.T.);
#270=FACE_OUTER_BOUND('',#407,.T.);
#271=FACE_OUTER_BOUND('',#408,.T.);
#272=FACE_OUTER_BOUND('',#409,.T.);
#273=FACE_OUTER_BOUND('',#410,.T.);
#274=FACE_OUTER_BOUND('',#411,.T.);
#275=FACE_OUTER_BOUND('',#412,.T.);
#276=FACE_OUTER_BOUND('',#413,.T.);
#277=FACE_OUTER_BOUND('',#414,.T.);
#278=FACE_OUTER_BOUND('',#415,.T.);
#279=FACE_OUTER_BOUND('',#416,.T.);
#280=FACE_OUTER_BOUND('',#417,.T.);
#281=FACE_OUTER_BOUND('',#418,.T.);
#282=FACE_OUTER_BOUND('',#419,.T.);
#283=FACE_OUTER_BOUND('',#420,.T.);
#284=FACE_OUTER_BOUND('',#421,.T.);
#285=FACE_OUTER_BOUND('',#422,.T.);
#286=FACE_OUTER_BOUND('',#423,.T.);
#287=FACE_OUTER_BOUND('',#424,.T.);
#288=FACE_OUTER_BOUND('',#425,.T.);
#289=FACE_OUTER_BOUND('',#426,.T.);
#290=FACE_OUTER_BOUND('',#427,.T.);
#291=FACE_OUTER_BOUND('',#428,.T.);
#292=FACE_OUTER_BOUND('',#429,.T.);
#293=FACE_OUTER_BOUND('',#430,.T.);
#294=FACE_OUTER_BOUND('',#431,.T.);
#295=FACE_OUTER_BOUND('',#432,.T.);
#296=FACE_OUTER_BOUND('',#433,.T.);
#297=FACE_OUTER_BOUND('',#434,.T.);
#298=FACE_OUTER_BOUND('',#435,.T.);
#299=FACE_OUTER_BOUND('',#436,.T.);
#300=FACE_OUTER_BOUND('',#437,.T.);
#301=FACE_OUTER_BOUND('',#438,.T.);
#302=FACE_OUTER_BOUND('',#439,.T.);
#303=FACE_OUTER_BOUND('',#440,.T.);
#304=FACE_OUTER_BOUND('',#441,.T.);
#305=FACE_OUTER_BOUND('',#442,.T.);
#306=FACE_OUTER_BOUND('',#443,.T.);
#307=FACE_OUTER_BOUND('',#444,.T.);
#308=FACE_OUTER_BOUND('',#445,.T.);
#309=FACE_OUTER_BOUND('',#446,.T.);
#310=FACE_OUTER_BOUND('',#447,.T.);
#311=FACE_OUTER_BOUND('',#448,.T.);
#312=FACE_OUTER_BOUND('',#449,.T.);
#313=FACE_OUTER_BOUND('',#450,.T.);
#314=FACE_OUTER_BOUND('',#451,.T.);
#315=FACE_OUTER_BOUND('',#452,.T.);
#316=FACE_OUTER_BOUND('',#453,.T.);
#317=FACE_OUTER_BOUND('',#454,.T.);
#318=FACE_OUTER_BOUND('',#455,.T.);
#319=FACE_OUTER_BOUND('',#456,.T.);
#320=FACE_OUTER_BOUND('',#457,.T.);
#321=FACE_OUTER_BOUND('',#458,.T.);
#322=FACE_OUTER_BOUND('',#459,.T.);
#323=FACE_OUTER_BOUND('',#460,.T.);
#324=FACE_OUTER_BOUND('',#461,.T.);
#325=FACE_OUTER_BOUND('',#462,.T.);
#326=FACE_OUTER_BOUND('',#463,.T.);
#327=FACE_OUTER_BOUND('',#464,.T.);
#328=FACE_OUTER_BOUND('',#465,.T.);
#329=FACE_OUTER_BOUND('',#466,.T.);
#330=FACE_OUTER_BOUND('',#467,.T.);
#331=FACE_OUTER_BOUND('',#468,.T.);
#332=FACE_OUTER_BOUND('',#469,.T.);
#333=FACE_OUTER_BOUND('',#470,.T.);
#334=FACE_OUTER_BOUND('',#471,.T.);
#335=FACE_OUTER_BOUND('',#472,.T.);
#336=FACE_OUTER_BOUND('',#473,.T.);
#337=FACE_OUTER_BOUND('',#474,.T.);
#338=FACE_OUTER_BOUND('',#475,.T.);
#339=FACE_OUTER_BOUND('',#476,.T.);
#340=FACE_OUTER_BOUND('',#477,.T.);
#341=FACE_OUTER_BOUND('',#478,.T.);
#342=FACE_OUTER_BOUND('',#479,.T.);
#343=EDGE_LOOP('',(#1343,#1344,#1345,#1346));
#344=EDGE_LOOP('',(#1347,#1348,#1349,#1350));
#345=EDGE_LOOP('',(#1351,#1352,#1353,#1354));
#346=EDGE_LOOP('',(#1355,#1356,#1357,#1358));
#347=EDGE_LOOP('',(#1359,#1360,#1361,#1362,#1363,#1364,#1365,#1366,#1367,
#1368,#1369,#1370,#1371,#1372,#1373,#1374,#1375,#1376,#1377,#1378,#1379,
#1380,#1381,#1382,#1383,#1384,#1385,#1386));
#348=EDGE_LOOP('',(#1387,#1388,#1389,#1390));
#349=EDGE_LOOP('',(#1391));
#350=EDGE_LOOP('',(#1392));
#351=EDGE_LOOP('',(#1393));
#352=EDGE_LOOP('',(#1394));
#353=EDGE_LOOP('',(#1395));
#354=EDGE_LOOP('',(#1396));
#355=EDGE_LOOP('',(#1397));
#356=EDGE_LOOP('',(#1398));
#357=EDGE_LOOP('',(#1399));
#358=EDGE_LOOP('',(#1400));
#359=EDGE_LOOP('',(#1401));
#360=EDGE_LOOP('',(#1402));
#361=EDGE_LOOP('',(#1403));
#362=EDGE_LOOP('',(#1404));
#363=EDGE_LOOP('',(#1405));
#364=EDGE_LOOP('',(#1406));
#365=EDGE_LOOP('',(#1407));
#366=EDGE_LOOP('',(#1408));
#367=EDGE_LOOP('',(#1409));
#368=EDGE_LOOP('',(#1410));
#369=EDGE_LOOP('',(#1411));
#370=EDGE_LOOP('',(#1412));
#371=EDGE_LOOP('',(#1413));
#372=EDGE_LOOP('',(#1414));
#373=EDGE_LOOP('',(#1415));
#374=EDGE_LOOP('',(#1416,#1417,#1418,#1419));
#375=EDGE_LOOP('',(#1420));
#376=EDGE_LOOP('',(#1421));
#377=EDGE_LOOP('',(#1422));
#378=EDGE_LOOP('',(#1423,#1424,#1425,#1426));
#379=EDGE_LOOP('',(#1427));
#380=EDGE_LOOP('',(#1428));
#381=EDGE_LOOP('',(#1429,#1430,#1431,#1432));
#382=EDGE_LOOP('',(#1433));
#383=EDGE_LOOP('',(#1434));
#384=EDGE_LOOP('',(#1435));
#385=EDGE_LOOP('',(#1436));
#386=EDGE_LOOP('',(#1437,#1438,#1439,#1440));
#387=EDGE_LOOP('',(#1441,#1442,#1443,#1444));
#388=EDGE_LOOP('',(#1445));
#389=EDGE_LOOP('',(#1446));
#390=EDGE_LOOP('',(#1447,#1448,#1449,#1450));
#391=EDGE_LOOP('',(#1451,#1452,#1453,#1454));
#392=EDGE_LOOP('',(#1455,#1456,#1457,#1458));
#393=EDGE_LOOP('',(#1459,#1460,#1461,#1462));
#394=EDGE_LOOP('',(#1463,#1464,#1465,#1466));
#395=EDGE_LOOP('',(#1467,#1468,#1469,#1470));
#396=EDGE_LOOP('',(#1471,#1472,#1473,#1474));
#397=EDGE_LOOP('',(#1475,#1476,#1477,#1478));
#398=EDGE_LOOP('',(#1479,#1480,#1481,#1482));
#399=EDGE_LOOP('',(#1483,#1484,#1485,#1486));
#400=EDGE_LOOP('',(#1487,#1488,#1489,#1490));
#401=EDGE_LOOP('',(#1491,#1492,#1493,#1494));
#402=EDGE_LOOP('',(#1495,#1496,#1497,#1498));
#403=EDGE_LOOP('',(#1499,#1500,#1501,#1502));
#404=EDGE_LOOP('',(#1503,#1504,#1505,#1506));
#405=EDGE_LOOP('',(#1507,#1508,#1509,#1510));
#406=EDGE_LOOP('',(#1511,#1512,#1513,#1514));
#407=EDGE_LOOP('',(#1515,#1516,#1517,#1518));
#408=EDGE_LOOP('',(#1519,#1520,#1521,#1522));
#409=EDGE_LOOP('',(#1523,#1524,#1525,#1526));
#410=EDGE_LOOP('',(#1527,#1528,#1529,#1530));
#411=EDGE_LOOP('',(#1531,#1532,#1533,#1534));
#412=EDGE_LOOP('',(#1535,#1536,#1537,#1538));
#413=EDGE_LOOP('',(#1539,#1540,#1541,#1542));
#414=EDGE_LOOP('',(#1543,#1544,#1545,#1546));
#415=EDGE_LOOP('',(#1547,#1548,#1549,#1550));
#416=EDGE_LOOP('',(#1551,#1552,#1553,#1554));
#417=EDGE_LOOP('',(#1555,#1556,#1557,#1558));
#418=EDGE_LOOP('',(#1559,#1560,#1561,#1562));
#419=EDGE_LOOP('',(#1563,#1564,#1565,#1566));
#420=EDGE_LOOP('',(#1567,#1568,#1569,#1570));
#421=EDGE_LOOP('',(#1571,#1572,#1573,#1574));
#422=EDGE_LOOP('',(#1575,#1576,#1577,#1578));
#423=EDGE_LOOP('',(#1579,#1580,#1581,#1582));
#424=EDGE_LOOP('',(#1583,#1584,#1585,#1586));
#425=EDGE_LOOP('',(#1587,#1588,#1589,#1590));
#426=EDGE_LOOP('',(#1591,#1592,#1593,#1594));
#427=EDGE_LOOP('',(#1595,#1596,#1597,#1598));
#428=EDGE_LOOP('',(#1599,#1600,#1601,#1602));
#429=EDGE_LOOP('',(#1603,#1604,#1605,#1606));
#430=EDGE_LOOP('',(#1607,#1608,#1609,#1610));
#431=EDGE_LOOP('',(#1611,#1612,#1613,#1614));
#432=EDGE_LOOP('',(#1615,#1616,#1617,#1618));
#433=EDGE_LOOP('',(#1619,#1620,#1621,#1622));
#434=EDGE_LOOP('',(#1623,#1624,#1625,#1626));
#435=EDGE_LOOP('',(#1627,#1628,#1629,#1630));
#436=EDGE_LOOP('',(#1631,#1632,#1633,#1634));
#437=EDGE_LOOP('',(#1635,#1636,#1637,#1638));
#438=EDGE_LOOP('',(#1639,#1640,#1641,#1642));
#439=EDGE_LOOP('',(#1643,#1644,#1645,#1646));
#440=EDGE_LOOP('',(#1647,#1648,#1649,#1650));
#441=EDGE_LOOP('',(#1651,#1652,#1653,#1654));
#442=EDGE_LOOP('',(#1655,#1656,#1657,#1658));
#443=EDGE_LOOP('',(#1659,#1660,#1661,#1662));
#444=EDGE_LOOP('',(#1663,#1664,#1665,#1666));
#445=EDGE_LOOP('',(#1667,#1668,#1669,#1670));
#446=EDGE_LOOP('',(#1671,#1672,#1673,#1674));
#447=EDGE_LOOP('',(#1675,#1676,#1677,#1678));
#448=EDGE_LOOP('',(#1679,#1680,#1681,#1682));
#449=EDGE_LOOP('',(#1683,#1684,#1685,#1686));
#450=EDGE_LOOP('',(#1687,#1688,#1689,#1690));
#451=EDGE_LOOP('',(#1691,#1692,#1693,#1694));
#452=EDGE_LOOP('',(#1695,#1696,#1697,#1698));
#453=EDGE_LOOP('',(#1699,#1700,#1701,#1702));
#454=EDGE_LOOP('',(#1703,#1704,#1705,#1706));
#455=EDGE_LOOP('',(#1707,#1708,#1709,#1710));
#456=EDGE_LOOP('',(#1711,#1712,#1713,#1714));
#457=EDGE_LOOP('',(#1715,#1716,#1717,#1718));
#458=EDGE_LOOP('',(#1719,#1720,#1721,#1722));
#459=EDGE_LOOP('',(#1723,#1724,#1725,#1726));
#460=EDGE_LOOP('',(#1727,#1728,#1729,#1730));
#461=EDGE_LOOP('',(#1731,#1732,#1733,#1734));
#462=EDGE_LOOP('',(#1735,#1736,#1737,#1738));
#463=EDGE_LOOP('',(#1739,#1740,#1741,#1742));
#464=EDGE_LOOP('',(#1743,#1744,#1745,#1746));
#465=EDGE_LOOP('',(#1747,#1748,#1749,#1750));
#466=EDGE_LOOP('',(#1751,#1752,#1753,#1754));
#467=EDGE_LOOP('',(#1755,#1756,#1757,#1758));
#468=EDGE_LOOP('',(#1759,#1760,#1761,#1762));
#469=EDGE_LOOP('',(#1763,#1764,#1765,#1766));
#470=EDGE_LOOP('',(#1767,#1768,#1769,#1770));
#471=EDGE_LOOP('',(#1771,#1772,#1773,#1774));
#472=EDGE_LOOP('',(#1775,#1776,#1777,#1778));
#473=EDGE_LOOP('',(#1779,#1780,#1781,#1782));
#474=EDGE_LOOP('',(#1783,#1784,#1785,#1786));
#475=EDGE_LOOP('',(#1787,#1788,#1789,#1790));
#476=EDGE_LOOP('',(#1791,#1792,#1793,#1794));
#477=EDGE_LOOP('',(#1795,#1796,#1797,#1798));
#478=EDGE_LOOP('',(#1799,#1800,#1801,#1802));
#479=EDGE_LOOP('',(#1803,#1804,#1805,#1806,#1807,#1808,#1809,#1810,#1811,
#1812,#1813,#1814,#1815,#1816,#1817,#1818,#1819,#1820,#1821,#1822,#1823,
#1824,#1825,#1826,#1827,#1828,#1829,#1830));
#480=EDGE_LOOP('',(#1831,#1832,#1833,#1834));
#481=EDGE_LOOP('',(#1835,#1836,#1837,#1838));
#482=EDGE_LOOP('',(#1839));
#483=EDGE_LOOP('',(#1840));
#484=EDGE_LOOP('',(#1841,#1842,#1843,#1844));
#485=EDGE_LOOP('',(#1845,#1846,#1847,#1848));
#486=EDGE_LOOP('',(#1849));
#487=EDGE_LOOP('',(#1850));
#488=EDGE_LOOP('',(#1851));
#489=EDGE_LOOP('',(#1852));
#490=EDGE_LOOP('',(#1853,#1854,#1855,#1856));
#491=EDGE_LOOP('',(#1857));
#492=EDGE_LOOP('',(#1858));
#493=EDGE_LOOP('',(#1859,#1860,#1861,#1862));
#494=EDGE_LOOP('',(#1863));
#495=EDGE_LOOP('',(#1864));
#496=EDGE_LOOP('',(#1865));
#497=EDGE_LOOP('',(#1866,#1867,#1868,#1869));
#498=EDGE_LOOP('',(#1870));
#499=EDGE_LOOP('',(#1871));
#500=EDGE_LOOP('',(#1872));
#501=EDGE_LOOP('',(#1873));
#502=EDGE_LOOP('',(#1874));
#503=EDGE_LOOP('',(#1875));
#504=EDGE_LOOP('',(#1876));
#505=EDGE_LOOP('',(#1877));
#506=EDGE_LOOP('',(#1878));
#507=EDGE_LOOP('',(#1879));
#508=EDGE_LOOP('',(#1880));
#509=EDGE_LOOP('',(#1881));
#510=EDGE_LOOP('',(#1882));
#511=EDGE_LOOP('',(#1883));
#512=EDGE_LOOP('',(#1884));
#513=EDGE_LOOP('',(#1885));
#514=EDGE_LOOP('',(#1886));
#515=EDGE_LOOP('',(#1887));
#516=EDGE_LOOP('',(#1888));
#517=EDGE_LOOP('',(#1889));
#518=EDGE_LOOP('',(#1890));
#519=EDGE_LOOP('',(#1891));
#520=EDGE_LOOP('',(#1892));
#521=EDGE_LOOP('',(#1893));
#522=EDGE_LOOP('',(#1894));
#523=LINE('',#2812,#703);
#524=LINE('',#2814,#704);
#525=LINE('',#2816,#705);
#526=LINE('',#2817,#706);
#527=LINE('',#2820,#707);
#528=LINE('',#2822,#708);
#529=LINE('',#2823,#709);
#530=LINE('',#2826,#710);
#531=LINE('',#2828,#711);
#532=LINE('',#2829,#712);
#533=LINE('',#2831,#713);
#534=LINE('',#2832,#714);
#535=LINE('',#2838,#715);
#536=LINE('',#2840,#716);
#537=LINE('',#2842,#717);
#538=LINE('',#2848,#718);
#539=LINE('',#2854,#719);
#540=LINE('',#2856,#720);
#541=LINE('',#2858,#721);
#542=LINE('',#2862,#722);
#543=LINE('',#2866,#723);
#544=LINE('',#2868,#724);
#545=LINE('',#2870,#725);
#546=LINE('',#2876,#726);
#547=LINE('',#2882,#727);
#548=LINE('',#2884,#728);
#549=LINE('',#2886,#729);
#550=LINE('',#2889,#730);
#551=LINE('',#2942,#731);
#552=LINE('',#2944,#732);
#553=LINE('',#2946,#733);
#554=LINE('',#2947,#734);
#555=LINE('',#2956,#735);
#556=LINE('',#2958,#736);
#557=LINE('',#2960,#737);
#558=LINE('',#2961,#738);
#559=LINE('',#2968,#739);
#560=LINE('',#2970,#740);
#561=LINE('',#2972,#741);
#562=LINE('',#2973,#742);
#563=LINE('',#2984,#743);
#564=LINE('',#2986,#744);
#565=LINE('',#2988,#745);
#566=LINE('',#2989,#746);
#567=LINE('',#2992,#747);
#568=LINE('',#2994,#748);
#569=LINE('',#2996,#749);
#570=LINE('',#2997,#750);
#571=LINE('',#3004,#751);
#572=LINE('',#3006,#752);
#573=LINE('',#3008,#753);
#574=LINE('',#3009,#754);
#575=LINE('',#3013,#755);
#576=LINE('',#3014,#756);
#577=LINE('',#3015,#757);
#578=LINE('',#3018,#758);
#579=LINE('',#3019,#759);
#580=LINE('',#3022,#760);
#581=LINE('',#3023,#761);
#582=LINE('',#3025,#762);
#583=LINE('',#3029,#763);
#584=LINE('',#3033,#764);
#585=LINE('',#3037,#765);
#586=LINE('',#3038,#766);
#587=LINE('',#3039,#767);
#588=LINE('',#3042,#768);
#589=LINE('',#3043,#769);
#590=LINE('',#3046,#770);
#591=LINE('',#3047,#771);
#592=LINE('',#3049,#772);
#593=LINE('',#3053,#773);
#594=LINE('',#3054,#774);
#595=LINE('',#3055,#775);
#596=LINE('',#3058,#776);
#597=LINE('',#3059,#777);
#598=LINE('',#3062,#778);
#599=LINE('',#3063,#779);
#600=LINE('',#3065,#780);
#601=LINE('',#3069,#781);
#602=LINE('',#3073,#782);
#603=LINE('',#3077,#783);
#604=LINE('',#3081,#784);
#605=LINE('',#3085,#785);
#606=LINE('',#3086,#786);
#607=LINE('',#3087,#787);
#608=LINE('',#3090,#788);
#609=LINE('',#3091,#789);
#610=LINE('',#3094,#790);
#611=LINE('',#3095,#791);
#612=LINE('',#3097,#792);
#613=LINE('',#3101,#793);
#614=LINE('',#3105,#794);
#615=LINE('',#3109,#795);
#616=LINE('',#3110,#796);
#617=LINE('',#3111,#797);
#618=LINE('',#3114,#798);
#619=LINE('',#3115,#799);
#620=LINE('',#3118,#800);
#621=LINE('',#3119,#801);
#622=LINE('',#3121,#802);
#623=LINE('',#3125,#803);
#624=LINE('',#3129,#804);
#625=LINE('',#3133,#805);
#626=LINE('',#3137,#806);
#627=LINE('',#3138,#807);
#628=LINE('',#3139,#808);
#629=LINE('',#3142,#809);
#630=LINE('',#3143,#810);
#631=LINE('',#3146,#811);
#632=LINE('',#3147,#812);
#633=LINE('',#3149,#813);
#634=LINE('',#3153,#814);
#635=LINE('',#3157,#815);
#636=LINE('',#3161,#816);
#637=LINE('',#3165,#817);
#638=LINE('',#3169,#818);
#639=LINE('',#3173,#819);
#640=LINE('',#3177,#820);
#641=LINE('',#3181,#821);
#642=LINE('',#3185,#822);
#643=LINE('',#3189,#823);
#644=LINE('',#3193,#824);
#645=LINE('',#3197,#825);
#646=LINE('',#3201,#826);
#647=LINE('',#3205,#827);
#648=LINE('',#3209,#828);
#649=LINE('',#3213,#829);
#650=LINE('',#3217,#830);
#651=LINE('',#3221,#831);
#652=LINE('',#3225,#832);
#653=LINE('',#3229,#833);
#654=LINE('',#3233,#834);
#655=LINE('',#3237,#835);
#656=LINE('',#3241,#836);
#657=LINE('',#3245,#837);
#658=LINE('',#3249,#838);
#659=LINE('',#3254,#839);
#660=LINE('',#3255,#840);
#661=LINE('',#3258,#841);
#662=LINE('',#3259,#842);
#663=LINE('',#3263,#843);
#664=LINE('',#3266,#844);
#665=LINE('',#3267,#845);
#666=LINE('',#3272,#846);
#667=LINE('',#3273,#847);
#668=LINE('',#3276,#848);
#669=LINE('',#3277,#849);
#670=LINE('',#3281,#850);
#671=LINE('',#3284,#851);
#672=LINE('',#3285,#852);
#673=LINE('',#3290,#853);
#674=LINE('',#3291,#854);
#675=LINE('',#3294,#855);
#676=LINE('',#3295,#856);
#677=LINE('',#3300,#857);
#678=LINE('',#3301,#858);
#679=LINE('',#3304,#859);
#680=LINE('',#3310,#860);
#681=LINE('',#3311,#861);
#682=LINE('',#3314,#862);
#683=LINE('',#3315,#863);
#684=LINE('',#3320,#864);
#685=LINE('',#3321,#865);
#686=LINE('',#3324,#866);
#687=LINE('',#3325,#867);
#688=LINE('',#3328,#868);
#689=LINE('',#3329,#869);
#690=LINE('',#3332,#870);
#691=LINE('',#3333,#871);
#692=LINE('',#3335,#872);
#693=LINE('',#3339,#873);
#694=LINE('',#3342,#874);
#695=LINE('',#3343,#875);
#696=LINE('',#3347,#876);
#697=LINE('',#3350,#877);
#698=LINE('',#3351,#878);
#699=LINE('',#3353,#879);
#700=LINE('',#3357,#880);
#701=LINE('',#3359,#881);
#702=LINE('',#3361,#882);
#703=VECTOR('',#2247,10.);
#704=VECTOR('',#2248,10.);
#705=VECTOR('',#2249,10.);
#706=VECTOR('',#2250,10.);
#707=VECTOR('',#2253,10.);
#708=VECTOR('',#2254,10.);
#709=VECTOR('',#2255,10.);
#710=VECTOR('',#2258,10.);
#711=VECTOR('',#2259,10.);
#712=VECTOR('',#2260,10.);
#713=VECTOR('',#2263,10.);
#714=VECTOR('',#2264,10.);
#715=VECTOR('',#2269,10.);
#716=VECTOR('',#2270,10.);
#717=VECTOR('',#2271,10.);
#718=VECTOR('',#2276,10.);
#719=VECTOR('',#2281,10.);
#720=VECTOR('',#2282,10.);
#721=VECTOR('',#2283,10.);
#722=VECTOR('',#2286,10.);
#723=VECTOR('',#2289,10.);
#724=VECTOR('',#2290,10.);
#725=VECTOR('',#2291,10.);
#726=VECTOR('',#2296,10.);
#727=VECTOR('',#2301,10.);
#728=VECTOR('',#2302,10.);
#729=VECTOR('',#2303,10.);
#730=VECTOR('',#2306,10.);
#731=VECTOR('',#2357,10.);
#732=VECTOR('',#2358,10.);
#733=VECTOR('',#2359,10.);
#734=VECTOR('',#2360,10.);
#735=VECTOR('',#2367,10.);
#736=VECTOR('',#2368,10.);
#737=VECTOR('',#2369,10.);
#738=VECTOR('',#2370,10.);
#739=VECTOR('',#2375,10.);
#740=VECTOR('',#2376,10.);
#741=VECTOR('',#2377,10.);
#742=VECTOR('',#2378,10.);
#743=VECTOR('',#2387,10.);
#744=VECTOR('',#2388,10.);
#745=VECTOR('',#2389,10.);
#746=VECTOR('',#2390,10.);
#747=VECTOR('',#2391,10.);
#748=VECTOR('',#2392,10.);
#749=VECTOR('',#2393,10.);
#750=VECTOR('',#2394,10.);
#751=VECTOR('',#2399,10.);
#752=VECTOR('',#2400,10.);
#753=VECTOR('',#2401,10.);
#754=VECTOR('',#2402,10.);
#755=VECTOR('',#2405,10.);
#756=VECTOR('',#2406,10.);
#757=VECTOR('',#2407,10.);
#758=VECTOR('',#2410,10.);
#759=VECTOR('',#2411,10.);
#760=VECTOR('',#2414,10.);
#761=VECTOR('',#2415,10.);
#762=VECTOR('',#2418,10.);
#763=VECTOR('',#2423,1.99999999999997);
#764=VECTOR('',#2428,1.99999999999997);
#765=VECTOR('',#2431,10.);
#766=VECTOR('',#2432,10.);
#767=VECTOR('',#2433,10.);
#768=VECTOR('',#2436,10.);
#769=VECTOR('',#2437,10.);
#770=VECTOR('',#2440,10.);
#771=VECTOR('',#2441,10.);
#772=VECTOR('',#2444,10.);
#773=VECTOR('',#2447,10.);
#774=VECTOR('',#2448,10.);
#775=VECTOR('',#2449,10.);
#776=VECTOR('',#2452,10.);
#777=VECTOR('',#2453,10.);
#778=VECTOR('',#2456,10.);
#779=VECTOR('',#2457,10.);
#780=VECTOR('',#2460,10.);
#781=VECTOR('',#2465,2.);
#782=VECTOR('',#2470,1.99999999999997);
#783=VECTOR('',#2475,2.);
#784=VECTOR('',#2480,2.);
#785=VECTOR('',#2483,10.);
#786=VECTOR('',#2484,10.);
#787=VECTOR('',#2485,10.);
#788=VECTOR('',#2488,10.);
#789=VECTOR('',#2489,10.);
#790=VECTOR('',#2492,10.);
#791=VECTOR('',#2493,10.);
#792=VECTOR('',#2496,10.);
#793=VECTOR('',#2501,2.);
#794=VECTOR('',#2506,2.);
#795=VECTOR('',#2509,10.);
#796=VECTOR('',#2510,10.);
#797=VECTOR('',#2511,10.);
#798=VECTOR('',#2514,10.);
#799=VECTOR('',#2515,10.);
#800=VECTOR('',#2518,10.);
#801=VECTOR('',#2519,10.);
#802=VECTOR('',#2522,10.);
#803=VECTOR('',#2527,2.);
#804=VECTOR('',#2532,1.99999999999997);
#805=VECTOR('',#2537,2.);
#806=VECTOR('',#2540,10.);
#807=VECTOR('',#2541,10.);
#808=VECTOR('',#2542,10.);
#809=VECTOR('',#2545,10.);
#810=VECTOR('',#2546,10.);
#811=VECTOR('',#2549,10.);
#812=VECTOR('',#2550,10.);
#813=VECTOR('',#2553,10.);
#814=VECTOR('',#2558,2.);
#815=VECTOR('',#2563,1.5);
#816=VECTOR('',#2568,1.5);
#817=VECTOR('',#2573,1.5);
#818=VECTOR('',#2578,1.5);
#819=VECTOR('',#2583,1.5);
#820=VECTOR('',#2588,1.5);
#821=VECTOR('',#2593,1.49999999999999);
#822=VECTOR('',#2598,1.5);
#823=VECTOR('',#2603,1.49999999999999);
#824=VECTOR('',#2608,1.5);
#825=VECTOR('',#2613,1.5);
#826=VECTOR('',#2618,1.5);
#827=VECTOR('',#2623,1.5);
#828=VECTOR('',#2628,1.5);
#829=VECTOR('',#2633,1.5);
#830=VECTOR('',#2638,1.5);
#831=VECTOR('',#2643,1.49999999999999);
#832=VECTOR('',#2648,1.5);
#833=VECTOR('',#2653,1.5);
#834=VECTOR('',#2658,1.5);
#835=VECTOR('',#2663,1.5);
#836=VECTOR('',#2668,1.5);
#837=VECTOR('',#2673,1.5);
#838=VECTOR('',#2678,1.5);
#839=VECTOR('',#2683,10.);
#840=VECTOR('',#2684,10.);
#841=VECTOR('',#2687,10.);
#842=VECTOR('',#2688,10.);
#843=VECTOR('',#2693,10.);
#844=VECTOR('',#2696,10.);
#845=VECTOR('',#2697,10.);
#846=VECTOR('',#2702,10.);
#847=VECTOR('',#2703,10.);
#848=VECTOR('',#2706,10.);
#849=VECTOR('',#2707,10.);
#850=VECTOR('',#2712,10.);
#851=VECTOR('',#2715,10.);
#852=VECTOR('',#2716,10.);
#853=VECTOR('',#2721,10.);
#854=VECTOR('',#2722,10.);
#855=VECTOR('',#2725,10.);
#856=VECTOR('',#2726,10.);
#857=VECTOR('',#2731,10.);
#858=VECTOR('',#2732,10.);
#859=VECTOR('',#2735,10.);
#860=VECTOR('',#2742,10.);
#861=VECTOR('',#2743,10.);
#862=VECTOR('',#2746,10.);
#863=VECTOR('',#2747,10.);
#864=VECTOR('',#2752,10.);
#865=VECTOR('',#2753,10.);
#866=VECTOR('',#2756,10.);
#867=VECTOR('',#2757,10.);
#868=VECTOR('',#2760,10.);
#869=VECTOR('',#2761,10.);
#870=VECTOR('',#2764,10.);
#871=VECTOR('',#2765,10.);
#872=VECTOR('',#2768,10.);
#873=VECTOR('',#2773,10.);
#874=VECTOR('',#2776,10.);
#875=VECTOR('',#2777,10.);
#876=VECTOR('',#2784,10.);
#877=VECTOR('',#2787,10.);
#878=VECTOR('',#2788,10.);
#879=VECTOR('',#2791,10.);
#880=VECTOR('',#2796,10.);
#881=VECTOR('',#2799,10.);
#882=VECTOR('',#2802,10.);
#883=VERTEX_POINT('',#2810);
#884=VERTEX_POINT('',#2811);
#885=VERTEX_POINT('',#2813);
#886=VERTEX_POINT('',#2815);
#887=VERTEX_POINT('',#2819);
#888=VERTEX_POINT('',#2821);
#889=VERTEX_POINT('',#2825);
#890=VERTEX_POINT('',#2827);
#891=VERTEX_POINT('',#2834);
#892=VERTEX_POINT('',#2835);
#893=VERTEX_POINT('',#2837);
#894=VERTEX_POINT('',#2839);
#895=VERTEX_POINT('',#2841);
#896=VERTEX_POINT('',#2843);
#897=VERTEX_POINT('',#2845);
#898=VERTEX_POINT('',#2847);
#899=VERTEX_POINT('',#2849);
#900=VERTEX_POINT('',#2851);
#901=VERTEX_POINT('',#2853);
#902=VERTEX_POINT('',#2855);
#903=VERTEX_POINT('',#2857);
#904=VERTEX_POINT('',#2859);
#905=VERTEX_POINT('',#2861);
#906=VERTEX_POINT('',#2863);
#907=VERTEX_POINT('',#2865);
#908=VERTEX_POINT('',#2867);
#909=VERTEX_POINT('',#2869);
#910=VERTEX_POINT('',#2871);
#911=VERTEX_POINT('',#2873);
#912=VERTEX_POINT('',#2875);
#913=VERTEX_POINT('',#2877);
#914=VERTEX_POINT('',#2879);
#915=VERTEX_POINT('',#2881);
#916=VERTEX_POINT('',#2883);
#917=VERTEX_POINT('',#2885);
#918=VERTEX_POINT('',#2887);
#919=VERTEX_POINT('',#2890);
#920=VERTEX_POINT('',#2892);
#921=VERTEX_POINT('',#2894);
#922=VERTEX_POINT('',#2896);
#923=VERTEX_POINT('',#2898);
#924=VERTEX_POINT('',#2900);
#925=VERTEX_POINT('',#2902);
#926=VERTEX_POINT('',#2904);
#927=VERTEX_POINT('',#2906);
#928=VERTEX_POINT('',#2908);
#929=VERTEX_POINT('',#2910);
#930=VERTEX_POINT('',#2912);
#931=VERTEX_POINT('',#2914);
#932=VERTEX_POINT('',#2916);
#933=VERTEX_POINT('',#2918);
#934=VERTEX_POINT('',#2920);
#935=VERTEX_POINT('',#2922);
#936=VERTEX_POINT('',#2924);
#937=VERTEX_POINT('',#2926);
#938=VERTEX_POINT('',#2928);
#939=VERTEX_POINT('',#2930);
#940=VERTEX_POINT('',#2932);
#941=VERTEX_POINT('',#2934);
#942=VERTEX_POINT('',#2936);
#943=VERTEX_POINT('',#2938);
#944=VERTEX_POINT('',#2940);
#945=VERTEX_POINT('',#2941);
#946=VERTEX_POINT('',#2943);
#947=VERTEX_POINT('',#2945);
#948=VERTEX_POINT('',#2948);
#949=VERTEX_POINT('',#2950);
#950=VERTEX_POINT('',#2952);
#951=VERTEX_POINT('',#2954);
#952=VERTEX_POINT('',#2955);
#953=VERTEX_POINT('',#2957);
#954=VERTEX_POINT('',#2959);
#955=VERTEX_POINT('',#2962);
#956=VERTEX_POINT('',#2964);
#957=VERTEX_POINT('',#2966);
#958=VERTEX_POINT('',#2967);
#959=VERTEX_POINT('',#2969);
#960=VERTEX_POINT('',#2971);
#961=VERTEX_POINT('',#2974);
#962=VERTEX_POINT('',#2976);
#963=VERTEX_POINT('',#2978);
#964=VERTEX_POINT('',#2980);
#965=VERTEX_POINT('',#2982);
#966=VERTEX_POINT('',#2983);
#967=VERTEX_POINT('',#2985);
#968=VERTEX_POINT('',#2987);
#969=VERTEX_POINT('',#2990);
#970=VERTEX_POINT('',#2991);
#971=VERTEX_POINT('',#2993);
#972=VERTEX_POINT('',#2995);
#973=VERTEX_POINT('',#2998);
#974=VERTEX_POINT('',#3000);
#975=VERTEX_POINT('',#3002);
#976=VERTEX_POINT('',#3003);
#977=VERTEX_POINT('',#3005);
#978=VERTEX_POINT('',#3007);
#979=VERTEX_POINT('',#3011);
#980=VERTEX_POINT('',#3012);
#981=VERTEX_POINT('',#3017);
#982=VERTEX_POINT('',#3021);
#983=VERTEX_POINT('',#3027);
#984=VERTEX_POINT('',#3031);
#985=VERTEX_POINT('',#3035);
#986=VERTEX_POINT('',#3036);
#987=VERTEX_POINT('',#3041);
#988=VERTEX_POINT('',#3045);
#989=VERTEX_POINT('',#3051);
#990=VERTEX_POINT('',#3052);
#991=VERTEX_POINT('',#3057);
#992=VERTEX_POINT('',#3061);
#993=VERTEX_POINT('',#3067);
#994=VERTEX_POINT('',#3071);
#995=VERTEX_POINT('',#3075);
#996=VERTEX_POINT('',#3079);
#997=VERTEX_POINT('',#3083);
#998=VERTEX_POINT('',#3084);
#999=VERTEX_POINT('',#3089);
#1000=VERTEX_POINT('',#3093);
#1001=VERTEX_POINT('',#3099);
#1002=VERTEX_POINT('',#3103);
#1003=VERTEX_POINT('',#3107);
#1004=VERTEX_POINT('',#3108);
#1005=VERTEX_POINT('',#3113);
#1006=VERTEX_POINT('',#3117);
#1007=VERTEX_POINT('',#3123);
#1008=VERTEX_POINT('',#3127);
#1009=VERTEX_POINT('',#3131);
#1010=VERTEX_POINT('',#3135);
#1011=VERTEX_POINT('',#3136);
#1012=VERTEX_POINT('',#3141);
#1013=VERTEX_POINT('',#3145);
#1014=VERTEX_POINT('',#3151);
#1015=VERTEX_POINT('',#3155);
#1016=VERTEX_POINT('',#3159);
#1017=VERTEX_POINT('',#3163);
#1018=VERTEX_POINT('',#3167);
#1019=VERTEX_POINT('',#3171);
#1020=VERTEX_POINT('',#3175);
#1021=VERTEX_POINT('',#3179);
#1022=VERTEX_POINT('',#3183);
#1023=VERTEX_POINT('',#3187);
#1024=VERTEX_POINT('',#3191);
#1025=VERTEX_POINT('',#3195);
#1026=VERTEX_POINT('',#3199);
#1027=VERTEX_POINT('',#3203);
#1028=VERTEX_POINT('',#3207);
#1029=VERTEX_POINT('',#3211);
#1030=VERTEX_POINT('',#3215);
#1031=VERTEX_POINT('',#3219);
#1032=VERTEX_POINT('',#3223);
#1033=VERTEX_POINT('',#3227);
#1034=VERTEX_POINT('',#3231);
#1035=VERTEX_POINT('',#3235);
#1036=VERTEX_POINT('',#3239);
#1037=VERTEX_POINT('',#3243);
#1038=VERTEX_POINT('',#3247);
#1039=VERTEX_POINT('',#3251);
#1040=VERTEX_POINT('',#3252);
#1041=VERTEX_POINT('',#3257);
#1042=VERTEX_POINT('',#3261);
#1043=VERTEX_POINT('',#3265);
#1044=VERTEX_POINT('',#3269);
#1045=VERTEX_POINT('',#3270);
#1046=VERTEX_POINT('',#3275);
#1047=VERTEX_POINT('',#3279);
#1048=VERTEX_POINT('',#3283);
#1049=VERTEX_POINT('',#3287);
#1050=VERTEX_POINT('',#3288);
#1051=VERTEX_POINT('',#3293);
#1052=VERTEX_POINT('',#3297);
#1053=VERTEX_POINT('',#3298);
#1054=VERTEX_POINT('',#3303);
#1055=VERTEX_POINT('',#3307);
#1056=VERTEX_POINT('',#3308);
#1057=VERTEX_POINT('',#3313);
#1058=VERTEX_POINT('',#3317);
#1059=VERTEX_POINT('',#3318);
#1060=VERTEX_POINT('',#3323);
#1061=VERTEX_POINT('',#3327);
#1062=VERTEX_POINT('',#3331);
#1063=VERTEX_POINT('',#3337);
#1064=VERTEX_POINT('',#3341);
#1065=VERTEX_POINT('',#3349);
#1066=VERTEX_POINT('',#3355);
#1067=EDGE_CURVE('',#883,#884,#523,.T.);
#1068=EDGE_CURVE('',#885,#883,#524,.T.);
#1069=EDGE_CURVE('',#886,#885,#525,.T.);
#1070=EDGE_CURVE('',#886,#884,#526,.T.);
#1071=EDGE_CURVE('',#884,#887,#527,.T.);
#1072=EDGE_CURVE('',#888,#886,#528,.T.);
#1073=EDGE_CURVE('',#888,#887,#529,.T.);
#1074=EDGE_CURVE('',#887,#889,#530,.T.);
#1075=EDGE_CURVE('',#890,#888,#531,.T.);
#1076=EDGE_CURVE('',#890,#889,#532,.T.);
#1077=EDGE_CURVE('',#889,#883,#533,.T.);
#1078=EDGE_CURVE('',#885,#890,#534,.T.);
#1079=EDGE_CURVE('',#891,#892,#153,.T.);
#1080=EDGE_CURVE('',#893,#891,#535,.T.);
#1081=EDGE_CURVE('',#894,#893,#536,.T.);
#1082=EDGE_CURVE('',#895,#894,#537,.T.);
#1083=EDGE_CURVE('',#896,#895,#154,.T.);
#1084=EDGE_CURVE('',#897,#896,#155,.T.);
#1085=EDGE_CURVE('',#898,#897,#538,.T.);
#1086=EDGE_CURVE('',#899,#898,#156,.T.);
#1087=EDGE_CURVE('',#900,#899,#157,.T.);
#1088=EDGE_CURVE('',#901,#900,#539,.T.);
#1089=EDGE_CURVE('',#902,#901,#540,.T.);
#1090=EDGE_CURVE('',#903,#902,#541,.T.);
#1091=EDGE_CURVE('',#904,#903,#158,.T.);
#1092=EDGE_CURVE('',#905,#904,#542,.T.);
#1093=EDGE_CURVE('',#906,#905,#159,.T.);
#1094=EDGE_CURVE('',#907,#906,#543,.T.);
#1095=EDGE_CURVE('',#908,#907,#544,.T.);
#1096=EDGE_CURVE('',#909,#908,#545,.T.);
#1097=EDGE_CURVE('',#910,#909,#160,.T.);
#1098=EDGE_CURVE('',#911,#910,#161,.T.);
#1099=EDGE_CURVE('',#912,#911,#546,.T.);
#1100=EDGE_CURVE('',#913,#912,#162,.T.);
#1101=EDGE_CURVE('',#914,#913,#163,.T.);
#1102=EDGE_CURVE('',#915,#914,#547,.T.);
#1103=EDGE_CURVE('',#916,#915,#548,.T.);
#1104=EDGE_CURVE('',#917,#916,#549,.T.);
#1105=EDGE_CURVE('',#918,#917,#164,.T.);
#1106=EDGE_CURVE('',#892,#918,#550,.T.);
#1107=EDGE_CURVE('',#919,#919,#165,.T.);
#1108=EDGE_CURVE('',#920,#920,#166,.T.);
#1109=EDGE_CURVE('',#921,#921,#167,.T.);
#1110=EDGE_CURVE('',#922,#922,#168,.T.);
#1111=EDGE_CURVE('',#923,#923,#169,.T.);
#1112=EDGE_CURVE('',#924,#924,#170,.T.);
#1113=EDGE_CURVE('',#925,#925,#171,.T.);
#1114=EDGE_CURVE('',#926,#926,#172,.T.);
#1115=EDGE_CURVE('',#927,#927,#173,.T.);
#1116=EDGE_CURVE('',#928,#928,#174,.T.);
#1117=EDGE_CURVE('',#929,#929,#175,.T.);
#1118=EDGE_CURVE('',#930,#930,#176,.T.);
#1119=EDGE_CURVE('',#931,#931,#177,.T.);
#1120=EDGE_CURVE('',#932,#932,#178,.T.);
#1121=EDGE_CURVE('',#933,#933,#179,.T.);
#1122=EDGE_CURVE('',#934,#934,#180,.T.);
#1123=EDGE_CURVE('',#935,#935,#181,.T.);
#1124=EDGE_CURVE('',#936,#936,#182,.T.);
#1125=EDGE_CURVE('',#937,#937,#183,.T.);
#1126=EDGE_CURVE('',#938,#938,#184,.T.);
#1127=EDGE_CURVE('',#939,#939,#185,.T.);
#1128=EDGE_CURVE('',#940,#940,#186,.T.);
#1129=EDGE_CURVE('',#941,#941,#187,.T.);
#1130=EDGE_CURVE('',#942,#942,#188,.T.);
#1131=EDGE_CURVE('',#943,#943,#189,.T.);
#1132=EDGE_CURVE('',#944,#945,#551,.T.);
#1133=EDGE_CURVE('',#945,#946,#552,.T.);
#1134=EDGE_CURVE('',#946,#947,#553,.T.);
#1135=EDGE_CURVE('',#947,#944,#554,.T.);
#1136=EDGE_CURVE('',#948,#948,#190,.T.);
#1137=EDGE_CURVE('',#949,#949,#191,.T.);
#1138=EDGE_CURVE('',#950,#950,#192,.T.);
#1139=EDGE_CURVE('',#951,#952,#555,.T.);
#1140=EDGE_CURVE('',#952,#953,#556,.T.);
#1141=EDGE_CURVE('',#953,#954,#557,.T.);
#1142=EDGE_CURVE('',#954,#951,#558,.T.);
#1143=EDGE_CURVE('',#955,#955,#193,.T.);
#1144=EDGE_CURVE('',#956,#956,#194,.T.);
#1145=EDGE_CURVE('',#957,#958,#559,.T.);
#1146=EDGE_CURVE('',#958,#959,#560,.T.);
#1147=EDGE_CURVE('',#959,#960,#561,.T.);
#1148=EDGE_CURVE('',#960,#957,#562,.T.);
#1149=EDGE_CURVE('',#961,#961,#195,.T.);
#1150=EDGE_CURVE('',#962,#962,#196,.T.);
#1151=EDGE_CURVE('',#963,#963,#197,.T.);
#1152=EDGE_CURVE('',#964,#964,#198,.T.);
#1153=EDGE_CURVE('',#965,#966,#563,.T.);
#1154=EDGE_CURVE('',#966,#967,#564,.T.);
#1155=EDGE_CURVE('',#967,#968,#565,.T.);
#1156=EDGE_CURVE('',#968,#965,#566,.T.);
#1157=EDGE_CURVE('',#969,#970,#567,.T.);
#1158=EDGE_CURVE('',#970,#971,#568,.T.);
#1159=EDGE_CURVE('',#971,#972,#569,.T.);
#1160=EDGE_CURVE('',#972,#969,#570,.T.);
#1161=EDGE_CURVE('',#973,#973,#199,.T.);
#1162=EDGE_CURVE('',#974,#974,#200,.T.);
#1163=EDGE_CURVE('',#975,#976,#571,.T.);
#1164=EDGE_CURVE('',#976,#977,#572,.T.);
#1165=EDGE_CURVE('',#977,#978,#573,.T.);
#1166=EDGE_CURVE('',#978,#975,#574,.T.);
#1167=EDGE_CURVE('',#979,#980,#575,.T.);
#1168=EDGE_CURVE('',#979,#976,#576,.T.);
#1169=EDGE_CURVE('',#980,#975,#577,.T.);
#1170=EDGE_CURVE('',#981,#979,#578,.T.);
#1171=EDGE_CURVE('',#981,#977,#579,.T.);
#1172=EDGE_CURVE('',#982,#981,#580,.T.);
#1173=EDGE_CURVE('',#982,#978,#581,.T.);
#1174=EDGE_CURVE('',#980,#982,#582,.T.);
#1175=EDGE_CURVE('',#983,#983,#201,.T.);
#1176=EDGE_CURVE('',#983,#974,#583,.T.);
#1177=EDGE_CURVE('',#984,#984,#202,.T.);
#1178=EDGE_CURVE('',#984,#973,#584,.T.);
#1179=EDGE_CURVE('',#985,#986,#585,.T.);
#1180=EDGE_CURVE('',#985,#970,#586,.T.);
#1181=EDGE_CURVE('',#986,#969,#587,.T.);
#1182=EDGE_CURVE('',#987,#985,#588,.T.);
#1183=EDGE_CURVE('',#987,#971,#589,.T.);
#1184=EDGE_CURVE('',#988,#987,#590,.T.);
#1185=EDGE_CURVE('',#988,#972,#591,.T.);
#1186=EDGE_CURVE('',#986,#988,#592,.T.);
#1187=EDGE_CURVE('',#989,#990,#593,.T.);
#1188=EDGE_CURVE('',#989,#966,#594,.T.);
#1189=EDGE_CURVE('',#990,#965,#595,.T.);
#1190=EDGE_CURVE('',#991,#989,#596,.T.);
#1191=EDGE_CURVE('',#991,#967,#597,.T.);
#1192=EDGE_CURVE('',#992,#991,#598,.T.);
#1193=EDGE_CURVE('',#992,#968,#599,.T.);
#1194=EDGE_CURVE('',#990,#992,#600,.T.);
#1195=EDGE_CURVE('',#993,#993,#203,.T.);
#1196=EDGE_CURVE('',#993,#964,#601,.T.);
#1197=EDGE_CURVE('',#994,#994,#204,.T.);
#1198=EDGE_CURVE('',#994,#963,#602,.T.);
#1199=EDGE_CURVE('',#995,#995,#205,.T.);
#1200=EDGE_CURVE('',#995,#962,#603,.T.);
#1201=EDGE_CURVE('',#996,#996,#206,.T.);
#1202=EDGE_CURVE('',#996,#961,#604,.T.);
#1203=EDGE_CURVE('',#997,#998,#605,.T.);
#1204=EDGE_CURVE('',#997,#958,#606,.T.);
#1205=EDGE_CURVE('',#998,#957,#607,.T.);
#1206=EDGE_CURVE('',#999,#997,#608,.T.);
#1207=EDGE_CURVE('',#999,#959,#609,.T.);
#1208=EDGE_CURVE('',#1000,#999,#610,.T.);
#1209=EDGE_CURVE('',#1000,#960,#611,.T.);
#1210=EDGE_CURVE('',#998,#1000,#612,.T.);
#1211=EDGE_CURVE('',#1001,#1001,#207,.T.);
#1212=EDGE_CURVE('',#1001,#956,#613,.T.);
#1213=EDGE_CURVE('',#1002,#1002,#208,.T.);
#1214=EDGE_CURVE('',#1002,#955,#614,.T.);
#1215=EDGE_CURVE('',#1003,#1004,#615,.T.);
#1216=EDGE_CURVE('',#1003,#952,#616,.T.);
#1217=EDGE_CURVE('',#1004,#951,#617,.T.);
#1218=EDGE_CURVE('',#1005,#1003,#618,.T.);
#1219=EDGE_CURVE('',#1005,#953,#619,.T.);
#1220=EDGE_CURVE('',#1006,#1005,#620,.T.);
#1221=EDGE_CURVE('',#1006,#954,#621,.T.);
#1222=EDGE_CURVE('',#1004,#1006,#622,.T.);
#1223=EDGE_CURVE('',#1007,#1007,#209,.T.);
#1224=EDGE_CURVE('',#1007,#950,#623,.T.);
#1225=EDGE_CURVE('',#1008,#1008,#210,.T.);
#1226=EDGE_CURVE('',#1008,#949,#624,.T.);
#1227=EDGE_CURVE('',#1009,#1009,#211,.T.);
#1228=EDGE_CURVE('',#1009,#948,#625,.T.);
#1229=EDGE_CURVE('',#1010,#1011,#626,.T.);
#1230=EDGE_CURVE('',#1010,#945,#627,.T.);
#1231=EDGE_CURVE('',#1011,#944,#628,.T.);
#1232=EDGE_CURVE('',#1012,#1010,#629,.T.);
#1233=EDGE_CURVE('',#1012,#946,#630,.T.);
#1234=EDGE_CURVE('',#1013,#1012,#631,.T.);
#1235=EDGE_CURVE('',#1013,#947,#632,.T.);
#1236=EDGE_CURVE('',#1011,#1013,#633,.T.);
#1237=EDGE_CURVE('',#1014,#1014,#212,.T.);
#1238=EDGE_CURVE('',#1014,#943,#634,.T.);
#1239=EDGE_CURVE('',#1015,#1015,#213,.T.);
#1240=EDGE_CURVE('',#1015,#942,#635,.T.);
#1241=EDGE_CURVE('',#1016,#1016,#214,.T.);
#1242=EDGE_CURVE('',#1016,#941,#636,.T.);
#1243=EDGE_CURVE('',#1017,#1017,#215,.T.);
#1244=EDGE_CURVE('',#1017,#940,#637,.T.);
#1245=EDGE_CURVE('',#1018,#1018,#216,.T.);
#1246=EDGE_CURVE('',#1018,#939,#638,.T.);
#1247=EDGE_CURVE('',#1019,#1019,#217,.T.);
#1248=EDGE_CURVE('',#1019,#938,#639,.T.);
#1249=EDGE_CURVE('',#1020,#1020,#218,.T.);
#1250=EDGE_CURVE('',#1020,#937,#640,.T.);
#1251=EDGE_CURVE('',#1021,#1021,#219,.T.);
#1252=EDGE_CURVE('',#1021,#936,#641,.T.);
#1253=EDGE_CURVE('',#1022,#1022,#220,.T.);
#1254=EDGE_CURVE('',#1022,#935,#642,.T.);
#1255=EDGE_CURVE('',#1023,#1023,#221,.T.);
#1256=EDGE_CURVE('',#1023,#934,#643,.T.);
#1257=EDGE_CURVE('',#1024,#1024,#222,.T.);
#1258=EDGE_CURVE('',#1024,#933,#644,.T.);
#1259=EDGE_CURVE('',#1025,#1025,#223,.T.);
#1260=EDGE_CURVE('',#1025,#932,#645,.T.);
#1261=EDGE_CURVE('',#1026,#1026,#224,.T.);
#1262=EDGE_CURVE('',#1026,#931,#646,.T.);
#1263=EDGE_CURVE('',#1027,#1027,#225,.T.);
#1264=EDGE_CURVE('',#1027,#930,#647,.T.);
#1265=EDGE_CURVE('',#1028,#1028,#226,.T.);
#1266=EDGE_CURVE('',#1028,#929,#648,.T.);
#1267=EDGE_CURVE('',#1029,#1029,#227,.T.);
#1268=EDGE_CURVE('',#1029,#928,#649,.T.);
#1269=EDGE_CURVE('',#1030,#1030,#228,.T.);
#1270=EDGE_CURVE('',#1030,#927,#650,.T.);
#1271=EDGE_CURVE('',#1031,#1031,#229,.T.);
#1272=EDGE_CURVE('',#1031,#926,#651,.T.);
#1273=EDGE_CURVE('',#1032,#1032,#230,.T.);
#1274=EDGE_CURVE('',#1032,#925,#652,.T.);
#1275=EDGE_CURVE('',#1033,#1033,#231,.T.);
#1276=EDGE_CURVE('',#1033,#924,#653,.T.);
#1277=EDGE_CURVE('',#1034,#1034,#232,.T.);
#1278=EDGE_CURVE('',#1034,#923,#654,.T.);
#1279=EDGE_CURVE('',#1035,#1035,#233,.T.);
#1280=EDGE_CURVE('',#1035,#922,#655,.T.);
#1281=EDGE_CURVE('',#1036,#1036,#234,.T.);
#1282=EDGE_CURVE('',#1036,#921,#656,.T.);
#1283=EDGE_CURVE('',#1037,#1037,#235,.T.);
#1284=EDGE_CURVE('',#1037,#920,#657,.T.);
#1285=EDGE_CURVE('',#1038,#1038,#236,.T.);
#1286=EDGE_CURVE('',#1038,#919,#658,.T.);
#1287=EDGE_CURVE('',#1039,#1040,#237,.T.);
#1288=EDGE_CURVE('',#1040,#891,#659,.T.);
#1289=EDGE_CURVE('',#892,#1039,#660,.T.);
#1290=EDGE_CURVE('',#1041,#918,#661,.T.);
#1291=EDGE_CURVE('',#1039,#1041,#662,.T.);
#1292=EDGE_CURVE('',#1042,#1041,#238,.T.);
#1293=EDGE_CURVE('',#917,#1042,#663,.T.);
#1294=EDGE_CURVE('',#916,#1043,#664,.T.);
#1295=EDGE_CURVE('',#1042,#1043,#665,.T.);
#1296=EDGE_CURVE('',#1044,#1045,#239,.T.);
#1297=EDGE_CURVE('',#1045,#906,#666,.T.);
#1298=EDGE_CURVE('',#905,#1044,#667,.T.);
#1299=EDGE_CURVE('',#1046,#904,#668,.T.);
#1300=EDGE_CURVE('',#1044,#1046,#669,.T.);
#1301=EDGE_CURVE('',#1047,#1046,#240,.T.);
#1302=EDGE_CURVE('',#903,#1047,#670,.T.);
#1303=EDGE_CURVE('',#902,#1048,#671,.T.);
#1304=EDGE_CURVE('',#1047,#1048,#672,.T.);
#1305=EDGE_CURVE('',#1049,#1050,#241,.T.);
#1306=EDGE_CURVE('',#1050,#910,#673,.T.);
#1307=EDGE_CURVE('',#909,#1049,#674,.T.);
#1308=EDGE_CURVE('',#908,#1051,#675,.T.);
#1309=EDGE_CURVE('',#1049,#1051,#676,.T.);
#1310=EDGE_CURVE('',#1052,#1053,#242,.T.);
#1311=EDGE_CURVE('',#1053,#900,#677,.T.);
#1312=EDGE_CURVE('',#899,#1052,#678,.T.);
#1313=EDGE_CURVE('',#898,#1054,#679,.T.);
#1314=EDGE_CURVE('',#1052,#1054,#243,.T.);
#1315=EDGE_CURVE('',#1055,#1056,#244,.T.);
#1316=EDGE_CURVE('',#1056,#896,#680,.T.);
#1317=EDGE_CURVE('',#895,#1055,#681,.T.);
#1318=EDGE_CURVE('',#894,#1057,#682,.T.);
#1319=EDGE_CURVE('',#1055,#1057,#683,.T.);
#1320=EDGE_CURVE('',#1058,#1059,#245,.T.);
#1321=EDGE_CURVE('',#1059,#914,#684,.T.);
#1322=EDGE_CURVE('',#913,#1058,#685,.T.);
#1323=EDGE_CURVE('',#1060,#1059,#686,.T.);
#1324=EDGE_CURVE('',#915,#1060,#687,.T.);
#1325=EDGE_CURVE('',#901,#1061,#688,.T.);
#1326=EDGE_CURVE('',#1048,#1061,#689,.T.);
#1327=EDGE_CURVE('',#1062,#1045,#690,.T.);
#1328=EDGE_CURVE('',#907,#1062,#691,.T.);
#1329=EDGE_CURVE('',#1051,#1062,#692,.T.);
#1330=EDGE_CURVE('',#1063,#1050,#246,.T.);
#1331=EDGE_CURVE('',#911,#1063,#693,.T.);
#1332=EDGE_CURVE('',#1064,#1063,#694,.T.);
#1333=EDGE_CURVE('',#912,#1064,#695,.T.);
#1334=EDGE_CURVE('',#1058,#1064,#247,.T.);
#1335=EDGE_CURVE('',#1043,#1060,#696,.T.);
#1336=EDGE_CURVE('',#1065,#1040,#697,.T.);
#1337=EDGE_CURVE('',#893,#1065,#698,.T.);
#1338=EDGE_CURVE('',#1057,#1065,#699,.T.);
#1339=EDGE_CURVE('',#1066,#1056,#248,.T.);
#1340=EDGE_CURVE('',#897,#1066,#700,.T.);
#1341=EDGE_CURVE('',#1054,#1066,#701,.T.);
#1342=EDGE_CURVE('',#1061,#1053,#702,.T.);
#1343=ORIENTED_EDGE('',*,*,#1067,.F.);
#1344=ORIENTED_EDGE('',*,*,#1068,.F.);
#1345=ORIENTED_EDGE('',*,*,#1069,.F.);
#1346=ORIENTED_EDGE('',*,*,#1070,.T.);
#1347=ORIENTED_EDGE('',*,*,#1071,.F.);
#1348=ORIENTED_EDGE('',*,*,#1070,.F.);
#1349=ORIENTED_EDGE('',*,*,#1072,.F.);
#1350=ORIENTED_EDGE('',*,*,#1073,.T.);
#1351=ORIENTED_EDGE('',*,*,#1074,.F.);
#1352=ORIENTED_EDGE('',*,*,#1073,.F.);
#1353=ORIENTED_EDGE('',*,*,#1075,.F.);
#1354=ORIENTED_EDGE('',*,*,#1076,.T.);
#1355=ORIENTED_EDGE('',*,*,#1077,.F.);
#1356=ORIENTED_EDGE('',*,*,#1076,.F.);
#1357=ORIENTED_EDGE('',*,*,#1078,.F.);
#1358=ORIENTED_EDGE('',*,*,#1068,.T.);
#1359=ORIENTED_EDGE('',*,*,#1079,.F.);
#1360=ORIENTED_EDGE('',*,*,#1080,.F.);
#1361=ORIENTED_EDGE('',*,*,#1081,.F.);
#1362=ORIENTED_EDGE('',*,*,#1082,.F.);
#1363=ORIENTED_EDGE('',*,*,#1083,.F.);
#1364=ORIENTED_EDGE('',*,*,#1084,.F.);
#1365=ORIENTED_EDGE('',*,*,#1085,.F.);
#1366=ORIENTED_EDGE('',*,*,#1086,.F.);
#1367=ORIENTED_EDGE('',*,*,#1087,.F.);
#1368=ORIENTED_EDGE('',*,*,#1088,.F.);
#1369=ORIENTED_EDGE('',*,*,#1089,.F.);
#1370=ORIENTED_EDGE('',*,*,#1090,.F.);
#1371=ORIENTED_EDGE('',*,*,#1091,.F.);
#1372=ORIENTED_EDGE('',*,*,#1092,.F.);
#1373=ORIENTED_EDGE('',*,*,#1093,.F.);
#1374=ORIENTED_EDGE('',*,*,#1094,.F.);
#1375=ORIENTED_EDGE('',*,*,#1095,.F.);
#1376=ORIENTED_EDGE('',*,*,#1096,.F.);
#1377=ORIENTED_EDGE('',*,*,#1097,.F.);
#1378=ORIENTED_EDGE('',*,*,#1098,.F.);
#1379=ORIENTED_EDGE('',*,*,#1099,.F.);
#1380=ORIENTED_EDGE('',*,*,#1100,.F.);
#1381=ORIENTED_EDGE('',*,*,#1101,.F.);
#1382=ORIENTED_EDGE('',*,*,#1102,.F.);
#1383=ORIENTED_EDGE('',*,*,#1103,.F.);
#1384=ORIENTED_EDGE('',*,*,#1104,.F.);
#1385=ORIENTED_EDGE('',*,*,#1105,.F.);
#1386=ORIENTED_EDGE('',*,*,#1106,.F.);
#1387=ORIENTED_EDGE('',*,*,#1074,.T.);
#1388=ORIENTED_EDGE('',*,*,#1077,.T.);
#1389=ORIENTED_EDGE('',*,*,#1067,.T.);
#1390=ORIENTED_EDGE('',*,*,#1071,.T.);
#1391=ORIENTED_EDGE('',*,*,#1107,.T.);
#1392=ORIENTED_EDGE('',*,*,#1108,.T.);
#1393=ORIENTED_EDGE('',*,*,#1109,.T.);
#1394=ORIENTED_EDGE('',*,*,#1110,.T.);
#1395=ORIENTED_EDGE('',*,*,#1111,.T.);
#1396=ORIENTED_EDGE('',*,*,#1112,.T.);
#1397=ORIENTED_EDGE('',*,*,#1113,.T.);
#1398=ORIENTED_EDGE('',*,*,#1114,.T.);
#1399=ORIENTED_EDGE('',*,*,#1115,.T.);
#1400=ORIENTED_EDGE('',*,*,#1116,.T.);
#1401=ORIENTED_EDGE('',*,*,#1117,.T.);
#1402=ORIENTED_EDGE('',*,*,#1118,.T.);
#1403=ORIENTED_EDGE('',*,*,#1119,.T.);
#1404=ORIENTED_EDGE('',*,*,#1120,.T.);
#1405=ORIENTED_EDGE('',*,*,#1121,.T.);
#1406=ORIENTED_EDGE('',*,*,#1122,.T.);
#1407=ORIENTED_EDGE('',*,*,#1123,.T.);
#1408=ORIENTED_EDGE('',*,*,#1124,.T.);
#1409=ORIENTED_EDGE('',*,*,#1125,.T.);
#1410=ORIENTED_EDGE('',*,*,#1126,.T.);
#1411=ORIENTED_EDGE('',*,*,#1127,.T.);
#1412=ORIENTED_EDGE('',*,*,#1128,.T.);
#1413=ORIENTED_EDGE('',*,*,#1129,.T.);
#1414=ORIENTED_EDGE('',*,*,#1130,.T.);
#1415=ORIENTED_EDGE('',*,*,#1131,.T.);
#1416=ORIENTED_EDGE('',*,*,#1132,.T.);
#1417=ORIENTED_EDGE('',*,*,#1133,.T.);
#1418=ORIENTED_EDGE('',*,*,#1134,.T.);
#1419=ORIENTED_EDGE('',*,*,#1135,.T.);
#1420=ORIENTED_EDGE('',*,*,#1136,.T.);
#1421=ORIENTED_EDGE('',*,*,#1137,.T.);
#1422=ORIENTED_EDGE('',*,*,#1138,.T.);
#1423=ORIENTED_EDGE('',*,*,#1139,.T.);
#1424=ORIENTED_EDGE('',*,*,#1140,.T.);
#1425=ORIENTED_EDGE('',*,*,#1141,.T.);
#1426=ORIENTED_EDGE('',*,*,#1142,.T.);
#1427=ORIENTED_EDGE('',*,*,#1143,.T.);
#1428=ORIENTED_EDGE('',*,*,#1144,.T.);
#1429=ORIENTED_EDGE('',*,*,#1145,.T.);
#1430=ORIENTED_EDGE('',*,*,#1146,.T.);
#1431=ORIENTED_EDGE('',*,*,#1147,.T.);
#1432=ORIENTED_EDGE('',*,*,#1148,.T.);
#1433=ORIENTED_EDGE('',*,*,#1149,.T.);
#1434=ORIENTED_EDGE('',*,*,#1150,.T.);
#1435=ORIENTED_EDGE('',*,*,#1151,.T.);
#1436=ORIENTED_EDGE('',*,*,#1152,.T.);
#1437=ORIENTED_EDGE('',*,*,#1153,.T.);
#1438=ORIENTED_EDGE('',*,*,#1154,.T.);
#1439=ORIENTED_EDGE('',*,*,#1155,.T.);
#1440=ORIENTED_EDGE('',*,*,#1156,.T.);
#1441=ORIENTED_EDGE('',*,*,#1157,.T.);
#1442=ORIENTED_EDGE('',*,*,#1158,.T.);
#1443=ORIENTED_EDGE('',*,*,#1159,.T.);
#1444=ORIENTED_EDGE('',*,*,#1160,.T.);
#1445=ORIENTED_EDGE('',*,*,#1161,.T.);
#1446=ORIENTED_EDGE('',*,*,#1162,.T.);
#1447=ORIENTED_EDGE('',*,*,#1163,.T.);
#1448=ORIENTED_EDGE('',*,*,#1164,.T.);
#1449=ORIENTED_EDGE('',*,*,#1165,.T.);
#1450=ORIENTED_EDGE('',*,*,#1166,.T.);
#1451=ORIENTED_EDGE('',*,*,#1167,.F.);
#1452=ORIENTED_EDGE('',*,*,#1168,.T.);
#1453=ORIENTED_EDGE('',*,*,#1163,.F.);
#1454=ORIENTED_EDGE('',*,*,#1169,.F.);
#1455=ORIENTED_EDGE('',*,*,#1170,.F.);
#1456=ORIENTED_EDGE('',*,*,#1171,.T.);
#1457=ORIENTED_EDGE('',*,*,#1164,.F.);
#1458=ORIENTED_EDGE('',*,*,#1168,.F.);
#1459=ORIENTED_EDGE('',*,*,#1172,.F.);
#1460=ORIENTED_EDGE('',*,*,#1173,.T.);
#1461=ORIENTED_EDGE('',*,*,#1165,.F.);
#1462=ORIENTED_EDGE('',*,*,#1171,.F.);
#1463=ORIENTED_EDGE('',*,*,#1174,.F.);
#1464=ORIENTED_EDGE('',*,*,#1169,.T.);
#1465=ORIENTED_EDGE('',*,*,#1166,.F.);
#1466=ORIENTED_EDGE('',*,*,#1173,.F.);
#1467=ORIENTED_EDGE('',*,*,#1175,.F.);
#1468=ORIENTED_EDGE('',*,*,#1176,.T.);
#1469=ORIENTED_EDGE('',*,*,#1162,.F.);
#1470=ORIENTED_EDGE('',*,*,#1176,.F.);
#1471=ORIENTED_EDGE('',*,*,#1177,.F.);
#1472=ORIENTED_EDGE('',*,*,#1178,.T.);
#1473=ORIENTED_EDGE('',*,*,#1161,.F.);
#1474=ORIENTED_EDGE('',*,*,#1178,.F.);
#1475=ORIENTED_EDGE('',*,*,#1179,.F.);
#1476=ORIENTED_EDGE('',*,*,#1180,.T.);
#1477=ORIENTED_EDGE('',*,*,#1157,.F.);
#1478=ORIENTED_EDGE('',*,*,#1181,.F.);
#1479=ORIENTED_EDGE('',*,*,#1182,.F.);
#1480=ORIENTED_EDGE('',*,*,#1183,.T.);
#1481=ORIENTED_EDGE('',*,*,#1158,.F.);
#1482=ORIENTED_EDGE('',*,*,#1180,.F.);
#1483=ORIENTED_EDGE('',*,*,#1184,.F.);
#1484=ORIENTED_EDGE('',*,*,#1185,.T.);
#1485=ORIENTED_EDGE('',*,*,#1159,.F.);
#1486=ORIENTED_EDGE('',*,*,#1183,.F.);
#1487=ORIENTED_EDGE('',*,*,#1186,.F.);
#1488=ORIENTED_EDGE('',*,*,#1181,.T.);
#1489=ORIENTED_EDGE('',*,*,#1160,.F.);
#1490=ORIENTED_EDGE('',*,*,#1185,.F.);
#1491=ORIENTED_EDGE('',*,*,#1187,.F.);
#1492=ORIENTED_EDGE('',*,*,#1188,.T.);
#1493=ORIENTED_EDGE('',*,*,#1153,.F.);
#1494=ORIENTED_EDGE('',*,*,#1189,.F.);
#1495=ORIENTED_EDGE('',*,*,#1190,.F.);
#1496=ORIENTED_EDGE('',*,*,#1191,.T.);
#1497=ORIENTED_EDGE('',*,*,#1154,.F.);
#1498=ORIENTED_EDGE('',*,*,#1188,.F.);
#1499=ORIENTED_EDGE('',*,*,#1192,.F.);
#1500=ORIENTED_EDGE('',*,*,#1193,.T.);
#1501=ORIENTED_EDGE('',*,*,#1155,.F.);
#1502=ORIENTED_EDGE('',*,*,#1191,.F.);
#1503=ORIENTED_EDGE('',*,*,#1194,.F.);
#1504=ORIENTED_EDGE('',*,*,#1189,.T.);
#1505=ORIENTED_EDGE('',*,*,#1156,.F.);
#1506=ORIENTED_EDGE('',*,*,#1193,.F.);
#1507=ORIENTED_EDGE('',*,*,#1195,.F.);
#1508=ORIENTED_EDGE('',*,*,#1196,.T.);
#1509=ORIENTED_EDGE('',*,*,#1152,.F.);
#1510=ORIENTED_EDGE('',*,*,#1196,.F.);
#1511=ORIENTED_EDGE('',*,*,#1197,.F.);
#1512=ORIENTED_EDGE('',*,*,#1198,.T.);
#1513=ORIENTED_EDGE('',*,*,#1151,.F.);
#1514=ORIENTED_EDGE('',*,*,#1198,.F.);
#1515=ORIENTED_EDGE('',*,*,#1199,.F.);
#1516=ORIENTED_EDGE('',*,*,#1200,.T.);
#1517=ORIENTED_EDGE('',*,*,#1150,.F.);
#1518=ORIENTED_EDGE('',*,*,#1200,.F.);
#1519=ORIENTED_EDGE('',*,*,#1201,.F.);
#1520=ORIENTED_EDGE('',*,*,#1202,.T.);
#1521=ORIENTED_EDGE('',*,*,#1149,.F.);
#1522=ORIENTED_EDGE('',*,*,#1202,.F.);
#1523=ORIENTED_EDGE('',*,*,#1203,.F.);
#1524=ORIENTED_EDGE('',*,*,#1204,.T.);
#1525=ORIENTED_EDGE('',*,*,#1145,.F.);
#1526=ORIENTED_EDGE('',*,*,#1205,.F.);
#1527=ORIENTED_EDGE('',*,*,#1206,.F.);
#1528=ORIENTED_EDGE('',*,*,#1207,.T.);
#1529=ORIENTED_EDGE('',*,*,#1146,.F.);
#1530=ORIENTED_EDGE('',*,*,#1204,.F.);
#1531=ORIENTED_EDGE('',*,*,#1208,.F.);
#1532=ORIENTED_EDGE('',*,*,#1209,.T.);
#1533=ORIENTED_EDGE('',*,*,#1147,.F.);
#1534=ORIENTED_EDGE('',*,*,#1207,.F.);
#1535=ORIENTED_EDGE('',*,*,#1210,.F.);
#1536=ORIENTED_EDGE('',*,*,#1205,.T.);
#1537=ORIENTED_EDGE('',*,*,#1148,.F.);
#1538=ORIENTED_EDGE('',*,*,#1209,.F.);
#1539=ORIENTED_EDGE('',*,*,#1211,.F.);
#1540=ORIENTED_EDGE('',*,*,#1212,.T.);
#1541=ORIENTED_EDGE('',*,*,#1144,.F.);
#1542=ORIENTED_EDGE('',*,*,#1212,.F.);
#1543=ORIENTED_EDGE('',*,*,#1213,.F.);
#1544=ORIENTED_EDGE('',*,*,#1214,.T.);
#1545=ORIENTED_EDGE('',*,*,#1143,.F.);
#1546=ORIENTED_EDGE('',*,*,#1214,.F.);
#1547=ORIENTED_EDGE('',*,*,#1215,.F.);
#1548=ORIENTED_EDGE('',*,*,#1216,.T.);
#1549=ORIENTED_EDGE('',*,*,#1139,.F.);
#1550=ORIENTED_EDGE('',*,*,#1217,.F.);
#1551=ORIENTED_EDGE('',*,*,#1218,.F.);
#1552=ORIENTED_EDGE('',*,*,#1219,.T.);
#1553=ORIENTED_EDGE('',*,*,#1140,.F.);
#1554=ORIENTED_EDGE('',*,*,#1216,.F.);
#1555=ORIENTED_EDGE('',*,*,#1220,.F.);
#1556=ORIENTED_EDGE('',*,*,#1221,.T.);
#1557=ORIENTED_EDGE('',*,*,#1141,.F.);
#1558=ORIENTED_EDGE('',*,*,#1219,.F.);
#1559=ORIENTED_EDGE('',*,*,#1222,.F.);
#1560=ORIENTED_EDGE('',*,*,#1217,.T.);
#1561=ORIENTED_EDGE('',*,*,#1142,.F.);
#1562=ORIENTED_EDGE('',*,*,#1221,.F.);
#1563=ORIENTED_EDGE('',*,*,#1223,.F.);
#1564=ORIENTED_EDGE('',*,*,#1224,.T.);
#1565=ORIENTED_EDGE('',*,*,#1138,.F.);
#1566=ORIENTED_EDGE('',*,*,#1224,.F.);
#1567=ORIENTED_EDGE('',*,*,#1225,.F.);
#1568=ORIENTED_EDGE('',*,*,#1226,.T.);
#1569=ORIENTED_EDGE('',*,*,#1137,.F.);
#1570=ORIENTED_EDGE('',*,*,#1226,.F.);
#1571=ORIENTED_EDGE('',*,*,#1227,.F.);
#1572=ORIENTED_EDGE('',*,*,#1228,.T.);
#1573=ORIENTED_EDGE('',*,*,#1136,.F.);
#1574=ORIENTED_EDGE('',*,*,#1228,.F.);
#1575=ORIENTED_EDGE('',*,*,#1229,.F.);
#1576=ORIENTED_EDGE('',*,*,#1230,.T.);
#1577=ORIENTED_EDGE('',*,*,#1132,.F.);
#1578=ORIENTED_EDGE('',*,*,#1231,.F.);
#1579=ORIENTED_EDGE('',*,*,#1232,.F.);
#1580=ORIENTED_EDGE('',*,*,#1233,.T.);
#1581=ORIENTED_EDGE('',*,*,#1133,.F.);
#1582=ORIENTED_EDGE('',*,*,#1230,.F.);
#1583=ORIENTED_EDGE('',*,*,#1234,.F.);
#1584=ORIENTED_EDGE('',*,*,#1235,.T.);
#1585=ORIENTED_EDGE('',*,*,#1134,.F.);
#1586=ORIENTED_EDGE('',*,*,#1233,.F.);
#1587=ORIENTED_EDGE('',*,*,#1236,.F.);
#1588=ORIENTED_EDGE('',*,*,#1231,.T.);
#1589=ORIENTED_EDGE('',*,*,#1135,.F.);
#1590=ORIENTED_EDGE('',*,*,#1235,.F.);
#1591=ORIENTED_EDGE('',*,*,#1237,.F.);
#1592=ORIENTED_EDGE('',*,*,#1238,.T.);
#1593=ORIENTED_EDGE('',*,*,#1131,.F.);
#1594=ORIENTED_EDGE('',*,*,#1238,.F.);
#1595=ORIENTED_EDGE('',*,*,#1239,.F.);
#1596=ORIENTED_EDGE('',*,*,#1240,.T.);
#1597=ORIENTED_EDGE('',*,*,#1130,.F.);
#1598=ORIENTED_EDGE('',*,*,#1240,.F.);
#1599=ORIENTED_EDGE('',*,*,#1241,.F.);
#1600=ORIENTED_EDGE('',*,*,#1242,.T.);
#1601=ORIENTED_EDGE('',*,*,#1129,.F.);
#1602=ORIENTED_EDGE('',*,*,#1242,.F.);
#1603=ORIENTED_EDGE('',*,*,#1243,.F.);
#1604=ORIENTED_EDGE('',*,*,#1244,.T.);
#1605=ORIENTED_EDGE('',*,*,#1128,.F.);
#1606=ORIENTED_EDGE('',*,*,#1244,.F.);
#1607=ORIENTED_EDGE('',*,*,#1245,.F.);
#1608=ORIENTED_EDGE('',*,*,#1246,.T.);
#1609=ORIENTED_EDGE('',*,*,#1127,.F.);
#1610=ORIENTED_EDGE('',*,*,#1246,.F.);
#1611=ORIENTED_EDGE('',*,*,#1247,.F.);
#1612=ORIENTED_EDGE('',*,*,#1248,.T.);
#1613=ORIENTED_EDGE('',*,*,#1126,.F.);
#1614=ORIENTED_EDGE('',*,*,#1248,.F.);
#1615=ORIENTED_EDGE('',*,*,#1249,.F.);
#1616=ORIENTED_EDGE('',*,*,#1250,.T.);
#1617=ORIENTED_EDGE('',*,*,#1125,.F.);
#1618=ORIENTED_EDGE('',*,*,#1250,.F.);
#1619=ORIENTED_EDGE('',*,*,#1251,.F.);
#1620=ORIENTED_EDGE('',*,*,#1252,.T.);
#1621=ORIENTED_EDGE('',*,*,#1124,.F.);
#1622=ORIENTED_EDGE('',*,*,#1252,.F.);
#1623=ORIENTED_EDGE('',*,*,#1253,.F.);
#1624=ORIENTED_EDGE('',*,*,#1254,.T.);
#1625=ORIENTED_EDGE('',*,*,#1123,.F.);
#1626=ORIENTED_EDGE('',*,*,#1254,.F.);
#1627=ORIENTED_EDGE('',*,*,#1255,.F.);
#1628=ORIENTED_EDGE('',*,*,#1256,.T.);
#1629=ORIENTED_EDGE('',*,*,#1122,.F.);
#1630=ORIENTED_EDGE('',*,*,#1256,.F.);
#1631=ORIENTED_EDGE('',*,*,#1257,.F.);
#1632=ORIENTED_EDGE('',*,*,#1258,.T.);
#1633=ORIENTED_EDGE('',*,*,#1121,.F.);
#1634=ORIENTED_EDGE('',*,*,#1258,.F.);
#1635=ORIENTED_EDGE('',*,*,#1259,.F.);
#1636=ORIENTED_EDGE('',*,*,#1260,.T.);
#1637=ORIENTED_EDGE('',*,*,#1120,.F.);
#1638=ORIENTED_EDGE('',*,*,#1260,.F.);
#1639=ORIENTED_EDGE('',*,*,#1261,.F.);
#1640=ORIENTED_EDGE('',*,*,#1262,.T.);
#1641=ORIENTED_EDGE('',*,*,#1119,.F.);
#1642=ORIENTED_EDGE('',*,*,#1262,.F.);
#1643=ORIENTED_EDGE('',*,*,#1263,.F.);
#1644=ORIENTED_EDGE('',*,*,#1264,.T.);
#1645=ORIENTED_EDGE('',*,*,#1118,.F.);
#1646=ORIENTED_EDGE('',*,*,#1264,.F.);
#1647=ORIENTED_EDGE('',*,*,#1265,.F.);
#1648=ORIENTED_EDGE('',*,*,#1266,.T.);
#1649=ORIENTED_EDGE('',*,*,#1117,.F.);
#1650=ORIENTED_EDGE('',*,*,#1266,.F.);
#1651=ORIENTED_EDGE('',*,*,#1267,.F.);
#1652=ORIENTED_EDGE('',*,*,#1268,.T.);
#1653=ORIENTED_EDGE('',*,*,#1116,.F.);
#1654=ORIENTED_EDGE('',*,*,#1268,.F.);
#1655=ORIENTED_EDGE('',*,*,#1269,.F.);
#1656=ORIENTED_EDGE('',*,*,#1270,.T.);
#1657=ORIENTED_EDGE('',*,*,#1115,.F.);
#1658=ORIENTED_EDGE('',*,*,#1270,.F.);
#1659=ORIENTED_EDGE('',*,*,#1271,.F.);
#1660=ORIENTED_EDGE('',*,*,#1272,.T.);
#1661=ORIENTED_EDGE('',*,*,#1114,.F.);
#1662=ORIENTED_EDGE('',*,*,#1272,.F.);
#1663=ORIENTED_EDGE('',*,*,#1273,.F.);
#1664=ORIENTED_EDGE('',*,*,#1274,.T.);
#1665=ORIENTED_EDGE('',*,*,#1113,.F.);
#1666=ORIENTED_EDGE('',*,*,#1274,.F.);
#1667=ORIENTED_EDGE('',*,*,#1275,.F.);
#1668=ORIENTED_EDGE('',*,*,#1276,.T.);
#1669=ORIENTED_EDGE('',*,*,#1112,.F.);
#1670=ORIENTED_EDGE('',*,*,#1276,.F.);
#1671=ORIENTED_EDGE('',*,*,#1277,.F.);
#1672=ORIENTED_EDGE('',*,*,#1278,.T.);
#1673=ORIENTED_EDGE('',*,*,#1111,.F.);
#1674=ORIENTED_EDGE('',*,*,#1278,.F.);
#1675=ORIENTED_EDGE('',*,*,#1279,.F.);
#1676=ORIENTED_EDGE('',*,*,#1280,.T.);
#1677=ORIENTED_EDGE('',*,*,#1110,.F.);
#1678=ORIENTED_EDGE('',*,*,#1280,.F.);
#1679=ORIENTED_EDGE('',*,*,#1281,.F.);
#1680=ORIENTED_EDGE('',*,*,#1282,.T.);
#1681=ORIENTED_EDGE('',*,*,#1109,.F.);
#1682=ORIENTED_EDGE('',*,*,#1282,.F.);
#1683=ORIENTED_EDGE('',*,*,#1283,.F.);
#1684=ORIENTED_EDGE('',*,*,#1284,.T.);
#1685=ORIENTED_EDGE('',*,*,#1108,.F.);
#1686=ORIENTED_EDGE('',*,*,#1284,.F.);
#1687=ORIENTED_EDGE('',*,*,#1285,.F.);
#1688=ORIENTED_EDGE('',*,*,#1286,.T.);
#1689=ORIENTED_EDGE('',*,*,#1107,.F.);
#1690=ORIENTED_EDGE('',*,*,#1286,.F.);
#1691=ORIENTED_EDGE('',*,*,#1287,.T.);
#1692=ORIENTED_EDGE('',*,*,#1288,.T.);
#1693=ORIENTED_EDGE('',*,*,#1079,.T.);
#1694=ORIENTED_EDGE('',*,*,#1289,.T.);
#1695=ORIENTED_EDGE('',*,*,#1289,.F.);
#1696=ORIENTED_EDGE('',*,*,#1106,.T.);
#1697=ORIENTED_EDGE('',*,*,#1290,.F.);
#1698=ORIENTED_EDGE('',*,*,#1291,.F.);
#1699=ORIENTED_EDGE('',*,*,#1292,.T.);
#1700=ORIENTED_EDGE('',*,*,#1290,.T.);
#1701=ORIENTED_EDGE('',*,*,#1105,.T.);
#1702=ORIENTED_EDGE('',*,*,#1293,.T.);
#1703=ORIENTED_EDGE('',*,*,#1293,.F.);
#1704=ORIENTED_EDGE('',*,*,#1104,.T.);
#1705=ORIENTED_EDGE('',*,*,#1294,.T.);
#1706=ORIENTED_EDGE('',*,*,#1295,.F.);
#1707=ORIENTED_EDGE('',*,*,#1296,.T.);
#1708=ORIENTED_EDGE('',*,*,#1297,.T.);
#1709=ORIENTED_EDGE('',*,*,#1093,.T.);
#1710=ORIENTED_EDGE('',*,*,#1298,.T.);
#1711=ORIENTED_EDGE('',*,*,#1298,.F.);
#1712=ORIENTED_EDGE('',*,*,#1092,.T.);
#1713=ORIENTED_EDGE('',*,*,#1299,.F.);
#1714=ORIENTED_EDGE('',*,*,#1300,.F.);
#1715=ORIENTED_EDGE('',*,*,#1301,.T.);
#1716=ORIENTED_EDGE('',*,*,#1299,.T.);
#1717=ORIENTED_EDGE('',*,*,#1091,.T.);
#1718=ORIENTED_EDGE('',*,*,#1302,.T.);
#1719=ORIENTED_EDGE('',*,*,#1302,.F.);
#1720=ORIENTED_EDGE('',*,*,#1090,.T.);
#1721=ORIENTED_EDGE('',*,*,#1303,.T.);
#1722=ORIENTED_EDGE('',*,*,#1304,.F.);
#1723=ORIENTED_EDGE('',*,*,#1305,.T.);
#1724=ORIENTED_EDGE('',*,*,#1306,.T.);
#1725=ORIENTED_EDGE('',*,*,#1097,.T.);
#1726=ORIENTED_EDGE('',*,*,#1307,.T.);
#1727=ORIENTED_EDGE('',*,*,#1307,.F.);
#1728=ORIENTED_EDGE('',*,*,#1096,.T.);
#1729=ORIENTED_EDGE('',*,*,#1308,.T.);
#1730=ORIENTED_EDGE('',*,*,#1309,.F.);
#1731=ORIENTED_EDGE('',*,*,#1310,.T.);
#1732=ORIENTED_EDGE('',*,*,#1311,.T.);
#1733=ORIENTED_EDGE('',*,*,#1087,.T.);
#1734=ORIENTED_EDGE('',*,*,#1312,.T.);
#1735=ORIENTED_EDGE('',*,*,#1312,.F.);
#1736=ORIENTED_EDGE('',*,*,#1086,.T.);
#1737=ORIENTED_EDGE('',*,*,#1313,.T.);
#1738=ORIENTED_EDGE('',*,*,#1314,.F.);
#1739=ORIENTED_EDGE('',*,*,#1315,.T.);
#1740=ORIENTED_EDGE('',*,*,#1316,.T.);
#1741=ORIENTED_EDGE('',*,*,#1083,.T.);
#1742=ORIENTED_EDGE('',*,*,#1317,.T.);
#1743=ORIENTED_EDGE('',*,*,#1317,.F.);
#1744=ORIENTED_EDGE('',*,*,#1082,.T.);
#1745=ORIENTED_EDGE('',*,*,#1318,.T.);
#1746=ORIENTED_EDGE('',*,*,#1319,.F.);
#1747=ORIENTED_EDGE('',*,*,#1320,.T.);
#1748=ORIENTED_EDGE('',*,*,#1321,.T.);
#1749=ORIENTED_EDGE('',*,*,#1101,.T.);
#1750=ORIENTED_EDGE('',*,*,#1322,.T.);
#1751=ORIENTED_EDGE('',*,*,#1321,.F.);
#1752=ORIENTED_EDGE('',*,*,#1323,.F.);
#1753=ORIENTED_EDGE('',*,*,#1324,.F.);
#1754=ORIENTED_EDGE('',*,*,#1102,.T.);
#1755=ORIENTED_EDGE('',*,*,#1089,.T.);
#1756=ORIENTED_EDGE('',*,*,#1325,.T.);
#1757=ORIENTED_EDGE('',*,*,#1326,.F.);
#1758=ORIENTED_EDGE('',*,*,#1303,.F.);
#1759=ORIENTED_EDGE('',*,*,#1297,.F.);
#1760=ORIENTED_EDGE('',*,*,#1327,.F.);
#1761=ORIENTED_EDGE('',*,*,#1328,.F.);
#1762=ORIENTED_EDGE('',*,*,#1094,.T.);
#1763=ORIENTED_EDGE('',*,*,#1095,.T.);
#1764=ORIENTED_EDGE('',*,*,#1328,.T.);
#1765=ORIENTED_EDGE('',*,*,#1329,.F.);
#1766=ORIENTED_EDGE('',*,*,#1308,.F.);
#1767=ORIENTED_EDGE('',*,*,#1306,.F.);
#1768=ORIENTED_EDGE('',*,*,#1330,.F.);
#1769=ORIENTED_EDGE('',*,*,#1331,.F.);
#1770=ORIENTED_EDGE('',*,*,#1098,.T.);
#1771=ORIENTED_EDGE('',*,*,#1099,.T.);
#1772=ORIENTED_EDGE('',*,*,#1331,.T.);
#1773=ORIENTED_EDGE('',*,*,#1332,.F.);
#1774=ORIENTED_EDGE('',*,*,#1333,.F.);
#1775=ORIENTED_EDGE('',*,*,#1322,.F.);
#1776=ORIENTED_EDGE('',*,*,#1100,.T.);
#1777=ORIENTED_EDGE('',*,*,#1333,.T.);
#1778=ORIENTED_EDGE('',*,*,#1334,.F.);
#1779=ORIENTED_EDGE('',*,*,#1103,.T.);
#1780=ORIENTED_EDGE('',*,*,#1324,.T.);
#1781=ORIENTED_EDGE('',*,*,#1335,.F.);
#1782=ORIENTED_EDGE('',*,*,#1294,.F.);
#1783=ORIENTED_EDGE('',*,*,#1288,.F.);
#1784=ORIENTED_EDGE('',*,*,#1336,.F.);
#1785=ORIENTED_EDGE('',*,*,#1337,.F.);
#1786=ORIENTED_EDGE('',*,*,#1080,.T.);
#1787=ORIENTED_EDGE('',*,*,#1081,.T.);
#1788=ORIENTED_EDGE('',*,*,#1337,.T.);
#1789=ORIENTED_EDGE('',*,*,#1338,.F.);
#1790=ORIENTED_EDGE('',*,*,#1318,.F.);
#1791=ORIENTED_EDGE('',*,*,#1316,.F.);
#1792=ORIENTED_EDGE('',*,*,#1339,.F.);
#1793=ORIENTED_EDGE('',*,*,#1340,.F.);
#1794=ORIENTED_EDGE('',*,*,#1084,.T.);
#1795=ORIENTED_EDGE('',*,*,#1085,.T.);
#1796=ORIENTED_EDGE('',*,*,#1340,.T.);
#1797=ORIENTED_EDGE('',*,*,#1341,.F.);
#1798=ORIENTED_EDGE('',*,*,#1313,.F.);
#1799=ORIENTED_EDGE('',*,*,#1311,.F.);
#1800=ORIENTED_EDGE('',*,*,#1342,.F.);
#1801=ORIENTED_EDGE('',*,*,#1325,.F.);
#1802=ORIENTED_EDGE('',*,*,#1088,.T.);
#1803=ORIENTED_EDGE('',*,*,#1287,.F.);
#1804=ORIENTED_EDGE('',*,*,#1291,.T.);
#1805=ORIENTED_EDGE('',*,*,#1292,.F.);
#1806=ORIENTED_EDGE('',*,*,#1295,.T.);
#1807=ORIENTED_EDGE('',*,*,#1335,.T.);
#1808=ORIENTED_EDGE('',*,*,#1323,.T.);
#1809=ORIENTED_EDGE('',*,*,#1320,.F.);
#1810=ORIENTED_EDGE('',*,*,#1334,.T.);
#1811=ORIENTED_EDGE('',*,*,#1332,.T.);
#1812=ORIENTED_EDGE('',*,*,#1330,.T.);
#1813=ORIENTED_EDGE('',*,*,#1305,.F.);
#1814=ORIENTED_EDGE('',*,*,#1309,.T.);
#1815=ORIENTED_EDGE('',*,*,#1329,.T.);
#1816=ORIENTED_EDGE('',*,*,#1327,.T.);
#1817=ORIENTED_EDGE('',*,*,#1296,.F.);
#1818=ORIENTED_EDGE('',*,*,#1300,.T.);
#1819=ORIENTED_EDGE('',*,*,#1301,.F.);
#1820=ORIENTED_EDGE('',*,*,#1304,.T.);
#1821=ORIENTED_EDGE('',*,*,#1326,.T.);
#1822=ORIENTED_EDGE('',*,*,#1342,.T.);
#1823=ORIENTED_EDGE('',*,*,#1310,.F.);
#1824=ORIENTED_EDGE('',*,*,#1314,.T.);
#1825=ORIENTED_EDGE('',*,*,#1341,.T.);
#1826=ORIENTED_EDGE('',*,*,#1339,.T.);
#1827=ORIENTED_EDGE('',*,*,#1315,.F.);
#1828=ORIENTED_EDGE('',*,*,#1319,.T.);
#1829=ORIENTED_EDGE('',*,*,#1338,.T.);
#1830=ORIENTED_EDGE('',*,*,#1336,.T.);
#1831=ORIENTED_EDGE('',*,*,#1075,.T.);
#1832=ORIENTED_EDGE('',*,*,#1072,.T.);
#1833=ORIENTED_EDGE('',*,*,#1069,.T.);
#1834=ORIENTED_EDGE('',*,*,#1078,.T.);
#1835=ORIENTED_EDGE('',*,*,#1167,.T.);
#1836=ORIENTED_EDGE('',*,*,#1174,.T.);
#1837=ORIENTED_EDGE('',*,*,#1172,.T.);
#1838=ORIENTED_EDGE('',*,*,#1170,.T.);
#1839=ORIENTED_EDGE('',*,*,#1175,.T.);
#1840=ORIENTED_EDGE('',*,*,#1177,.T.);
#1841=ORIENTED_EDGE('',*,*,#1179,.T.);
#1842=ORIENTED_EDGE('',*,*,#1186,.T.);
#1843=ORIENTED_EDGE('',*,*,#1184,.T.);
#1844=ORIENTED_EDGE('',*,*,#1182,.T.);
#1845=ORIENTED_EDGE('',*,*,#1187,.T.);
#1846=ORIENTED_EDGE('',*,*,#1194,.T.);
#1847=ORIENTED_EDGE('',*,*,#1192,.T.);
#1848=ORIENTED_EDGE('',*,*,#1190,.T.);
#1849=ORIENTED_EDGE('',*,*,#1195,.T.);
#1850=ORIENTED_EDGE('',*,*,#1197,.T.);
#1851=ORIENTED_EDGE('',*,*,#1199,.T.);
#1852=ORIENTED_EDGE('',*,*,#1201,.T.);
#1853=ORIENTED_EDGE('',*,*,#1203,.T.);
#1854=ORIENTED_EDGE('',*,*,#1210,.T.);
#1855=ORIENTED_EDGE('',*,*,#1208,.T.);
#1856=ORIENTED_EDGE('',*,*,#1206,.T.);
#1857=ORIENTED_EDGE('',*,*,#1211,.T.);
#1858=ORIENTED_EDGE('',*,*,#1213,.T.);
#1859=ORIENTED_EDGE('',*,*,#1215,.T.);
#1860=ORIENTED_EDGE('',*,*,#1222,.T.);
#1861=ORIENTED_EDGE('',*,*,#1220,.T.);
#1862=ORIENTED_EDGE('',*,*,#1218,.T.);
#1863=ORIENTED_EDGE('',*,*,#1223,.T.);
#1864=ORIENTED_EDGE('',*,*,#1225,.T.);
#1865=ORIENTED_EDGE('',*,*,#1227,.T.);
#1866=ORIENTED_EDGE('',*,*,#1229,.T.);
#1867=ORIENTED_EDGE('',*,*,#1236,.T.);
#1868=ORIENTED_EDGE('',*,*,#1234,.T.);
#1869=ORIENTED_EDGE('',*,*,#1232,.T.);
#1870=ORIENTED_EDGE('',*,*,#1237,.T.);
#1871=ORIENTED_EDGE('',*,*,#1239,.T.);
#1872=ORIENTED_EDGE('',*,*,#1241,.T.);
#1873=ORIENTED_EDGE('',*,*,#1243,.T.);
#1874=ORIENTED_EDGE('',*,*,#1245,.T.);
#1875=ORIENTED_EDGE('',*,*,#1247,.T.);
#1876=ORIENTED_EDGE('',*,*,#1249,.T.);
#1877=ORIENTED_EDGE('',*,*,#1251,.T.);
#1878=ORIENTED_EDGE('',*,*,#1253,.T.);
#1879=ORIENTED_EDGE('',*,*,#1255,.T.);
#1880=ORIENTED_EDGE('',*,*,#1257,.T.);
#1881=ORIENTED_EDGE('',*,*,#1259,.T.);
#1882=ORIENTED_EDGE('',*,*,#1261,.T.);
#1883=ORIENTED_EDGE('',*,*,#1263,.T.);
#1884=ORIENTED_EDGE('',*,*,#1265,.T.);
#1885=ORIENTED_EDGE('',*,*,#1267,.T.);
#1886=ORIENTED_EDGE('',*,*,#1269,.T.);
#1887=ORIENTED_EDGE('',*,*,#1271,.T.);
#1888=ORIENTED_EDGE('',*,*,#1273,.T.);
#1889=ORIENTED_EDGE('',*,*,#1275,.T.);
#1890=ORIENTED_EDGE('',*,*,#1277,.T.);
#1891=ORIENTED_EDGE('',*,*,#1279,.T.);
#1892=ORIENTED_EDGE('',*,*,#1281,.T.);
#1893=ORIENTED_EDGE('',*,*,#1283,.T.);
#1894=ORIENTED_EDGE('',*,*,#1285,.T.);
#1895=PLANE('',#2050);
#1896=PLANE('',#2051);
#1897=PLANE('',#2052);
#1898=PLANE('',#2053);
#1899=PLANE('',#2054);
#1900=PLANE('',#2103);
#1901=PLANE('',#2104);
#1902=PLANE('',#2105);
#1903=PLANE('',#2106);
#1904=PLANE('',#2111);
#1905=PLANE('',#2112);
#1906=PLANE('',#2113);
#1907=PLANE('',#2114);
#1908=PLANE('',#2115);
#1909=PLANE('',#2116);
#1910=PLANE('',#2117);
#1911=PLANE('',#2118);
#1912=PLANE('',#2127);
#1913=PLANE('',#2128);
#1914=PLANE('',#2129);
#1915=PLANE('',#2130);
#1916=PLANE('',#2135);
#1917=PLANE('',#2136);
#1918=PLANE('',#2137);
#1919=PLANE('',#2138);
#1920=PLANE('',#2145);
#1921=PLANE('',#2146);
#1922=PLANE('',#2147);
#1923=PLANE('',#2148);
#1924=PLANE('',#2201);
#1925=PLANE('',#2204);
#1926=PLANE('',#2207);
#1927=PLANE('',#2210);
#1928=PLANE('',#2213);
#1929=PLANE('',#2220);
#1930=PLANE('',#2223);
#1931=PLANE('',#2224);
#1932=PLANE('',#2225);
#1933=PLANE('',#2226);
#1934=PLANE('',#2229);
#1935=PLANE('',#2232);
#1936=PLANE('',#2233);
#1937=PLANE('',#2234);
#1938=PLANE('',#2237);
#1939=PLANE('',#2238);
#1940=PLANE('',#2239);
#1941=ADVANCED_FACE('',(#249),#1895,.F.);
#1942=ADVANCED_FACE('',(#250),#1896,.F.);
#1943=ADVANCED_FACE('',(#251),#1897,.F.);
#1944=ADVANCED_FACE('',(#252),#1898,.F.);
#1945=ADVANCED_FACE('',(#253,#67,#68,#69,#70,#71,#72,#73,#74,#75,#76,#77,
#78,#79,#80,#81,#82,#83,#84,#85,#86,#87,#88,#89,#90,#91,#92,#93,#94,#95,
#96,#97,#98,#99,#100,#101,#102,#103,#104,#105,#106,#107,#108,#109),#1899,
 .F.);
#1946=ADVANCED_FACE('',(#254),#1900,.F.);
#1947=ADVANCED_FACE('',(#255),#1901,.F.);
#1948=ADVANCED_FACE('',(#256),#1902,.F.);
#1949=ADVANCED_FACE('',(#257),#1903,.F.);
#1950=ADVANCED_FACE('',(#258),#19,.F.);
#1951=ADVANCED_FACE('',(#259),#20,.F.);
#1952=ADVANCED_FACE('',(#260),#1904,.F.);
#1953=ADVANCED_FACE('',(#261),#1905,.F.);
#1954=ADVANCED_FACE('',(#262),#1906,.F.);
#1955=ADVANCED_FACE('',(#263),#1907,.F.);
#1956=ADVANCED_FACE('',(#264),#1908,.F.);
#1957=ADVANCED_FACE('',(#265),#1909,.F.);
#1958=ADVANCED_FACE('',(#266),#1910,.F.);
#1959=ADVANCED_FACE('',(#267),#1911,.F.);
#1960=ADVANCED_FACE('',(#268),#21,.F.);
#1961=ADVANCED_FACE('',(#269),#22,.F.);
#1962=ADVANCED_FACE('',(#270),#23,.F.);
#1963=ADVANCED_FACE('',(#271),#24,.F.);
#1964=ADVANCED_FACE('',(#272),#1912,.F.);
#1965=ADVANCED_FACE('',(#273),#1913,.F.);
#1966=ADVANCED_FACE('',(#274),#1914,.F.);
#1967=ADVANCED_FACE('',(#275),#1915,.F.);
#1968=ADVANCED_FACE('',(#276),#25,.F.);
#1969=ADVANCED_FACE('',(#277),#26,.F.);
#1970=ADVANCED_FACE('',(#278),#1916,.F.);
#1971=ADVANCED_FACE('',(#279),#1917,.F.);
#1972=ADVANCED_FACE('',(#280),#1918,.F.);
#1973=ADVANCED_FACE('',(#281),#1919,.F.);
#1974=ADVANCED_FACE('',(#282),#27,.F.);
#1975=ADVANCED_FACE('',(#283),#28,.F.);
#1976=ADVANCED_FACE('',(#284),#29,.F.);
#1977=ADVANCED_FACE('',(#285),#1920,.F.);
#1978=ADVANCED_FACE('',(#286),#1921,.F.);
#1979=ADVANCED_FACE('',(#287),#1922,.F.);
#1980=ADVANCED_FACE('',(#288),#1923,.F.);
#1981=ADVANCED_FACE('',(#289),#30,.F.);
#1982=ADVANCED_FACE('',(#290),#31,.F.);
#1983=ADVANCED_FACE('',(#291),#32,.F.);
#1984=ADVANCED_FACE('',(#292),#33,.F.);
#1985=ADVANCED_FACE('',(#293),#34,.F.);
#1986=ADVANCED_FACE('',(#294),#35,.F.);
#1987=ADVANCED_FACE('',(#295),#36,.F.);
#1988=ADVANCED_FACE('',(#296),#37,.F.);
#1989=ADVANCED_FACE('',(#297),#38,.F.);
#1990=ADVANCED_FACE('',(#298),#39,.F.);
#1991=ADVANCED_FACE('',(#299),#40,.F.);
#1992=ADVANCED_FACE('',(#300),#41,.F.);
#1993=ADVANCED_FACE('',(#301),#42,.F.);
#1994=ADVANCED_FACE('',(#302),#43,.F.);
#1995=ADVANCED_FACE('',(#303),#44,.F.);
#1996=ADVANCED_FACE('',(#304),#45,.F.);
#1997=ADVANCED_FACE('',(#305),#46,.F.);
#1998=ADVANCED_FACE('',(#306),#47,.F.);
#1999=ADVANCED_FACE('',(#307),#48,.F.);
#2000=ADVANCED_FACE('',(#308),#49,.F.);
#2001=ADVANCED_FACE('',(#309),#50,.F.);
#2002=ADVANCED_FACE('',(#310),#51,.F.);
#2003=ADVANCED_FACE('',(#311),#52,.F.);
#2004=ADVANCED_FACE('',(#312),#53,.F.);
#2005=ADVANCED_FACE('',(#313),#54,.F.);
#2006=ADVANCED_FACE('',(#314),#55,.T.);
#2007=ADVANCED_FACE('',(#315),#1924,.T.);
#2008=ADVANCED_FACE('',(#316),#56,.T.);
#2009=ADVANCED_FACE('',(#317),#1925,.T.);
#2010=ADVANCED_FACE('',(#318),#57,.T.);
#2011=ADVANCED_FACE('',(#319),#1926,.T.);
#2012=ADVANCED_FACE('',(#320),#58,.T.);
#2013=ADVANCED_FACE('',(#321),#1927,.T.);
#2014=ADVANCED_FACE('',(#322),#59,.T.);
#2015=ADVANCED_FACE('',(#323),#1928,.T.);
#2016=ADVANCED_FACE('',(#324),#60,.T.);
#2017=ADVANCED_FACE('',(#325),#61,.T.);
#2018=ADVANCED_FACE('',(#326),#62,.T.);
#2019=ADVANCED_FACE('',(#327),#1929,.T.);
#2020=ADVANCED_FACE('',(#328),#63,.T.);
#2021=ADVANCED_FACE('',(#329),#1930,.T.);
#2022=ADVANCED_FACE('',(#330),#1931,.T.);
#2023=ADVANCED_FACE('',(#331),#1932,.T.);
#2024=ADVANCED_FACE('',(#332),#1933,.T.);
#2025=ADVANCED_FACE('',(#333),#64,.T.);
#2026=ADVANCED_FACE('',(#334),#1934,.T.);
#2027=ADVANCED_FACE('',(#335),#65,.T.);
#2028=ADVANCED_FACE('',(#336),#1935,.T.);
#2029=ADVANCED_FACE('',(#337),#1936,.T.);
#2030=ADVANCED_FACE('',(#338),#1937,.T.);
#2031=ADVANCED_FACE('',(#339),#66,.T.);
#2032=ADVANCED_FACE('',(#340),#1938,.T.);
#2033=ADVANCED_FACE('',(#341),#1939,.T.);
#2034=ADVANCED_FACE('',(#342,#110,#111,#112,#113,#114,#115,#116,#117,#118,
#119,#120,#121,#122,#123,#124,#125,#126,#127,#128,#129,#130,#131,#132,#133,
#134,#135,#136,#137,#138,#139,#140,#141,#142,#143,#144,#145,#146,#147,#148,
#149,#150,#151,#152),#1940,.T.);
#2035=CLOSED_SHELL('',(#1941,#1942,#1943,#1944,#1945,#1946,#1947,#1948,
#1949,#1950,#1951,#1952,#1953,#1954,#1955,#1956,#1957,#1958,#1959,#1960,
#1961,#1962,#1963,#1964,#1965,#1966,#1967,#1968,#1969,#1970,#1971,#1972,
#1973,#1974,#1975,#1976,#1977,#1978,#1979,#1980,#1981,#1982,#1983,#1984,
#1985,#1986,#1987,#1988,#1989,#1990,#1991,#1992,#1993,#1994,#1995,#1996,
#1997,#1998,#1999,#2000,#2001,#2002,#2003,#2004,#2005,#2006,#2007,#2008,
#2009,#2010,#2011,#2012,#2013,#2014,#2015,#2016,#2017,#2018,#2019,#2020,
#2021,#2022,#2023,#2024,#2025,#2026,#2027,#2028,#2029,#2030,#2031,#2032,
#2033,#2034));
#2036=DERIVED_UNIT_ELEMENT(#2038,1.);
#2037=DERIVED_UNIT_ELEMENT(#3371,-3.);
#2038=(
MASS_UNIT()
NAMED_UNIT(*)
SI_UNIT(.KILO.,.GRAM.)
);
#2039=DERIVED_UNIT((#2036,#2037));
#2040=MEASURE_REPRESENTATION_ITEM('density measure',
POSITIVE_RATIO_MEASURE(7850.),#2039);
#2041=PROPERTY_DEFINITION_REPRESENTATION(#2046,#2043);
#2042=PROPERTY_DEFINITION_REPRESENTATION(#2047,#2044);
#2043=REPRESENTATION('material name',(#2045),#3368);
#2044=REPRESENTATION('density',(#2040),#3368);
#2045=DESCRIPTIVE_REPRESENTATION_ITEM('Steel','Steel');
#2046=PROPERTY_DEFINITION('material property','material name',#3383);
#2047=PROPERTY_DEFINITION('material property','density of part',#3383);
#2048=AXIS2_PLACEMENT_3D('',#2807,#2241,#2242);
#2049=AXIS2_PLACEMENT_3D('',#2808,#2243,#2244);
#2050=AXIS2_PLACEMENT_3D('',#2809,#2245,#2246);
#2051=AXIS2_PLACEMENT_3D('',#2818,#2251,#2252);
#2052=AXIS2_PLACEMENT_3D('',#2824,#2256,#2257);
#2053=AXIS2_PLACEMENT_3D('',#2830,#2261,#2262);
#2054=AXIS2_PLACEMENT_3D('',#2833,#2265,#2266);
#2055=AXIS2_PLACEMENT_3D('',#2836,#2267,#2268);
#2056=AXIS2_PLACEMENT_3D('',#2844,#2272,#2273);
#2057=AXIS2_PLACEMENT_3D('',#2846,#2274,#2275);
#2058=AXIS2_PLACEMENT_3D('',#2850,#2277,#2278);
#2059=AXIS2_PLACEMENT_3D('',#2852,#2279,#2280);
#2060=AXIS2_PLACEMENT_3D('',#2860,#2284,#2285);
#2061=AXIS2_PLACEMENT_3D('',#2864,#2287,#2288);
#2062=AXIS2_PLACEMENT_3D('',#2872,#2292,#2293);
#2063=AXIS2_PLACEMENT_3D('',#2874,#2294,#2295);
#2064=AXIS2_PLACEMENT_3D('',#2878,#2297,#2298);
#2065=AXIS2_PLACEMENT_3D('',#2880,#2299,#2300);
#2066=AXIS2_PLACEMENT_3D('',#2888,#2304,#2305);
#2067=AXIS2_PLACEMENT_3D('',#2891,#2307,#2308);
#2068=AXIS2_PLACEMENT_3D('',#2893,#2309,#2310);
#2069=AXIS2_PLACEMENT_3D('',#2895,#2311,#2312);
#2070=AXIS2_PLACEMENT_3D('',#2897,#2313,#2314);
#2071=AXIS2_PLACEMENT_3D('',#2899,#2315,#2316);
#2072=AXIS2_PLACEMENT_3D('',#2901,#2317,#2318);
#2073=AXIS2_PLACEMENT_3D('',#2903,#2319,#2320);
#2074=AXIS2_PLACEMENT_3D('',#2905,#2321,#2322);
#2075=AXIS2_PLACEMENT_3D('',#2907,#2323,#2324);
#2076=AXIS2_PLACEMENT_3D('',#2909,#2325,#2326);
#2077=AXIS2_PLACEMENT_3D('',#2911,#2327,#2328);
#2078=AXIS2_PLACEMENT_3D('',#2913,#2329,#2330);
#2079=AXIS2_PLACEMENT_3D('',#2915,#2331,#2332);
#2080=AXIS2_PLACEMENT_3D('',#2917,#2333,#2334);
#2081=AXIS2_PLACEMENT_3D('',#2919,#2335,#2336);
#2082=AXIS2_PLACEMENT_3D('',#2921,#2337,#2338);
#2083=AXIS2_PLACEMENT_3D('',#2923,#2339,#2340);
#2084=AXIS2_PLACEMENT_3D('',#2925,#2341,#2342);
#2085=AXIS2_PLACEMENT_3D('',#2927,#2343,#2344);
#2086=AXIS2_PLACEMENT_3D('',#2929,#2345,#2346);
#2087=AXIS2_PLACEMENT_3D('',#2931,#2347,#2348);
#2088=AXIS2_PLACEMENT_3D('',#2933,#2349,#2350);
#2089=AXIS2_PLACEMENT_3D('',#2935,#2351,#2352);
#2090=AXIS2_PLACEMENT_3D('',#2937,#2353,#2354);
#2091=AXIS2_PLACEMENT_3D('',#2939,#2355,#2356);
#2092=AXIS2_PLACEMENT_3D('',#2949,#2361,#2362);
#2093=AXIS2_PLACEMENT_3D('',#2951,#2363,#2364);
#2094=AXIS2_PLACEMENT_3D('',#2953,#2365,#2366);
#2095=AXIS2_PLACEMENT_3D('',#2963,#2371,#2372);
#2096=AXIS2_PLACEMENT_3D('',#2965,#2373,#2374);
#2097=AXIS2_PLACEMENT_3D('',#2975,#2379,#2380);
#2098=AXIS2_PLACEMENT_3D('',#2977,#2381,#2382);
#2099=AXIS2_PLACEMENT_3D('',#2979,#2383,#2384);
#2100=AXIS2_PLACEMENT_3D('',#2981,#2385,#2386);
#2101=AXIS2_PLACEMENT_3D('',#2999,#2395,#2396);
#2102=AXIS2_PLACEMENT_3D('',#3001,#2397,#2398);
#2103=AXIS2_PLACEMENT_3D('',#3010,#2403,#2404);
#2104=AXIS2_PLACEMENT_3D('',#3016,#2408,#2409);
#2105=AXIS2_PLACEMENT_3D('',#3020,#2412,#2413);
#2106=AXIS2_PLACEMENT_3D('',#3024,#2416,#2417);
#2107=AXIS2_PLACEMENT_3D('',#3026,#2419,#2420);
#2108=AXIS2_PLACEMENT_3D('',#3028,#2421,#2422);
#2109=AXIS2_PLACEMENT_3D('',#3030,#2424,#2425);
#2110=AXIS2_PLACEMENT_3D('',#3032,#2426,#2427);
#2111=AXIS2_PLACEMENT_3D('',#3034,#2429,#2430);
#2112=AXIS2_PLACEMENT_3D('',#3040,#2434,#2435);
#2113=AXIS2_PLACEMENT_3D('',#3044,#2438,#2439);
#2114=AXIS2_PLACEMENT_3D('',#3048,#2442,#2443);
#2115=AXIS2_PLACEMENT_3D('',#3050,#2445,#2446);
#2116=AXIS2_PLACEMENT_3D('',#3056,#2450,#2451);
#2117=AXIS2_PLACEMENT_3D('',#3060,#2454,#2455);
#2118=AXIS2_PLACEMENT_3D('',#3064,#2458,#2459);
#2119=AXIS2_PLACEMENT_3D('',#3066,#2461,#2462);
#2120=AXIS2_PLACEMENT_3D('',#3068,#2463,#2464);
#2121=AXIS2_PLACEMENT_3D('',#3070,#2466,#2467);
#2122=AXIS2_PLACEMENT_3D('',#3072,#2468,#2469);
#2123=AXIS2_PLACEMENT_3D('',#3074,#2471,#2472);
#2124=AXIS2_PLACEMENT_3D('',#3076,#2473,#2474);
#2125=AXIS2_PLACEMENT_3D('',#3078,#2476,#2477);
#2126=AXIS2_PLACEMENT_3D('',#3080,#2478,#2479);
#2127=AXIS2_PLACEMENT_3D('',#3082,#2481,#2482);
#2128=AXIS2_PLACEMENT_3D('',#3088,#2486,#2487);
#2129=AXIS2_PLACEMENT_3D('',#3092,#2490,#2491);
#2130=AXIS2_PLACEMENT_3D('',#3096,#2494,#2495);
#2131=AXIS2_PLACEMENT_3D('',#3098,#2497,#2498);
#2132=AXIS2_PLACEMENT_3D('',#3100,#2499,#2500);
#2133=AXIS2_PLACEMENT_3D('',#3102,#2502,#2503);
#2134=AXIS2_PLACEMENT_3D('',#3104,#2504,#2505);
#2135=AXIS2_PLACEMENT_3D('',#3106,#2507,#2508);
#2136=AXIS2_PLACEMENT_3D('',#3112,#2512,#2513);
#2137=AXIS2_PLACEMENT_3D('',#3116,#2516,#2517);
#2138=AXIS2_PLACEMENT_3D('',#3120,#2520,#2521);
#2139=AXIS2_PLACEMENT_3D('',#3122,#2523,#2524);
#2140=AXIS2_PLACEMENT_3D('',#3124,#2525,#2526);
#2141=AXIS2_PLACEMENT_3D('',#3126,#2528,#2529);
#2142=AXIS2_PLACEMENT_3D('',#3128,#2530,#2531);
#2143=AXIS2_PLACEMENT_3D('',#3130,#2533,#2534);
#2144=AXIS2_PLACEMENT_3D('',#3132,#2535,#2536);
#2145=AXIS2_PLACEMENT_3D('',#3134,#2538,#2539);
#2146=AXIS2_PLACEMENT_3D('',#3140,#2543,#2544);
#2147=AXIS2_PLACEMENT_3D('',#3144,#2547,#2548);
#2148=AXIS2_PLACEMENT_3D('',#3148,#2551,#2552);
#2149=AXIS2_PLACEMENT_3D('',#3150,#2554,#2555);
#2150=AXIS2_PLACEMENT_3D('',#3152,#2556,#2557);
#2151=AXIS2_PLACEMENT_3D('',#3154,#2559,#2560);
#2152=AXIS2_PLACEMENT_3D('',#3156,#2561,#2562);
#2153=AXIS2_PLACEMENT_3D('',#3158,#2564,#2565);
#2154=AXIS2_PLACEMENT_3D('',#3160,#2566,#2567);
#2155=AXIS2_PLACEMENT_3D('',#3162,#2569,#2570);
#2156=AXIS2_PLACEMENT_3D('',#3164,#2571,#2572);
#2157=AXIS2_PLACEMENT_3D('',#3166,#2574,#2575);
#2158=AXIS2_PLACEMENT_3D('',#3168,#2576,#2577);
#2159=AXIS2_PLACEMENT_3D('',#3170,#2579,#2580);
#2160=AXIS2_PLACEMENT_3D('',#3172,#2581,#2582);
#2161=AXIS2_PLACEMENT_3D('',#3174,#2584,#2585);
#2162=AXIS2_PLACEMENT_3D('',#3176,#2586,#2587);
#2163=AXIS2_PLACEMENT_3D('',#3178,#2589,#2590);
#2164=AXIS2_PLACEMENT_3D('',#3180,#2591,#2592);
#2165=AXIS2_PLACEMENT_3D('',#3182,#2594,#2595);
#2166=AXIS2_PLACEMENT_3D('',#3184,#2596,#2597);
#2167=AXIS2_PLACEMENT_3D('',#3186,#2599,#2600);
#2168=AXIS2_PLACEMENT_3D('',#3188,#2601,#2602);
#2169=AXIS2_PLACEMENT_3D('',#3190,#2604,#2605);
#2170=AXIS2_PLACEMENT_3D('',#3192,#2606,#2607);
#2171=AXIS2_PLACEMENT_3D('',#3194,#2609,#2610);
#2172=AXIS2_PLACEMENT_3D('',#3196,#2611,#2612);
#2173=AXIS2_PLACEMENT_3D('',#3198,#2614,#2615);
#2174=AXIS2_PLACEMENT_3D('',#3200,#2616,#2617);
#2175=AXIS2_PLACEMENT_3D('',#3202,#2619,#2620);
#2176=AXIS2_PLACEMENT_3D('',#3204,#2621,#2622);
#2177=AXIS2_PLACEMENT_3D('',#3206,#2624,#2625);
#2178=AXIS2_PLACEMENT_3D('',#3208,#2626,#2627);
#2179=AXIS2_PLACEMENT_3D('',#3210,#2629,#2630);
#2180=AXIS2_PLACEMENT_3D('',#3212,#2631,#2632);
#2181=AXIS2_PLACEMENT_3D('',#3214,#2634,#2635);
#2182=AXIS2_PLACEMENT_3D('',#3216,#2636,#2637);
#2183=AXIS2_PLACEMENT_3D('',#3218,#2639,#2640);
#2184=AXIS2_PLACEMENT_3D('',#3220,#2641,#2642);
#2185=AXIS2_PLACEMENT_3D('',#3222,#2644,#2645);
#2186=AXIS2_PLACEMENT_3D('',#3224,#2646,#2647);
#2187=AXIS2_PLACEMENT_3D('',#3226,#2649,#2650);
#2188=AXIS2_PLACEMENT_3D('',#3228,#2651,#2652);
#2189=AXIS2_PLACEMENT_3D('',#3230,#2654,#2655);
#2190=AXIS2_PLACEMENT_3D('',#3232,#2656,#2657);
#2191=AXIS2_PLACEMENT_3D('',#3234,#2659,#2660);
#2192=AXIS2_PLACEMENT_3D('',#3236,#2661,#2662);
#2193=AXIS2_PLACEMENT_3D('',#3238,#2664,#2665);
#2194=AXIS2_PLACEMENT_3D('',#3240,#2666,#2667);
#2195=AXIS2_PLACEMENT_3D('',#3242,#2669,#2670);
#2196=AXIS2_PLACEMENT_3D('',#3244,#2671,#2672);
#2197=AXIS2_PLACEMENT_3D('',#3246,#2674,#2675);
#2198=AXIS2_PLACEMENT_3D('',#3248,#2676,#2677);
#2199=AXIS2_PLACEMENT_3D('',#3250,#2679,#2680);
#2200=AXIS2_PLACEMENT_3D('',#3253,#2681,#2682);
#2201=AXIS2_PLACEMENT_3D('',#3256,#2685,#2686);
#2202=AXIS2_PLACEMENT_3D('',#3260,#2689,#2690);
#2203=AXIS2_PLACEMENT_3D('',#3262,#2691,#2692);
#2204=AXIS2_PLACEMENT_3D('',#3264,#2694,#2695);
#2205=AXIS2_PLACEMENT_3D('',#3268,#2698,#2699);
#2206=AXIS2_PLACEMENT_3D('',#3271,#2700,#2701);
#2207=AXIS2_PLACEMENT_3D('',#3274,#2704,#2705);
#2208=AXIS2_PLACEMENT_3D('',#3278,#2708,#2709);
#2209=AXIS2_PLACEMENT_3D('',#3280,#2710,#2711);
#2210=AXIS2_PLACEMENT_3D('',#3282,#2713,#2714);
#2211=AXIS2_PLACEMENT_3D('',#3286,#2717,#2718);
#2212=AXIS2_PLACEMENT_3D('',#3289,#2719,#2720);
#2213=AXIS2_PLACEMENT_3D('',#3292,#2723,#2724);
#2214=AXIS2_PLACEMENT_3D('',#3296,#2727,#2728);
#2215=AXIS2_PLACEMENT_3D('',#3299,#2729,#2730);
#2216=AXIS2_PLACEMENT_3D('',#3302,#2733,#2734);
#2217=AXIS2_PLACEMENT_3D('',#3305,#2736,#2737);
#2218=AXIS2_PLACEMENT_3D('',#3306,#2738,#2739);
#2219=AXIS2_PLACEMENT_3D('',#3309,#2740,#2741);
#2220=AXIS2_PLACEMENT_3D('',#3312,#2744,#2745);
#2221=AXIS2_PLACEMENT_3D('',#3316,#2748,#2749);
#2222=AXIS2_PLACEMENT_3D('',#3319,#2750,#2751);
#2223=AXIS2_PLACEMENT_3D('',#3322,#2754,#2755);
#2224=AXIS2_PLACEMENT_3D('',#3326,#2758,#2759);
#2225=AXIS2_PLACEMENT_3D('',#3330,#2762,#2763);
#2226=AXIS2_PLACEMENT_3D('',#3334,#2766,#2767);
#2227=AXIS2_PLACEMENT_3D('',#3336,#2769,#2770);
#2228=AXIS2_PLACEMENT_3D('',#3338,#2771,#2772);
#2229=AXIS2_PLACEMENT_3D('',#3340,#2774,#2775);
#2230=AXIS2_PLACEMENT_3D('',#3344,#2778,#2779);
#2231=AXIS2_PLACEMENT_3D('',#3345,#2780,#2781);
#2232=AXIS2_PLACEMENT_3D('',#3346,#2782,#2783);
#2233=AXIS2_PLACEMENT_3D('',#3348,#2785,#2786);
#2234=AXIS2_PLACEMENT_3D('',#3352,#2789,#2790);
#2235=AXIS2_PLACEMENT_3D('',#3354,#2792,#2793);
#2236=AXIS2_PLACEMENT_3D('',#3356,#2794,#2795);
#2237=AXIS2_PLACEMENT_3D('',#3358,#2797,#2798);
#2238=AXIS2_PLACEMENT_3D('',#3360,#2800,#2801);
#2239=AXIS2_PLACEMENT_3D('',#3362,#2803,#2804);
#2240=AXIS2_PLACEMENT_3D('',#3363,#2805,#2806);
#2241=DIRECTION('axis',(0.,0.,1.));
#2242=DIRECTION('refdir',(1.,0.,0.));
#2243=DIRECTION('axis',(0.,0.,1.));
#2244=DIRECTION('refdir',(1.,0.,0.));
#2245=DIRECTION('center_axis',(1.,0.,0.));
#2246=DIRECTION('ref_axis',(0.,-1.,0.));
#2247=DIRECTION('',(0.,1.,0.));
#2248=DIRECTION('',(0.,0.,-1.));
#2249=DIRECTION('',(0.,-1.,0.));
#2250=DIRECTION('',(0.,0.,-1.));
#2251=DIRECTION('center_axis',(0.,1.,0.));
#2252=DIRECTION('ref_axis',(1.,0.,0.));
#2253=DIRECTION('',(-1.,0.,0.));
#2254=DIRECTION('',(1.,0.,0.));
#2255=DIRECTION('',(0.,0.,-1.));
#2256=DIRECTION('center_axis',(-1.,0.,0.));
#2257=DIRECTION('ref_axis',(0.,1.,0.));
#2258=DIRECTION('',(0.,-1.,0.));
#2259=DIRECTION('',(0.,1.,0.));
#2260=DIRECTION('',(0.,0.,-1.));
#2261=DIRECTION('center_axis',(0.,-1.,0.));
#2262=DIRECTION('ref_axis',(-1.,0.,0.));
#2263=DIRECTION('',(1.,0.,0.));
#2264=DIRECTION('',(-1.,0.,0.));
#2265=DIRECTION('center_axis',(0.,0.,1.));
#2266=DIRECTION('ref_axis',(1.,0.,0.));
#2267=DIRECTION('center_axis',(0.,0.,1.));
#2268=DIRECTION('ref_axis',(0.707106781186331,0.707106781186764,0.));
#2269=DIRECTION('',(-3.50437273271471E-15,1.,0.));
#2270=DIRECTION('',(-1.,0.,0.));
#2271=DIRECTION('',(0.,-1.,0.));
#2272=DIRECTION('center_axis',(0.,0.,1.));
#2273=DIRECTION('ref_axis',(-0.231199461538361,0.972906372157348,0.));
#2274=DIRECTION('center_axis',(0.,0.,1.));
#2275=DIRECTION('ref_axis',(1.,-1.36187357687358E-14,0.));
#2276=DIRECTION('',(0.,1.,0.));
#2277=DIRECTION('center_axis',(0.,0.,1.));
#2278=DIRECTION('ref_axis',(0.682749882638893,-0.730652172895269,0.));
#2279=DIRECTION('center_axis',(0.,0.,1.));
#2280=DIRECTION('ref_axis',(-0.231199461538344,-0.972906372157352,0.));
#2281=DIRECTION('',(0.,-1.,0.));
#2282=DIRECTION('',(1.,0.,0.));
#2283=DIRECTION('',(-3.50437273271464E-15,1.,0.));
#2284=DIRECTION('center_axis',(0.,0.,1.));
#2285=DIRECTION('ref_axis',(0.70710678118633,-0.707106781186765,0.));
#2286=DIRECTION('',(1.,-6.18268935222655E-13,0.));
#2287=DIRECTION('center_axis',(0.,0.,1.));
#2288=DIRECTION('ref_axis',(-0.707106781186766,-0.707106781186329,0.));
#2289=DIRECTION('',(0.,-1.,0.));
#2290=DIRECTION('',(1.,-1.52259157662881E-15,0.));
#2291=DIRECTION('',(9.50123178904986E-15,1.,0.));
#2292=DIRECTION('center_axis',(0.,0.,1.));
#2293=DIRECTION('ref_axis',(0.231199461538346,-0.972906372157351,0.));
#2294=DIRECTION('center_axis',(0.,0.,1.));
#2295=DIRECTION('ref_axis',(-1.,-3.53791070513888E-12,0.));
#2296=DIRECTION('',(8.27454928814201E-15,-1.,0.));
#2297=DIRECTION('center_axis',(0.,0.,1.));
#2298=DIRECTION('ref_axis',(-0.68274988263887,0.73065217289529,0.));
#2299=DIRECTION('center_axis',(0.,0.,1.));
#2300=DIRECTION('ref_axis',(0.231199461538364,0.972906372157347,0.));
#2301=DIRECTION('',(0.,1.,0.));
#2302=DIRECTION('',(-1.,0.,0.));
#2303=DIRECTION('',(0.,-1.,0.));
#2304=DIRECTION('center_axis',(0.,0.,1.));
#2305=DIRECTION('ref_axis',(-0.707106781186761,0.707106781186334,0.));
#2306=DIRECTION('',(-1.,-6.13126776759453E-13,0.));
#2307=DIRECTION('center_axis',(0.,0.,1.));
#2308=DIRECTION('ref_axis',(-1.,0.,0.));
#2309=DIRECTION('center_axis',(0.,0.,1.));
#2310=DIRECTION('ref_axis',(-1.,0.,0.));
#2311=DIRECTION('center_axis',(0.,0.,1.));
#2312=DIRECTION('ref_axis',(-1.,0.,0.));
#2313=DIRECTION('center_axis',(0.,0.,1.));
#2314=DIRECTION('ref_axis',(-1.,0.,0.));
#2315=DIRECTION('center_axis',(0.,0.,1.));
#2316=DIRECTION('ref_axis',(-1.,0.,0.));
#2317=DIRECTION('center_axis',(0.,0.,1.));
#2318=DIRECTION('ref_axis',(-1.,0.,0.));
#2319=DIRECTION('center_axis',(0.,0.,1.));
#2320=DIRECTION('ref_axis',(-1.,0.,0.));
#2321=DIRECTION('center_axis',(0.,0.,1.));
#2322=DIRECTION('ref_axis',(-1.,0.,0.));
#2323=DIRECTION('center_axis',(0.,0.,1.));
#2324=DIRECTION('ref_axis',(-1.,0.,0.));
#2325=DIRECTION('center_axis',(0.,0.,1.));
#2326=DIRECTION('ref_axis',(-1.,0.,0.));
#2327=DIRECTION('center_axis',(0.,0.,1.));
#2328=DIRECTION('ref_axis',(-1.,0.,0.));
#2329=DIRECTION('center_axis',(0.,0.,1.));
#2330=DIRECTION('ref_axis',(-1.,0.,0.));
#2331=DIRECTION('center_axis',(0.,0.,1.));
#2332=DIRECTION('ref_axis',(-1.,0.,0.));
#2333=DIRECTION('center_axis',(0.,0.,1.));
#2334=DIRECTION('ref_axis',(-1.,0.,0.));
#2335=DIRECTION('center_axis',(0.,0.,1.));
#2336=DIRECTION('ref_axis',(-1.,0.,0.));
#2337=DIRECTION('center_axis',(0.,0.,1.));
#2338=DIRECTION('ref_axis',(-1.,0.,0.));
#2339=DIRECTION('center_axis',(0.,0.,1.));
#2340=DIRECTION('ref_axis',(-1.,0.,0.));
#2341=DIRECTION('center_axis',(0.,0.,1.));
#2342=DIRECTION('ref_axis',(-1.,0.,0.));
#2343=DIRECTION('center_axis',(0.,0.,1.));
#2344=DIRECTION('ref_axis',(-1.,0.,0.));
#2345=DIRECTION('center_axis',(0.,0.,1.));
#2346=DIRECTION('ref_axis',(-1.,0.,0.));
#2347=DIRECTION('center_axis',(0.,0.,1.));
#2348=DIRECTION('ref_axis',(-1.,0.,0.));
#2349=DIRECTION('center_axis',(0.,0.,1.));
#2350=DIRECTION('ref_axis',(-1.,0.,0.));
#2351=DIRECTION('center_axis',(0.,0.,1.));
#2352=DIRECTION('ref_axis',(-1.,0.,0.));
#2353=DIRECTION('center_axis',(0.,0.,1.));
#2354=DIRECTION('ref_axis',(-1.,0.,0.));
#2355=DIRECTION('center_axis',(0.,0.,1.));
#2356=DIRECTION('ref_axis',(-1.,0.,0.));
#2357=DIRECTION('',(0.,1.,0.));
#2358=DIRECTION('',(-1.,0.,0.));
#2359=DIRECTION('',(0.,-1.,0.));
#2360=DIRECTION('',(1.,0.,0.));
#2361=DIRECTION('center_axis',(0.,0.,1.));
#2362=DIRECTION('ref_axis',(-1.,0.,0.));
#2363=DIRECTION('center_axis',(0.,0.,1.));
#2364=DIRECTION('ref_axis',(-1.,0.,0.));
#2365=DIRECTION('center_axis',(0.,0.,1.));
#2366=DIRECTION('ref_axis',(-1.,0.,0.));
#2367=DIRECTION('',(1.,0.,0.));
#2368=DIRECTION('',(0.,1.,0.));
#2369=DIRECTION('',(-1.,0.,0.));
#2370=DIRECTION('',(0.,-1.,0.));
#2371=DIRECTION('center_axis',(0.,0.,1.));
#2372=DIRECTION('ref_axis',(-1.,0.,0.));
#2373=DIRECTION('center_axis',(0.,0.,1.));
#2374=DIRECTION('ref_axis',(-1.,0.,0.));
#2375=DIRECTION('',(1.,0.,0.));
#2376=DIRECTION('',(0.,1.,0.));
#2377=DIRECTION('',(-1.,0.,0.));
#2378=DIRECTION('',(0.,-1.,0.));
#2379=DIRECTION('center_axis',(0.,0.,1.));
#2380=DIRECTION('ref_axis',(-1.,0.,0.));
#2381=DIRECTION('center_axis',(0.,0.,1.));
#2382=DIRECTION('ref_axis',(-1.,0.,0.));
#2383=DIRECTION('center_axis',(0.,0.,1.));
#2384=DIRECTION('ref_axis',(-1.,0.,0.));
#2385=DIRECTION('center_axis',(0.,0.,1.));
#2386=DIRECTION('ref_axis',(-1.,0.,0.));
#2387=DIRECTION('',(1.,0.,0.));
#2388=DIRECTION('',(0.,1.,0.));
#2389=DIRECTION('',(-1.,0.,0.));
#2390=DIRECTION('',(0.,-1.,0.));
#2391=DIRECTION('',(0.,-1.,0.));
#2392=DIRECTION('',(1.,0.,0.));
#2393=DIRECTION('',(0.,1.,0.));
#2394=DIRECTION('',(-1.,0.,0.));
#2395=DIRECTION('center_axis',(0.,0.,1.));
#2396=DIRECTION('ref_axis',(-1.,0.,0.));
#2397=DIRECTION('center_axis',(0.,0.,1.));
#2398=DIRECTION('ref_axis',(-1.,0.,0.));
#2399=DIRECTION('',(1.,0.,0.));
#2400=DIRECTION('',(0.,1.,0.));
#2401=DIRECTION('',(-1.,0.,0.));
#2402=DIRECTION('',(0.,-1.,0.));
#2403=DIRECTION('center_axis',(0.,-1.,0.));
#2404=DIRECTION('ref_axis',(-1.,0.,0.));
#2405=DIRECTION('',(-1.,0.,0.));
#2406=DIRECTION('',(0.,0.,-1.));
#2407=DIRECTION('',(0.,0.,-1.));
#2408=DIRECTION('center_axis',(1.,0.,0.));
#2409=DIRECTION('ref_axis',(0.,-1.,0.));
#2410=DIRECTION('',(0.,-1.,0.));
#2411=DIRECTION('',(0.,0.,-1.));
#2412=DIRECTION('center_axis',(0.,1.,0.));
#2413=DIRECTION('ref_axis',(1.,0.,0.));
#2414=DIRECTION('',(1.,0.,0.));
#2415=DIRECTION('',(0.,0.,-1.));
#2416=DIRECTION('center_axis',(-1.,0.,0.));
#2417=DIRECTION('ref_axis',(0.,1.,0.));
#2418=DIRECTION('',(0.,1.,0.));
#2419=DIRECTION('center_axis',(0.,0.,-1.));
#2420=DIRECTION('ref_axis',(-1.,0.,0.));
#2421=DIRECTION('center_axis',(0.,0.,-1.));
#2422=DIRECTION('ref_axis',(-1.,0.,0.));
#2423=DIRECTION('',(0.,0.,-1.));
#2424=DIRECTION('center_axis',(0.,0.,-1.));
#2425=DIRECTION('ref_axis',(-1.,0.,0.));
#2426=DIRECTION('center_axis',(0.,0.,-1.));
#2427=DIRECTION('ref_axis',(-1.,0.,0.));
#2428=DIRECTION('',(0.,0.,-1.));
#2429=DIRECTION('center_axis',(-1.,0.,0.));
#2430=DIRECTION('ref_axis',(0.,1.,0.));
#2431=DIRECTION('',(0.,1.,0.));
#2432=DIRECTION('',(0.,0.,-1.));
#2433=DIRECTION('',(0.,0.,-1.));
#2434=DIRECTION('center_axis',(0.,-1.,0.));
#2435=DIRECTION('ref_axis',(-1.,0.,0.));
#2436=DIRECTION('',(-1.,0.,0.));
#2437=DIRECTION('',(0.,0.,-1.));
#2438=DIRECTION('center_axis',(1.,0.,0.));
#2439=DIRECTION('ref_axis',(0.,-1.,0.));
#2440=DIRECTION('',(0.,-1.,0.));
#2441=DIRECTION('',(0.,0.,-1.));
#2442=DIRECTION('center_axis',(0.,1.,0.));
#2443=DIRECTION('ref_axis',(1.,0.,0.));
#2444=DIRECTION('',(1.,0.,0.));
#2445=DIRECTION('center_axis',(0.,-1.,0.));
#2446=DIRECTION('ref_axis',(-1.,0.,0.));
#2447=DIRECTION('',(-1.,0.,0.));
#2448=DIRECTION('',(0.,0.,-1.));
#2449=DIRECTION('',(0.,0.,-1.));
#2450=DIRECTION('center_axis',(1.,0.,0.));
#2451=DIRECTION('ref_axis',(0.,-1.,0.));
#2452=DIRECTION('',(0.,-1.,0.));
#2453=DIRECTION('',(0.,0.,-1.));
#2454=DIRECTION('center_axis',(0.,1.,0.));
#2455=DIRECTION('ref_axis',(1.,0.,0.));
#2456=DIRECTION('',(1.,0.,0.));
#2457=DIRECTION('',(0.,0.,-1.));
#2458=DIRECTION('center_axis',(-1.,0.,0.));
#2459=DIRECTION('ref_axis',(0.,1.,0.));
#2460=DIRECTION('',(0.,1.,0.));
#2461=DIRECTION('center_axis',(0.,0.,-1.));
#2462=DIRECTION('ref_axis',(-1.,0.,0.));
#2463=DIRECTION('center_axis',(0.,0.,-1.));
#2464=DIRECTION('ref_axis',(-1.,0.,0.));
#2465=DIRECTION('',(0.,0.,-1.));
#2466=DIRECTION('center_axis',(0.,0.,-1.));
#2467=DIRECTION('ref_axis',(-1.,0.,0.));
#2468=DIRECTION('center_axis',(0.,0.,-1.));
#2469=DIRECTION('ref_axis',(-1.,0.,0.));
#2470=DIRECTION('',(0.,0.,-1.));
#2471=DIRECTION('center_axis',(0.,0.,-1.));
#2472=DIRECTION('ref_axis',(-1.,0.,0.));
#2473=DIRECTION('center_axis',(0.,0.,-1.));
#2474=DIRECTION('ref_axis',(-1.,0.,0.));
#2475=DIRECTION('',(0.,0.,-1.));
#2476=DIRECTION('center_axis',(0.,0.,-1.));
#2477=DIRECTION('ref_axis',(-1.,0.,0.));
#2478=DIRECTION('center_axis',(0.,0.,-1.));
#2479=DIRECTION('ref_axis',(-1.,0.,0.));
#2480=DIRECTION('',(0.,0.,-1.));
#2481=DIRECTION('center_axis',(0.,-1.,0.));
#2482=DIRECTION('ref_axis',(-1.,0.,0.));
#2483=DIRECTION('',(-1.,0.,0.));
#2484=DIRECTION('',(0.,0.,-1.));
#2485=DIRECTION('',(0.,0.,-1.));
#2486=DIRECTION('center_axis',(1.,0.,0.));
#2487=DIRECTION('ref_axis',(0.,-1.,0.));
#2488=DIRECTION('',(0.,-1.,0.));
#2489=DIRECTION('',(0.,0.,-1.));
#2490=DIRECTION('center_axis',(0.,1.,0.));
#2491=DIRECTION('ref_axis',(1.,0.,0.));
#2492=DIRECTION('',(1.,0.,0.));
#2493=DIRECTION('',(0.,0.,-1.));
#2494=DIRECTION('center_axis',(-1.,0.,0.));
#2495=DIRECTION('ref_axis',(0.,1.,0.));
#2496=DIRECTION('',(0.,1.,0.));
#2497=DIRECTION('center_axis',(0.,0.,-1.));
#2498=DIRECTION('ref_axis',(-1.,0.,0.));
#2499=DIRECTION('center_axis',(0.,0.,-1.));
#2500=DIRECTION('ref_axis',(-1.,0.,0.));
#2501=DIRECTION('',(0.,0.,-1.));
#2502=DIRECTION('center_axis',(0.,0.,-1.));
#2503=DIRECTION('ref_axis',(-1.,0.,0.));
#2504=DIRECTION('center_axis',(0.,0.,-1.));
#2505=DIRECTION('ref_axis',(-1.,0.,0.));
#2506=DIRECTION('',(0.,0.,-1.));
#2507=DIRECTION('center_axis',(0.,-1.,0.));
#2508=DIRECTION('ref_axis',(-1.,0.,0.));
#2509=DIRECTION('',(-1.,0.,0.));
#2510=DIRECTION('',(0.,0.,-1.));
#2511=DIRECTION('',(0.,0.,-1.));
#2512=DIRECTION('center_axis',(1.,0.,0.));
#2513=DIRECTION('ref_axis',(0.,-1.,0.));
#2514=DIRECTION('',(0.,-1.,0.));
#2515=DIRECTION('',(0.,0.,-1.));
#2516=DIRECTION('center_axis',(0.,1.,0.));
#2517=DIRECTION('ref_axis',(1.,0.,0.));
#2518=DIRECTION('',(1.,0.,0.));
#2519=DIRECTION('',(0.,0.,-1.));
#2520=DIRECTION('center_axis',(-1.,0.,0.));
#2521=DIRECTION('ref_axis',(0.,1.,0.));
#2522=DIRECTION('',(0.,1.,0.));
#2523=DIRECTION('center_axis',(0.,0.,-1.));
#2524=DIRECTION('ref_axis',(-1.,0.,0.));
#2525=DIRECTION('center_axis',(0.,0.,-1.));
#2526=DIRECTION('ref_axis',(-1.,0.,0.));
#2527=DIRECTION('',(0.,0.,-1.));
#2528=DIRECTION('center_axis',(0.,0.,-1.));
#2529=DIRECTION('ref_axis',(-1.,0.,0.));
#2530=DIRECTION('center_axis',(0.,0.,-1.));
#2531=DIRECTION('ref_axis',(-1.,0.,0.));
#2532=DIRECTION('',(0.,0.,-1.));
#2533=DIRECTION('center_axis',(0.,0.,-1.));
#2534=DIRECTION('ref_axis',(-1.,0.,0.));
#2535=DIRECTION('center_axis',(0.,0.,-1.));
#2536=DIRECTION('ref_axis',(-1.,0.,0.));
#2537=DIRECTION('',(0.,0.,-1.));
#2538=DIRECTION('center_axis',(1.,0.,0.));
#2539=DIRECTION('ref_axis',(0.,-1.,0.));
#2540=DIRECTION('',(0.,-1.,0.));
#2541=DIRECTION('',(0.,0.,-1.));
#2542=DIRECTION('',(0.,0.,-1.));
#2543=DIRECTION('center_axis',(0.,1.,0.));
#2544=DIRECTION('ref_axis',(1.,0.,0.));
#2545=DIRECTION('',(1.,0.,0.));
#2546=DIRECTION('',(0.,0.,-1.));
#2547=DIRECTION('center_axis',(-1.,0.,0.));
#2548=DIRECTION('ref_axis',(0.,1.,0.));
#2549=DIRECTION('',(0.,1.,0.));
#2550=DIRECTION('',(0.,0.,-1.));
#2551=DIRECTION('center_axis',(0.,-1.,0.));
#2552=DIRECTION('ref_axis',(-1.,0.,0.));
#2553=DIRECTION('',(-1.,0.,0.));
#2554=DIRECTION('center_axis',(0.,0.,-1.));
#2555=DIRECTION('ref_axis',(-1.,0.,0.));
#2556=DIRECTION('center_axis',(0.,0.,-1.));
#2557=DIRECTION('ref_axis',(-1.,0.,0.));
#2558=DIRECTION('',(0.,0.,-1.));
#2559=DIRECTION('center_axis',(0.,0.,-1.));
#2560=DIRECTION('ref_axis',(-1.,0.,0.));
#2561=DIRECTION('center_axis',(0.,0.,-1.));
#2562=DIRECTION('ref_axis',(-1.,0.,0.));
#2563=DIRECTION('',(0.,0.,-1.));
#2564=DIRECTION('center_axis',(0.,0.,-1.));
#2565=DIRECTION('ref_axis',(-1.,0.,0.));
#2566=DIRECTION('center_axis',(0.,0.,-1.));
#2567=DIRECTION('ref_axis',(-1.,0.,0.));
#2568=DIRECTION('',(0.,0.,-1.));
#2569=DIRECTION('center_axis',(0.,0.,-1.));
#2570=DIRECTION('ref_axis',(-1.,0.,0.));
#2571=DIRECTION('center_axis',(0.,0.,-1.));
#2572=DIRECTION('ref_axis',(-1.,0.,0.));
#2573=DIRECTION('',(0.,0.,-1.));
#2574=DIRECTION('center_axis',(0.,0.,-1.));
#2575=DIRECTION('ref_axis',(-1.,0.,0.));
#2576=DIRECTION('center_axis',(0.,0.,-1.));
#2577=DIRECTION('ref_axis',(-1.,0.,0.));
#2578=DIRECTION('',(0.,0.,-1.));
#2579=DIRECTION('center_axis',(0.,0.,-1.));
#2580=DIRECTION('ref_axis',(-1.,0.,0.));
#2581=DIRECTION('center_axis',(0.,0.,-1.));
#2582=DIRECTION('ref_axis',(-1.,0.,0.));
#2583=DIRECTION('',(0.,0.,-1.));
#2584=DIRECTION('center_axis',(0.,0.,-1.));
#2585=DIRECTION('ref_axis',(-1.,0.,0.));
#2586=DIRECTION('center_axis',(0.,0.,-1.));
#2587=DIRECTION('ref_axis',(-1.,0.,0.));
#2588=DIRECTION('',(0.,0.,-1.));
#2589=DIRECTION('center_axis',(0.,0.,-1.));
#2590=DIRECTION('ref_axis',(-1.,0.,0.));
#2591=DIRECTION('center_axis',(0.,0.,-1.));
#2592=DIRECTION('ref_axis',(-1.,0.,0.));
#2593=DIRECTION('',(0.,0.,-1.));
#2594=DIRECTION('center_axis',(0.,0.,-1.));
#2595=DIRECTION('ref_axis',(-1.,0.,0.));
#2596=DIRECTION('center_axis',(0.,0.,-1.));
#2597=DIRECTION('ref_axis',(-1.,0.,0.));
#2598=DIRECTION('',(0.,0.,-1.));
#2599=DIRECTION('center_axis',(0.,0.,-1.));
#2600=DIRECTION('ref_axis',(-1.,0.,0.));
#2601=DIRECTION('center_axis',(0.,0.,-1.));
#2602=DIRECTION('ref_axis',(-1.,0.,0.));
#2603=DIRECTION('',(0.,0.,-1.));
#2604=DIRECTION('center_axis',(0.,0.,-1.));
#2605=DIRECTION('ref_axis',(-1.,0.,0.));
#2606=DIRECTION('center_axis',(0.,0.,-1.));
#2607=DIRECTION('ref_axis',(-1.,0.,0.));
#2608=DIRECTION('',(0.,0.,-1.));
#2609=DIRECTION('center_axis',(0.,0.,-1.));
#2610=DIRECTION('ref_axis',(-1.,0.,0.));
#2611=DIRECTION('center_axis',(0.,0.,-1.));
#2612=DIRECTION('ref_axis',(-1.,0.,0.));
#2613=DIRECTION('',(0.,0.,-1.));
#2614=DIRECTION('center_axis',(0.,0.,-1.));
#2615=DIRECTION('ref_axis',(-1.,0.,0.));
#2616=DIRECTION('center_axis',(0.,0.,-1.));
#2617=DIRECTION('ref_axis',(-1.,0.,0.));
#2618=DIRECTION('',(0.,0.,-1.));
#2619=DIRECTION('center_axis',(0.,0.,-1.));
#2620=DIRECTION('ref_axis',(-1.,0.,0.));
#2621=DIRECTION('center_axis',(0.,0.,-1.));
#2622=DIRECTION('ref_axis',(-1.,0.,0.));
#2623=DIRECTION('',(0.,0.,-1.));
#2624=DIRECTION('center_axis',(0.,0.,-1.));
#2625=DIRECTION('ref_axis',(-1.,0.,0.));
#2626=DIRECTION('center_axis',(0.,0.,-1.));
#2627=DIRECTION('ref_axis',(-1.,0.,0.));
#2628=DIRECTION('',(0.,0.,-1.));
#2629=DIRECTION('center_axis',(0.,0.,-1.));
#2630=DIRECTION('ref_axis',(-1.,0.,0.));
#2631=DIRECTION('center_axis',(0.,0.,-1.));
#2632=DIRECTION('ref_axis',(-1.,0.,0.));
#2633=DIRECTION('',(0.,0.,-1.));
#2634=DIRECTION('center_axis',(0.,0.,-1.));
#2635=DIRECTION('ref_axis',(-1.,0.,0.));
#2636=DIRECTION('center_axis',(0.,0.,-1.));
#2637=DIRECTION('ref_axis',(-1.,0.,0.));
#2638=DIRECTION('',(0.,0.,-1.));
#2639=DIRECTION('center_axis',(0.,0.,-1.));
#2640=DIRECTION('ref_axis',(-1.,0.,0.));
#2641=DIRECTION('center_axis',(0.,0.,-1.));
#2642=DIRECTION('ref_axis',(-1.,0.,0.));
#2643=DIRECTION('',(0.,0.,-1.));
#2644=DIRECTION('center_axis',(0.,0.,-1.));
#2645=DIRECTION('ref_axis',(-1.,0.,0.));
#2646=DIRECTION('center_axis',(0.,0.,-1.));
#2647=DIRECTION('ref_axis',(-1.,0.,0.));
#2648=DIRECTION('',(0.,0.,-1.));
#2649=DIRECTION('center_axis',(0.,0.,-1.));
#2650=DIRECTION('ref_axis',(-1.,0.,0.));
#2651=DIRECTION('center_axis',(0.,0.,-1.));
#2652=DIRECTION('ref_axis',(-1.,0.,0.));
#2653=DIRECTION('',(0.,0.,-1.));
#2654=DIRECTION('center_axis',(0.,0.,-1.));
#2655=DIRECTION('ref_axis',(-1.,0.,0.));
#2656=DIRECTION('center_axis',(0.,0.,-1.));
#2657=DIRECTION('ref_axis',(-1.,0.,0.));
#2658=DIRECTION('',(0.,0.,-1.));
#2659=DIRECTION('center_axis',(0.,0.,-1.));
#2660=DIRECTION('ref_axis',(-1.,0.,0.));
#2661=DIRECTION('center_axis',(0.,0.,-1.));
#2662=DIRECTION('ref_axis',(-1.,0.,0.));
#2663=DIRECTION('',(0.,0.,-1.));
#2664=DIRECTION('center_axis',(0.,0.,-1.));
#2665=DIRECTION('ref_axis',(-1.,0.,0.));
#2666=DIRECTION('center_axis',(0.,0.,-1.));
#2667=DIRECTION('ref_axis',(-1.,0.,0.));
#2668=DIRECTION('',(0.,0.,-1.));
#2669=DIRECTION('center_axis',(0.,0.,-1.));
#2670=DIRECTION('ref_axis',(-1.,0.,0.));
#2671=DIRECTION('center_axis',(0.,0.,-1.));
#2672=DIRECTION('ref_axis',(-1.,0.,0.));
#2673=DIRECTION('',(0.,0.,-1.));
#2674=DIRECTION('center_axis',(0.,0.,-1.));
#2675=DIRECTION('ref_axis',(-1.,0.,0.));
#2676=DIRECTION('center_axis',(0.,0.,-1.));
#2677=DIRECTION('ref_axis',(-1.,0.,0.));
#2678=DIRECTION('',(0.,0.,-1.));
#2679=DIRECTION('center_axis',(0.,0.,1.));
#2680=DIRECTION('ref_axis',(0.707106781186331,0.707106781186764,0.));
#2681=DIRECTION('center_axis',(0.,0.,-1.));
#2682=DIRECTION('ref_axis',(0.707106781186331,0.707106781186764,0.));
#2683=DIRECTION('',(0.,0.,-1.));
#2684=DIRECTION('',(0.,0.,1.));
#2685=DIRECTION('center_axis',(-6.13126776759453E-13,1.,0.));
#2686=DIRECTION('ref_axis',(-1.,-6.13126776759453E-13,0.));
#2687=DIRECTION('',(0.,0.,-1.));
#2688=DIRECTION('',(-1.,-6.13126776759453E-13,0.));
#2689=DIRECTION('center_axis',(0.,0.,1.));
#2690=DIRECTION('ref_axis',(-0.707106781186761,0.707106781186334,0.));
#2691=DIRECTION('center_axis',(0.,0.,-1.));
#2692=DIRECTION('ref_axis',(-0.707106781186761,0.707106781186334,0.));
#2693=DIRECTION('',(0.,0.,1.));
#2694=DIRECTION('center_axis',(-1.,0.,0.));
#2695=DIRECTION('ref_axis',(0.,-1.,0.));
#2696=DIRECTION('',(0.,0.,1.));
#2697=DIRECTION('',(0.,-1.,0.));
#2698=DIRECTION('center_axis',(0.,0.,1.));
#2699=DIRECTION('ref_axis',(-0.707106781186766,-0.707106781186329,0.));
#2700=DIRECTION('center_axis',(0.,0.,-1.));
#2701=DIRECTION('ref_axis',(-0.707106781186766,-0.707106781186329,0.));
#2702=DIRECTION('',(0.,0.,-1.));
#2703=DIRECTION('',(0.,0.,1.));
#2704=DIRECTION('center_axis',(-6.18268935222655E-13,-1.,0.));
#2705=DIRECTION('ref_axis',(1.,-6.18268935222655E-13,0.));
#2706=DIRECTION('',(0.,0.,-1.));
#2707=DIRECTION('',(1.,-6.18268935222655E-13,0.));
#2708=DIRECTION('center_axis',(0.,0.,1.));
#2709=DIRECTION('ref_axis',(0.70710678118633,-0.707106781186765,0.));
#2710=DIRECTION('center_axis',(0.,0.,-1.));
#2711=DIRECTION('ref_axis',(0.70710678118633,-0.707106781186765,0.));
#2712=DIRECTION('',(0.,0.,1.));
#2713=DIRECTION('center_axis',(1.,3.50437273271464E-15,0.));
#2714=DIRECTION('ref_axis',(-3.50437273271464E-15,1.,0.));
#2715=DIRECTION('',(0.,0.,1.));
#2716=DIRECTION('',(-3.50437273271464E-15,1.,0.));
#2717=DIRECTION('center_axis',(0.,0.,1.));
#2718=DIRECTION('ref_axis',(0.231199461538346,-0.972906372157351,0.));
#2719=DIRECTION('center_axis',(0.,0.,-1.));
#2720=DIRECTION('ref_axis',(0.231199461538346,-0.972906372157351,0.));
#2721=DIRECTION('',(0.,0.,-1.));
#2722=DIRECTION('',(0.,0.,1.));
#2723=DIRECTION('center_axis',(1.,-9.50123178904986E-15,0.));
#2724=DIRECTION('ref_axis',(9.50123178904986E-15,1.,0.));
#2725=DIRECTION('',(0.,0.,1.));
#2726=DIRECTION('',(9.50123178904986E-15,1.,0.));
#2727=DIRECTION('center_axis',(0.,0.,1.));
#2728=DIRECTION('ref_axis',(-0.231199461538344,-0.972906372157352,0.));
#2729=DIRECTION('center_axis',(0.,0.,-1.));
#2730=DIRECTION('ref_axis',(-0.231199461538344,-0.972906372157352,0.));
#2731=DIRECTION('',(0.,0.,-1.));
#2732=DIRECTION('',(0.,0.,1.));
#2733=DIRECTION('center_axis',(0.,0.,1.));
#2734=DIRECTION('ref_axis',(0.682749882638893,-0.730652172895269,0.));
#2735=DIRECTION('',(0.,0.,1.));
#2736=DIRECTION('center_axis',(0.,0.,1.));
#2737=DIRECTION('ref_axis',(0.682749882638893,-0.730652172895269,0.));
#2738=DIRECTION('center_axis',(0.,0.,1.));
#2739=DIRECTION('ref_axis',(-0.231199461538361,0.972906372157348,0.));
#2740=DIRECTION('center_axis',(0.,0.,-1.));
#2741=DIRECTION('ref_axis',(-0.231199461538361,0.972906372157348,0.));
#2742=DIRECTION('',(0.,0.,-1.));
#2743=DIRECTION('',(0.,0.,1.));
#2744=DIRECTION('center_axis',(-1.,0.,0.));
#2745=DIRECTION('ref_axis',(0.,-1.,0.));
#2746=DIRECTION('',(0.,0.,1.));
#2747=DIRECTION('',(0.,-1.,0.));
#2748=DIRECTION('center_axis',(0.,0.,1.));
#2749=DIRECTION('ref_axis',(0.231199461538364,0.972906372157347,0.));
#2750=DIRECTION('center_axis',(0.,0.,-1.));
#2751=DIRECTION('ref_axis',(0.231199461538364,0.972906372157347,0.));
#2752=DIRECTION('',(0.,0.,-1.));
#2753=DIRECTION('',(0.,0.,1.));
#2754=DIRECTION('center_axis',(1.,0.,0.));
#2755=DIRECTION('ref_axis',(0.,1.,0.));
#2756=DIRECTION('',(0.,1.,0.));
#2757=DIRECTION('',(0.,0.,1.));
#2758=DIRECTION('center_axis',(0.,-1.,0.));
#2759=DIRECTION('ref_axis',(1.,0.,0.));
#2760=DIRECTION('',(0.,0.,1.));
#2761=DIRECTION('',(1.,0.,0.));
#2762=DIRECTION('center_axis',(-1.,0.,0.));
#2763=DIRECTION('ref_axis',(0.,-1.,0.));
#2764=DIRECTION('',(0.,-1.,0.));
#2765=DIRECTION('',(0.,0.,1.));
#2766=DIRECTION('center_axis',(-1.52259157662881E-15,-1.,0.));
#2767=DIRECTION('ref_axis',(1.,-1.52259157662881E-15,0.));
#2768=DIRECTION('',(1.,-1.52259157662881E-15,0.));
#2769=DIRECTION('center_axis',(0.,0.,1.));
#2770=DIRECTION('ref_axis',(-1.,-3.53791070513888E-12,0.));
#2771=DIRECTION('center_axis',(0.,0.,1.));
#2772=DIRECTION('ref_axis',(-1.,-3.53791070513888E-12,0.));
#2773=DIRECTION('',(0.,0.,1.));
#2774=DIRECTION('center_axis',(-1.,-8.27454928814201E-15,0.));
#2775=DIRECTION('ref_axis',(8.27454928814201E-15,-1.,0.));
#2776=DIRECTION('',(8.27454928814201E-15,-1.,0.));
#2777=DIRECTION('',(0.,0.,1.));
#2778=DIRECTION('center_axis',(0.,0.,1.));
#2779=DIRECTION('ref_axis',(-0.68274988263887,0.73065217289529,0.));
#2780=DIRECTION('center_axis',(0.,0.,1.));
#2781=DIRECTION('ref_axis',(-0.68274988263887,0.73065217289529,0.));
#2782=DIRECTION('center_axis',(0.,1.,0.));
#2783=DIRECTION('ref_axis',(-1.,0.,0.));
#2784=DIRECTION('',(-1.,0.,0.));
#2785=DIRECTION('center_axis',(1.,3.50437273271471E-15,0.));
#2786=DIRECTION('ref_axis',(-3.50437273271471E-15,1.,0.));
#2787=DIRECTION('',(-3.50437273271471E-15,1.,0.));
#2788=DIRECTION('',(0.,0.,1.));
#2789=DIRECTION('center_axis',(0.,1.,0.));
#2790=DIRECTION('ref_axis',(-1.,0.,0.));
#2791=DIRECTION('',(-1.,0.,0.));
#2792=DIRECTION('center_axis',(0.,0.,1.));
#2793=DIRECTION('ref_axis',(1.,-1.36187357687358E-14,0.));
#2794=DIRECTION('center_axis',(0.,0.,1.));
#2795=DIRECTION('ref_axis',(1.,-1.36187357687358E-14,0.));
#2796=DIRECTION('',(0.,0.,1.));
#2797=DIRECTION('center_axis',(1.,0.,0.));
#2798=DIRECTION('ref_axis',(0.,1.,0.));
#2799=DIRECTION('',(0.,1.,0.));
#2800=DIRECTION('center_axis',(-1.,0.,0.));
#2801=DIRECTION('ref_axis',(0.,-1.,0.));
#2802=DIRECTION('',(0.,-1.,0.));
#2803=DIRECTION('center_axis',(0.,0.,1.));
#2804=DIRECTION('ref_axis',(1.,0.,0.));
#2805=DIRECTION('',(0.,0.,1.));
#2806=DIRECTION('',(1.,0.,0.));
#2807=CARTESIAN_POINT('',(0.,0.,0.));
#2808=CARTESIAN_POINT('',(0.,0.,0.));
#2809=CARTESIAN_POINT('Origin',(10.,35.1246835073936,6.));
#2810=CARTESIAN_POINT('',(10.,-15.,0.));
#2811=CARTESIAN_POINT('',(10.,35.1246835073936,0.));
#2812=CARTESIAN_POINT('',(10.,22.5935126305453,0.));
#2813=CARTESIAN_POINT('',(10.,-15.,6.));
#2814=CARTESIAN_POINT('',(10.,-15.,6.));
#2815=CARTESIAN_POINT('',(10.,35.1246835073936,6.));
#2816=CARTESIAN_POINT('',(10.,22.5935126305453,6.));
#2817=CARTESIAN_POINT('',(10.,35.1246835073936,6.));
#2818=CARTESIAN_POINT('Origin',(-10.,35.1246835073936,6.));
#2819=CARTESIAN_POINT('',(-10.,35.1246835073936,0.));
#2820=CARTESIAN_POINT('',(-5.0000000000001,35.1246835073936,0.));
#2821=CARTESIAN_POINT('',(-10.,35.1246835073936,6.));
#2822=CARTESIAN_POINT('',(-5.0000000000001,35.1246835073936,6.));
#2823=CARTESIAN_POINT('',(-10.,35.1246835073936,6.));
#2824=CARTESIAN_POINT('Origin',(-10.,-15.,6.));
#2825=CARTESIAN_POINT('',(-10.,-15.,0.));
#2826=CARTESIAN_POINT('',(-10.,-2.46882912315148,0.));
#2827=CARTESIAN_POINT('',(-10.,-15.,6.));
#2828=CARTESIAN_POINT('',(-10.,-2.46882912315148,6.));
#2829=CARTESIAN_POINT('',(-10.,-15.,6.));
#2830=CARTESIAN_POINT('Origin',(10.,-15.,6.));
#2831=CARTESIAN_POINT('',(4.9999999999999,-15.,0.));
#2832=CARTESIAN_POINT('',(4.9999999999999,-15.,6.));
#2833=CARTESIAN_POINT('Origin',(-1.95399252334028E-13,10.062341753697,0.));
#2834=CARTESIAN_POINT('',(58.726440435286,99.1246835073469,0.));
#2835=CARTESIAN_POINT('',(53.726440435283,104.124683507347,0.));
#2836=CARTESIAN_POINT('Origin',(53.726440435286,99.1246835073468,0.));
#2837=CARTESIAN_POINT('',(58.7264404352861,76.2453357270898,0.));
#2838=CARTESIAN_POINT('',(58.7264404352861,76.2453357270898,0.));
#2839=CARTESIAN_POINT('',(128.726440435285,76.2453357270898,0.));
#2840=CARTESIAN_POINT('',(128.726440435285,76.2453357270898,0.));
#2841=CARTESIAN_POINT('',(128.726440435285,89.2401700767078,0.));
#2842=CARTESIAN_POINT('',(128.726440435285,104.124683507394,0.));
#2843=CARTESIAN_POINT('',(138.191908525129,91.489524370408,0.));
#2844=CARTESIAN_POINT('Origin',(133.726440435285,89.2401700767078,0.));
#2845=CARTESIAN_POINT('',(143.002695716535,71.2453357271067,0.));
#2846=CARTESIAN_POINT('Origin',(98.0026957165369,71.2453357271073,0.));
#2847=CARTESIAN_POINT('',(143.002695716536,-51.1206522197133,0.));
#2848=CARTESIAN_POINT('',(143.002695716535,-51.1206522197133,0.));
#2849=CARTESIAN_POINT('',(138.19190852513,-71.3648408630132,0.));
#2850=CARTESIAN_POINT('Origin',(98.0026957165356,-51.1206522197127,0.));
#2851=CARTESIAN_POINT('',(128.726440435286,-69.1154865693131,0.));
#2852=CARTESIAN_POINT('Origin',(133.726440435286,-69.1154865693131,0.));
#2853=CARTESIAN_POINT('',(128.726440435286,-56.1206522196961,0.));
#2854=CARTESIAN_POINT('',(128.726440435286,-56.1206522196961,0.));
#2855=CARTESIAN_POINT('',(58.7264404352864,-56.1206522196961,0.));
#2856=CARTESIAN_POINT('',(58.7264404352864,-56.1206522196961,0.));
#2857=CARTESIAN_POINT('',(58.7264404352865,-78.9999999999536,0.));
#2858=CARTESIAN_POINT('',(58.7264404352865,-83.9999999999567,0.));
#2859=CARTESIAN_POINT('',(53.7264404352834,-83.9999999999536,0.));
#2860=CARTESIAN_POINT('Origin',(53.7264404352865,-78.9999999999536,0.));
#2861=CARTESIAN_POINT('',(-53.7264404352892,-83.9999999998872,0.));
#2862=CARTESIAN_POINT('',(-58.7264404352861,-83.9999999998841,0.));
#2863=CARTESIAN_POINT('',(-58.7264404352861,-78.9999999998872,0.));
#2864=CARTESIAN_POINT('Origin',(-53.7264404352861,-78.9999999998872,0.));
#2865=CARTESIAN_POINT('',(-58.7264404352861,-56.1206522196961,0.));
#2866=CARTESIAN_POINT('',(-58.7264404352861,-56.1206522196961,0.));
#2867=CARTESIAN_POINT('',(-128.726440435285,-56.120652219696,0.));
#2868=CARTESIAN_POINT('',(-128.726440435285,-56.120652219696,0.));
#2869=CARTESIAN_POINT('',(-128.726440435285,-69.1154865691542,0.));
#2870=CARTESIAN_POINT('',(-128.726440435285,-83.9999999998407,0.));
#2871=CARTESIAN_POINT('',(-138.191908525129,-71.3648408628543,0.));
#2872=CARTESIAN_POINT('Origin',(-133.726440435285,-69.1154865691541,0.));
#2873=CARTESIAN_POINT('',(-143.002695716535,-51.1206522197125,0.));
#2874=CARTESIAN_POINT('Origin',(-98.0026957165356,-51.1206522195533,0.));
#2875=CARTESIAN_POINT('',(-143.002695716536,71.2453357271062,0.));
#2876=CARTESIAN_POINT('',(-143.002695716536,71.2453357271062,0.));
#2877=CARTESIAN_POINT('',(-138.19190852513,91.4895243702484,0.));
#2878=CARTESIAN_POINT('Origin',(-98.0026957165383,71.2453357269484,0.));
#2879=CARTESIAN_POINT('',(-128.726440435286,89.2401700765483,0.));
#2880=CARTESIAN_POINT('Origin',(-133.726440435286,89.2401700765483,0.));
#2881=CARTESIAN_POINT('',(-128.726440435286,76.2453357270898,0.));
#2882=CARTESIAN_POINT('',(-128.726440435286,76.2453357270898,0.));
#2883=CARTESIAN_POINT('',(-58.7264404352865,76.2453357270898,0.));
#2884=CARTESIAN_POINT('',(-58.7264404352865,76.2453357270898,0.));
#2885=CARTESIAN_POINT('',(-58.7264404352865,99.124683507281,0.));
#2886=CARTESIAN_POINT('',(-58.7264404352865,104.124683507278,0.));
#2887=CARTESIAN_POINT('',(-53.7264404352896,104.124683507281,0.));
#2888=CARTESIAN_POINT('Origin',(-53.7264404352865,99.124683507281,0.));
#2889=CARTESIAN_POINT('',(58.726440435286,104.12468350735,0.));
#2890=CARTESIAN_POINT('',(110.366195560344,-30.1503636875648,0.));
#2891=CARTESIAN_POINT('Origin',(108.866195560344,-30.1503636875648,0.));
#2892=CARTESIAN_POINT('',(81.3661955603443,-30.1503636875648,0.));
#2893=CARTESIAN_POINT('Origin',(79.8661955603443,-30.1503636875648,0.));
#2894=CARTESIAN_POINT('',(81.3661955603442,55.1579109415158,0.));
#2895=CARTESIAN_POINT('Origin',(79.8661955603441,55.1579109415158,0.));
#2896=CARTESIAN_POINT('',(-106.633804439656,43.1579109415149,0.));
#2897=CARTESIAN_POINT('Origin',(-108.133804439656,43.1579109415149,0.));
#2898=CARTESIAN_POINT('',(-106.633804439656,49.1579109415149,0.));
#2899=CARTESIAN_POINT('Origin',(-108.133804439656,49.1579109415149,0.));
#2900=CARTESIAN_POINT('',(-106.633804439656,-36.1503636875657,0.));
#2901=CARTESIAN_POINT('Origin',(-108.133804439656,-36.1503636875657,0.));
#2902=CARTESIAN_POINT('',(-106.633804439656,-24.1503636875657,0.));
#2903=CARTESIAN_POINT('Origin',(-108.133804439656,-24.1503636875657,0.));
#2904=CARTESIAN_POINT('',(-77.633804439656,-36.1503636875657,0.));
#2905=CARTESIAN_POINT('Origin',(-79.133804439656,-36.1503636875657,0.));
#2906=CARTESIAN_POINT('',(-77.6338044396562,55.157910941515,0.));
#2907=CARTESIAN_POINT('Origin',(-79.1338044396562,55.157910941515,0.));
#2908=CARTESIAN_POINT('',(110.366195560344,55.1579109415159,0.));
#2909=CARTESIAN_POINT('Origin',(108.866195560344,55.1579109415159,0.));
#2910=CARTESIAN_POINT('',(81.3661955603441,49.1579109415158,0.));
#2911=CARTESIAN_POINT('Origin',(79.8661955603441,49.1579109415158,0.));
#2912=CARTESIAN_POINT('',(110.366195560344,-24.1503636875648,0.));
#2913=CARTESIAN_POINT('Origin',(108.866195560344,-24.1503636875648,0.));
#2914=CARTESIAN_POINT('',(110.366195560344,-36.1503636875648,0.));
#2915=CARTESIAN_POINT('Origin',(108.866195560344,-36.1503636875648,0.));
#2916=CARTESIAN_POINT('',(81.3661955603442,-24.1503636875648,0.));
#2917=CARTESIAN_POINT('Origin',(79.8661955603442,-24.1503636875648,0.));
#2918=CARTESIAN_POINT('',(110.366195560344,43.1579109415159,0.));
#2919=CARTESIAN_POINT('Origin',(108.866195560344,43.1579109415159,0.));
#2920=CARTESIAN_POINT('',(-77.633804439656,43.157910941515,0.));
#2921=CARTESIAN_POINT('Origin',(-79.133804439656,43.157910941515,0.));
#2922=CARTESIAN_POINT('',(-106.633804439656,55.1579109415149,0.));
#2923=CARTESIAN_POINT('Origin',(-108.133804439656,55.1579109415149,0.));
#2924=CARTESIAN_POINT('',(-77.6338044396559,-24.1503636875657,0.));
#2925=CARTESIAN_POINT('Origin',(-79.1338044396559,-24.1503636875657,0.));
#2926=CARTESIAN_POINT('',(-106.633804439656,-30.1503636875657,0.));
#2927=CARTESIAN_POINT('Origin',(-108.133804439656,-30.1503636875657,0.));
#2928=CARTESIAN_POINT('',(-77.633804439656,-30.1503636875657,0.));
#2929=CARTESIAN_POINT('Origin',(-79.133804439656,-30.1503636875657,0.));
#2930=CARTESIAN_POINT('',(-77.6338044396561,49.157910941515,0.));
#2931=CARTESIAN_POINT('Origin',(-79.1338044396561,49.157910941515,0.));
#2932=CARTESIAN_POINT('',(110.366195560344,49.1579109415159,0.));
#2933=CARTESIAN_POINT('Origin',(108.866195560344,49.1579109415159,0.));
#2934=CARTESIAN_POINT('',(81.3661955603441,43.1579109415158,0.));
#2935=CARTESIAN_POINT('Origin',(79.8661955603441,43.1579109415158,0.));
#2936=CARTESIAN_POINT('',(81.3661955603443,-36.1503636875648,0.));
#2937=CARTESIAN_POINT('Origin',(79.8661955603443,-36.1503636875648,0.));
#2938=CARTESIAN_POINT('',(-43.,60.,0.));
#2939=CARTESIAN_POINT('Origin',(-45.,60.,0.));
#2940=CARTESIAN_POINT('',(136.2,19.,0.));
#2941=CARTESIAN_POINT('',(136.2,35.,0.));
#2942=CARTESIAN_POINT('',(136.2,22.5311708768485,0.));
#2943=CARTESIAN_POINT('',(130.,35.,0.));
#2944=CARTESIAN_POINT('',(64.9999999999999,35.,0.));
#2945=CARTESIAN_POINT('',(130.,19.,0.));
#2946=CARTESIAN_POINT('',(130.,14.5311708768485,0.));
#2947=CARTESIAN_POINT('',(68.0999999999999,19.,0.));
#2948=CARTESIAN_POINT('',(22.,-50.,0.));
#2949=CARTESIAN_POINT('Origin',(20.,-50.,0.));
#2950=CARTESIAN_POINT('',(-63.3313311963829,-38.7218846806953,0.));
#2951=CARTESIAN_POINT('Origin',(-65.3313311963829,-38.7218846806953,0.));
#2952=CARTESIAN_POINT('',(-28.,-40.,0.));
#2953=CARTESIAN_POINT('Origin',(-30.,-40.,0.));
#2954=CARTESIAN_POINT('',(135.189093693637,4.06907903361104,0.));
#2955=CARTESIAN_POINT('',(138.189093693637,4.06907903361104,0.));
#2956=CARTESIAN_POINT('',(69.0945468468185,4.06907903361104,0.));
#2957=CARTESIAN_POINT('',(138.189093693637,16.069079033611,0.));
#2958=CARTESIAN_POINT('',(138.189093693637,13.065710393654,0.));
#2959=CARTESIAN_POINT('',(135.189093693637,16.069079033611,0.));
#2960=CARTESIAN_POINT('',(67.5945468468185,16.069079033611,0.));
#2961=CARTESIAN_POINT('',(135.189093693637,7.06571039365404,0.));
#2962=CARTESIAN_POINT('',(-28.,60.,0.));
#2963=CARTESIAN_POINT('Origin',(-30.,60.,0.));
#2964=CARTESIAN_POINT('',(22.,70.,0.));
#2965=CARTESIAN_POINT('Origin',(20.,70.,0.));
#2966=CARTESIAN_POINT('',(130.,-15.,0.));
#2967=CARTESIAN_POINT('',(136.2,-15.,0.));
#2968=CARTESIAN_POINT('',(68.0999999999999,-15.,0.));
#2969=CARTESIAN_POINT('',(136.2,1.,0.));
#2970=CARTESIAN_POINT('',(136.2,5.53117087684852,0.));
#2971=CARTESIAN_POINT('',(130.,1.,0.));
#2972=CARTESIAN_POINT('',(64.9999999999999,1.,0.));
#2973=CARTESIAN_POINT('',(130.,-2.46882912315148,0.));
#2974=CARTESIAN_POINT('',(-43.,-40.,0.));
#2975=CARTESIAN_POINT('Origin',(-45.,-40.,0.));
#2976=CARTESIAN_POINT('',(22.,-40.,0.));
#2977=CARTESIAN_POINT('Origin',(20.,-40.,0.));
#2978=CARTESIAN_POINT('',(-63.3313311963829,59.4486768799825,0.));
#2979=CARTESIAN_POINT('Origin',(-65.3313311963829,59.4486768799825,0.));
#2980=CARTESIAN_POINT('',(22.,60.,0.));
#2981=CARTESIAN_POINT('Origin',(20.,60.,0.));
#2982=CARTESIAN_POINT('',(-136.822206659276,-15.,0.));
#2983=CARTESIAN_POINT('',(-130.622206659276,-15.,0.));
#2984=CARTESIAN_POINT('',(-65.311103329638,-15.,0.));
#2985=CARTESIAN_POINT('',(-130.622206659276,1.,0.));
#2986=CARTESIAN_POINT('',(-130.622206659276,5.53117087684852,0.));
#2987=CARTESIAN_POINT('',(-136.822206659276,1.,0.));
#2988=CARTESIAN_POINT('',(-68.411103329638,1.,0.));
#2989=CARTESIAN_POINT('',(-136.822206659276,-2.46882912315148,0.));
#2990=CARTESIAN_POINT('',(-139.088306024397,16.069079033611,0.));
#2991=CARTESIAN_POINT('',(-139.088306024397,4.06907903361104,0.));
#2992=CARTESIAN_POINT('',(-139.088306024397,7.06571039365404,0.));
#2993=CARTESIAN_POINT('',(-136.088306024397,4.06907903361104,0.));
#2994=CARTESIAN_POINT('',(-68.0441530121986,4.06907903361104,0.));
#2995=CARTESIAN_POINT('',(-136.088306024397,16.069079033611,0.));
#2996=CARTESIAN_POINT('',(-136.088306024397,13.065710393654,0.));
#2997=CARTESIAN_POINT('',(-69.5441530121986,16.069079033611,0.));
#2998=CARTESIAN_POINT('',(64.0086639812751,59.4736966354631,0.));
#2999=CARTESIAN_POINT('Origin',(62.0086639812751,59.4736966354631,0.));
#3000=CARTESIAN_POINT('',(64.0086639812729,-38.6968649252146,0.));
#3001=CARTESIAN_POINT('Origin',(62.0086639812729,-38.6968649252146,0.));
#3002=CARTESIAN_POINT('',(-137.000001996756,19.0000002831221,0.));
#3003=CARTESIAN_POINT('',(-130.800001996756,19.0000002831221,0.));
#3004=CARTESIAN_POINT('',(-65.4000009983779,19.0000002831221,0.));
#3005=CARTESIAN_POINT('',(-130.800001996756,35.0000002831221,0.));
#3006=CARTESIAN_POINT('',(-130.800001996756,22.5311710184095,0.));
#3007=CARTESIAN_POINT('',(-137.000001996756,35.0000002831221,0.));
#3008=CARTESIAN_POINT('',(-68.5000009983779,35.0000002831221,0.));
#3009=CARTESIAN_POINT('',(-137.000001996756,14.5311710184095,0.));
#3010=CARTESIAN_POINT('Origin',(-130.800001996756,19.0000002831221,6.));
#3011=CARTESIAN_POINT('',(-130.800001996756,19.0000002831221,6.));
#3012=CARTESIAN_POINT('',(-137.000001996756,19.0000002831221,6.));
#3013=CARTESIAN_POINT('',(-65.4000009983779,19.0000002831221,6.));
#3014=CARTESIAN_POINT('',(-130.800001996756,19.0000002831221,6.));
#3015=CARTESIAN_POINT('',(-137.000001996756,19.0000002831221,6.));
#3016=CARTESIAN_POINT('Origin',(-130.800001996756,35.0000002831221,6.));
#3017=CARTESIAN_POINT('',(-130.800001996756,35.0000002831221,6.));
#3018=CARTESIAN_POINT('',(-130.800001996756,22.5311710184095,6.));
#3019=CARTESIAN_POINT('',(-130.800001996756,35.0000002831221,6.));
#3020=CARTESIAN_POINT('Origin',(-137.000001996756,35.0000002831221,6.));
#3021=CARTESIAN_POINT('',(-137.000001996756,35.0000002831221,6.));
#3022=CARTESIAN_POINT('',(-68.5000009983779,35.0000002831221,6.));
#3023=CARTESIAN_POINT('',(-137.000001996756,35.0000002831221,6.));
#3024=CARTESIAN_POINT('Origin',(-137.000001996756,19.0000002831221,6.));
#3025=CARTESIAN_POINT('',(-137.000001996756,14.5311710184095,6.));
#3026=CARTESIAN_POINT('Origin',(62.0086639812729,-38.6968649252146,6.));
#3027=CARTESIAN_POINT('',(64.0086639812729,-38.6968649252146,6.));
#3028=CARTESIAN_POINT('Origin',(62.0086639812729,-38.6968649252146,6.));
#3029=CARTESIAN_POINT('',(64.0086639812729,-38.6968649252146,6.));
#3030=CARTESIAN_POINT('Origin',(62.0086639812751,59.4736966354631,6.));
#3031=CARTESIAN_POINT('',(64.0086639812751,59.4736966354631,6.));
#3032=CARTESIAN_POINT('Origin',(62.0086639812751,59.4736966354631,6.));
#3033=CARTESIAN_POINT('',(64.0086639812751,59.4736966354631,6.));
#3034=CARTESIAN_POINT('Origin',(-139.088306024397,4.06907903361104,6.));
#3035=CARTESIAN_POINT('',(-139.088306024397,4.06907903361104,6.));
#3036=CARTESIAN_POINT('',(-139.088306024397,16.069079033611,6.));
#3037=CARTESIAN_POINT('',(-139.088306024397,7.06571039365404,6.));
#3038=CARTESIAN_POINT('',(-139.088306024397,4.06907903361104,6.));
#3039=CARTESIAN_POINT('',(-139.088306024397,16.069079033611,6.));
#3040=CARTESIAN_POINT('Origin',(-136.088306024397,4.06907903361104,6.));
#3041=CARTESIAN_POINT('',(-136.088306024397,4.06907903361104,6.));
#3042=CARTESIAN_POINT('',(-68.0441530121986,4.06907903361104,6.));
#3043=CARTESIAN_POINT('',(-136.088306024397,4.06907903361104,6.));
#3044=CARTESIAN_POINT('Origin',(-136.088306024397,16.069079033611,6.));
#3045=CARTESIAN_POINT('',(-136.088306024397,16.069079033611,6.));
#3046=CARTESIAN_POINT('',(-136.088306024397,13.065710393654,6.));
#3047=CARTESIAN_POINT('',(-136.088306024397,16.069079033611,6.));
#3048=CARTESIAN_POINT('Origin',(-139.088306024397,16.069079033611,6.));
#3049=CARTESIAN_POINT('',(-69.5441530121986,16.069079033611,6.));
#3050=CARTESIAN_POINT('Origin',(-130.622206659276,-15.,6.));
#3051=CARTESIAN_POINT('',(-130.622206659276,-15.,6.));
#3052=CARTESIAN_POINT('',(-136.822206659276,-15.,6.));
#3053=CARTESIAN_POINT('',(-65.311103329638,-15.,6.));
#3054=CARTESIAN_POINT('',(-130.622206659276,-15.,6.));
#3055=CARTESIAN_POINT('',(-136.822206659276,-15.,6.));
#3056=CARTESIAN_POINT('Origin',(-130.622206659276,1.,6.));
#3057=CARTESIAN_POINT('',(-130.622206659276,1.,6.));
#3058=CARTESIAN_POINT('',(-130.622206659276,5.53117087684852,6.));
#3059=CARTESIAN_POINT('',(-130.622206659276,1.,6.));
#3060=CARTESIAN_POINT('Origin',(-136.822206659276,1.,6.));
#3061=CARTESIAN_POINT('',(-136.822206659276,1.,6.));
#3062=CARTESIAN_POINT('',(-68.411103329638,1.,6.));
#3063=CARTESIAN_POINT('',(-136.822206659276,1.,6.));
#3064=CARTESIAN_POINT('Origin',(-136.822206659276,-15.,6.));
#3065=CARTESIAN_POINT('',(-136.822206659276,-2.46882912315148,6.));
#3066=CARTESIAN_POINT('Origin',(20.,60.,6.));
#3067=CARTESIAN_POINT('',(22.,60.,6.));
#3068=CARTESIAN_POINT('Origin',(20.,60.,6.));
#3069=CARTESIAN_POINT('',(22.,60.,6.));
#3070=CARTESIAN_POINT('Origin',(-65.3313311963829,59.4486768799825,6.));
#3071=CARTESIAN_POINT('',(-63.3313311963829,59.4486768799825,6.));
#3072=CARTESIAN_POINT('Origin',(-65.3313311963829,59.4486768799825,6.));
#3073=CARTESIAN_POINT('',(-63.3313311963829,59.4486768799825,6.));
#3074=CARTESIAN_POINT('Origin',(20.,-40.,6.));
#3075=CARTESIAN_POINT('',(22.,-40.,6.));
#3076=CARTESIAN_POINT('Origin',(20.,-40.,6.));
#3077=CARTESIAN_POINT('',(22.,-40.,6.));
#3078=CARTESIAN_POINT('Origin',(-45.,-40.,6.));
#3079=CARTESIAN_POINT('',(-43.,-40.,6.));
#3080=CARTESIAN_POINT('Origin',(-45.,-40.,6.));
#3081=CARTESIAN_POINT('',(-43.,-40.,6.));
#3082=CARTESIAN_POINT('Origin',(136.2,-15.,6.));
#3083=CARTESIAN_POINT('',(136.2,-15.,6.));
#3084=CARTESIAN_POINT('',(130.,-15.,6.));
#3085=CARTESIAN_POINT('',(68.0999999999999,-15.,6.));
#3086=CARTESIAN_POINT('',(136.2,-15.,6.));
#3087=CARTESIAN_POINT('',(130.,-15.,6.));
#3088=CARTESIAN_POINT('Origin',(136.2,1.,6.));
#3089=CARTESIAN_POINT('',(136.2,1.,6.));
#3090=CARTESIAN_POINT('',(136.2,5.53117087684852,6.));
#3091=CARTESIAN_POINT('',(136.2,1.,6.));
#3092=CARTESIAN_POINT('Origin',(130.,1.,6.));
#3093=CARTESIAN_POINT('',(130.,1.,6.));
#3094=CARTESIAN_POINT('',(64.9999999999999,1.,6.));
#3095=CARTESIAN_POINT('',(130.,1.,6.));
#3096=CARTESIAN_POINT('Origin',(130.,-15.,6.));
#3097=CARTESIAN_POINT('',(130.,-2.46882912315148,6.));
#3098=CARTESIAN_POINT('Origin',(20.,70.,6.));
#3099=CARTESIAN_POINT('',(22.,70.,6.));
#3100=CARTESIAN_POINT('Origin',(20.,70.,6.));
#3101=CARTESIAN_POINT('',(22.,70.,6.));
#3102=CARTESIAN_POINT('Origin',(-30.,60.,6.));
#3103=CARTESIAN_POINT('',(-28.,60.,6.));
#3104=CARTESIAN_POINT('Origin',(-30.,60.,6.));
#3105=CARTESIAN_POINT('',(-28.,60.,6.));
#3106=CARTESIAN_POINT('Origin',(138.189093693637,4.06907903361104,6.));
#3107=CARTESIAN_POINT('',(138.189093693637,4.06907903361104,6.));
#3108=CARTESIAN_POINT('',(135.189093693637,4.06907903361104,6.));
#3109=CARTESIAN_POINT('',(69.0945468468185,4.06907903361104,6.));
#3110=CARTESIAN_POINT('',(138.189093693637,4.06907903361104,6.));
#3111=CARTESIAN_POINT('',(135.189093693637,4.06907903361104,6.));
#3112=CARTESIAN_POINT('Origin',(138.189093693637,16.069079033611,6.));
#3113=CARTESIAN_POINT('',(138.189093693637,16.069079033611,6.));
#3114=CARTESIAN_POINT('',(138.189093693637,13.065710393654,6.));
#3115=CARTESIAN_POINT('',(138.189093693637,16.069079033611,6.));
#3116=CARTESIAN_POINT('Origin',(135.189093693637,16.069079033611,6.));
#3117=CARTESIAN_POINT('',(135.189093693637,16.069079033611,6.));
#3118=CARTESIAN_POINT('',(67.5945468468185,16.069079033611,6.));
#3119=CARTESIAN_POINT('',(135.189093693637,16.069079033611,6.));
#3120=CARTESIAN_POINT('Origin',(135.189093693637,4.06907903361104,6.));
#3121=CARTESIAN_POINT('',(135.189093693637,7.06571039365404,6.));
#3122=CARTESIAN_POINT('Origin',(-30.,-40.,6.));
#3123=CARTESIAN_POINT('',(-28.,-40.,6.));
#3124=CARTESIAN_POINT('Origin',(-30.,-40.,6.));
#3125=CARTESIAN_POINT('',(-28.,-40.,6.));
#3126=CARTESIAN_POINT('Origin',(-65.3313311963829,-38.7218846806953,6.));
#3127=CARTESIAN_POINT('',(-63.3313311963829,-38.7218846806953,6.));
#3128=CARTESIAN_POINT('Origin',(-65.3313311963829,-38.7218846806953,6.));
#3129=CARTESIAN_POINT('',(-63.3313311963829,-38.7218846806953,6.));
#3130=CARTESIAN_POINT('Origin',(20.,-50.,6.));
#3131=CARTESIAN_POINT('',(22.,-50.,6.));
#3132=CARTESIAN_POINT('Origin',(20.,-50.,6.));
#3133=CARTESIAN_POINT('',(22.,-50.,6.));
#3134=CARTESIAN_POINT('Origin',(136.2,35.,6.));
#3135=CARTESIAN_POINT('',(136.2,35.,6.));
#3136=CARTESIAN_POINT('',(136.2,19.,6.));
#3137=CARTESIAN_POINT('',(136.2,22.5311708768485,6.));
#3138=CARTESIAN_POINT('',(136.2,35.,6.));
#3139=CARTESIAN_POINT('',(136.2,19.,6.));
#3140=CARTESIAN_POINT('Origin',(130.,35.,6.));
#3141=CARTESIAN_POINT('',(130.,35.,6.));
#3142=CARTESIAN_POINT('',(64.9999999999999,35.,6.));
#3143=CARTESIAN_POINT('',(130.,35.,6.));
#3144=CARTESIAN_POINT('Origin',(130.,19.,6.));
#3145=CARTESIAN_POINT('',(130.,19.,6.));
#3146=CARTESIAN_POINT('',(130.,14.5311708768485,6.));
#3147=CARTESIAN_POINT('',(130.,19.,6.));
#3148=CARTESIAN_POINT('Origin',(136.2,19.,6.));
#3149=CARTESIAN_POINT('',(68.0999999999999,19.,6.));
#3150=CARTESIAN_POINT('Origin',(-45.,60.,6.));
#3151=CARTESIAN_POINT('',(-43.,60.,6.));
#3152=CARTESIAN_POINT('Origin',(-45.,60.,6.));
#3153=CARTESIAN_POINT('',(-43.,60.,6.));
#3154=CARTESIAN_POINT('Origin',(79.8661955603443,-36.1503636875648,6.));
#3155=CARTESIAN_POINT('',(81.3661955603443,-36.1503636875648,6.));
#3156=CARTESIAN_POINT('Origin',(79.8661955603443,-36.1503636875648,6.));
#3157=CARTESIAN_POINT('',(81.3661955603443,-36.1503636875648,6.));
#3158=CARTESIAN_POINT('Origin',(79.8661955603441,43.1579109415158,6.));
#3159=CARTESIAN_POINT('',(81.3661955603441,43.1579109415158,6.));
#3160=CARTESIAN_POINT('Origin',(79.8661955603441,43.1579109415158,6.));
#3161=CARTESIAN_POINT('',(81.3661955603441,43.1579109415158,6.));
#3162=CARTESIAN_POINT('Origin',(108.866195560344,49.1579109415159,6.));
#3163=CARTESIAN_POINT('',(110.366195560344,49.1579109415159,6.));
#3164=CARTESIAN_POINT('Origin',(108.866195560344,49.1579109415159,6.));
#3165=CARTESIAN_POINT('',(110.366195560344,49.1579109415159,6.));
#3166=CARTESIAN_POINT('Origin',(-79.1338044396561,49.157910941515,6.));
#3167=CARTESIAN_POINT('',(-77.6338044396561,49.157910941515,6.));
#3168=CARTESIAN_POINT('Origin',(-79.1338044396561,49.157910941515,6.));
#3169=CARTESIAN_POINT('',(-77.6338044396561,49.157910941515,6.));
#3170=CARTESIAN_POINT('Origin',(-79.133804439656,-30.1503636875657,6.));
#3171=CARTESIAN_POINT('',(-77.633804439656,-30.1503636875657,6.));
#3172=CARTESIAN_POINT('Origin',(-79.133804439656,-30.1503636875657,6.));
#3173=CARTESIAN_POINT('',(-77.633804439656,-30.1503636875657,6.));
#3174=CARTESIAN_POINT('Origin',(-108.133804439656,-30.1503636875657,6.));
#3175=CARTESIAN_POINT('',(-106.633804439656,-30.1503636875657,6.));
#3176=CARTESIAN_POINT('Origin',(-108.133804439656,-30.1503636875657,6.));
#3177=CARTESIAN_POINT('',(-106.633804439656,-30.1503636875657,6.));
#3178=CARTESIAN_POINT('Origin',(-79.1338044396559,-24.1503636875657,6.));
#3179=CARTESIAN_POINT('',(-77.6338044396559,-24.1503636875657,6.));
#3180=CARTESIAN_POINT('Origin',(-79.1338044396559,-24.1503636875657,6.));
#3181=CARTESIAN_POINT('',(-77.6338044396559,-24.1503636875657,6.));
#3182=CARTESIAN_POINT('Origin',(-108.133804439656,55.1579109415149,6.));
#3183=CARTESIAN_POINT('',(-106.633804439656,55.1579109415149,6.));
#3184=CARTESIAN_POINT('Origin',(-108.133804439656,55.1579109415149,6.));
#3185=CARTESIAN_POINT('',(-106.633804439656,55.1579109415149,6.));
#3186=CARTESIAN_POINT('Origin',(-79.133804439656,43.157910941515,6.));
#3187=CARTESIAN_POINT('',(-77.633804439656,43.157910941515,6.));
#3188=CARTESIAN_POINT('Origin',(-79.133804439656,43.157910941515,6.));
#3189=CARTESIAN_POINT('',(-77.633804439656,43.157910941515,6.));
#3190=CARTESIAN_POINT('Origin',(108.866195560344,43.1579109415159,6.));
#3191=CARTESIAN_POINT('',(110.366195560344,43.1579109415159,6.));
#3192=CARTESIAN_POINT('Origin',(108.866195560344,43.1579109415159,6.));
#3193=CARTESIAN_POINT('',(110.366195560344,43.1579109415159,6.));
#3194=CARTESIAN_POINT('Origin',(79.8661955603442,-24.1503636875648,6.));
#3195=CARTESIAN_POINT('',(81.3661955603442,-24.1503636875648,6.));
#3196=CARTESIAN_POINT('Origin',(79.8661955603442,-24.1503636875648,6.));
#3197=CARTESIAN_POINT('',(81.3661955603442,-24.1503636875648,6.));
#3198=CARTESIAN_POINT('Origin',(108.866195560344,-36.1503636875648,6.));
#3199=CARTESIAN_POINT('',(110.366195560344,-36.1503636875648,6.));
#3200=CARTESIAN_POINT('Origin',(108.866195560344,-36.1503636875648,6.));
#3201=CARTESIAN_POINT('',(110.366195560344,-36.1503636875648,6.));
#3202=CARTESIAN_POINT('Origin',(108.866195560344,-24.1503636875648,6.));
#3203=CARTESIAN_POINT('',(110.366195560344,-24.1503636875648,6.));
#3204=CARTESIAN_POINT('Origin',(108.866195560344,-24.1503636875648,6.));
#3205=CARTESIAN_POINT('',(110.366195560344,-24.1503636875648,6.));
#3206=CARTESIAN_POINT('Origin',(79.8661955603441,49.1579109415158,6.));
#3207=CARTESIAN_POINT('',(81.3661955603441,49.1579109415158,6.));
#3208=CARTESIAN_POINT('Origin',(79.8661955603441,49.1579109415158,6.));
#3209=CARTESIAN_POINT('',(81.3661955603441,49.1579109415158,6.));
#3210=CARTESIAN_POINT('Origin',(108.866195560344,55.1579109415159,6.));
#3211=CARTESIAN_POINT('',(110.366195560344,55.1579109415159,6.));
#3212=CARTESIAN_POINT('Origin',(108.866195560344,55.1579109415159,6.));
#3213=CARTESIAN_POINT('',(110.366195560344,55.1579109415159,6.));
#3214=CARTESIAN_POINT('Origin',(-79.1338044396562,55.157910941515,6.));
#3215=CARTESIAN_POINT('',(-77.6338044396562,55.157910941515,6.));
#3216=CARTESIAN_POINT('Origin',(-79.1338044396562,55.157910941515,6.));
#3217=CARTESIAN_POINT('',(-77.6338044396562,55.157910941515,6.));
#3218=CARTESIAN_POINT('Origin',(-79.133804439656,-36.1503636875657,6.));
#3219=CARTESIAN_POINT('',(-77.633804439656,-36.1503636875657,6.));
#3220=CARTESIAN_POINT('Origin',(-79.133804439656,-36.1503636875657,6.));
#3221=CARTESIAN_POINT('',(-77.633804439656,-36.1503636875657,6.));
#3222=CARTESIAN_POINT('Origin',(-108.133804439656,-24.1503636875657,6.));
#3223=CARTESIAN_POINT('',(-106.633804439656,-24.1503636875657,6.));
#3224=CARTESIAN_POINT('Origin',(-108.133804439656,-24.1503636875657,6.));
#3225=CARTESIAN_POINT('',(-106.633804439656,-24.1503636875657,6.));
#3226=CARTESIAN_POINT('Origin',(-108.133804439656,-36.1503636875657,6.));
#3227=CARTESIAN_POINT('',(-106.633804439656,-36.1503636875657,6.));
#3228=CARTESIAN_POINT('Origin',(-108.133804439656,-36.1503636875657,6.));
#3229=CARTESIAN_POINT('',(-106.633804439656,-36.1503636875657,6.));
#3230=CARTESIAN_POINT('Origin',(-108.133804439656,49.1579109415149,6.));
#3231=CARTESIAN_POINT('',(-106.633804439656,49.1579109415149,6.));
#3232=CARTESIAN_POINT('Origin',(-108.133804439656,49.1579109415149,6.));
#3233=CARTESIAN_POINT('',(-106.633804439656,49.1579109415149,6.));
#3234=CARTESIAN_POINT('Origin',(-108.133804439656,43.1579109415149,6.));
#3235=CARTESIAN_POINT('',(-106.633804439656,43.1579109415149,6.));
#3236=CARTESIAN_POINT('Origin',(-108.133804439656,43.1579109415149,6.));
#3237=CARTESIAN_POINT('',(-106.633804439656,43.1579109415149,6.));
#3238=CARTESIAN_POINT('Origin',(79.8661955603441,55.1579109415158,6.));
#3239=CARTESIAN_POINT('',(81.3661955603442,55.1579109415158,6.));
#3240=CARTESIAN_POINT('Origin',(79.8661955603441,55.1579109415158,6.));
#3241=CARTESIAN_POINT('',(81.3661955603442,55.1579109415158,6.));
#3242=CARTESIAN_POINT('Origin',(79.8661955603443,-30.1503636875648,6.));
#3243=CARTESIAN_POINT('',(81.3661955603443,-30.1503636875648,6.));
#3244=CARTESIAN_POINT('Origin',(79.8661955603443,-30.1503636875648,6.));
#3245=CARTESIAN_POINT('',(81.3661955603443,-30.1503636875648,6.));
#3246=CARTESIAN_POINT('Origin',(108.866195560344,-30.1503636875648,6.));
#3247=CARTESIAN_POINT('',(110.366195560344,-30.1503636875648,6.));
#3248=CARTESIAN_POINT('Origin',(108.866195560344,-30.1503636875648,6.));
#3249=CARTESIAN_POINT('',(110.366195560344,-30.1503636875648,6.));
#3250=CARTESIAN_POINT('Origin',(53.726440435286,99.1246835073468,0.));
#3251=CARTESIAN_POINT('',(53.726440435283,104.124683507347,6.));
#3252=CARTESIAN_POINT('',(58.726440435286,99.1246835073469,6.));
#3253=CARTESIAN_POINT('Origin',(53.726440435286,99.1246835073468,6.));
#3254=CARTESIAN_POINT('',(58.726440435286,99.1246835073469,0.));
#3255=CARTESIAN_POINT('',(53.726440435283,104.124683507347,0.));
#3256=CARTESIAN_POINT('Origin',(58.726440435286,104.12468350735,0.));
#3257=CARTESIAN_POINT('',(-53.7264404352896,104.124683507281,6.));
#3258=CARTESIAN_POINT('',(-53.7264404352896,104.124683507281,0.));
#3259=CARTESIAN_POINT('',(58.726440435286,104.12468350735,6.));
#3260=CARTESIAN_POINT('Origin',(-53.7264404352865,99.124683507281,0.));
#3261=CARTESIAN_POINT('',(-58.7264404352865,99.124683507281,6.));
#3262=CARTESIAN_POINT('Origin',(-53.7264404352865,99.124683507281,6.));
#3263=CARTESIAN_POINT('',(-58.7264404352865,99.124683507281,0.));
#3264=CARTESIAN_POINT('Origin',(-58.7264404352865,104.124683507278,0.));
#3265=CARTESIAN_POINT('',(-58.7264404352865,76.2453357270898,6.));
#3266=CARTESIAN_POINT('',(-58.7264404352865,76.2453357270898,0.));
#3267=CARTESIAN_POINT('',(-58.7264404352865,104.124683507278,6.));
#3268=CARTESIAN_POINT('Origin',(-53.7264404352861,-78.9999999998872,0.));
#3269=CARTESIAN_POINT('',(-53.7264404352892,-83.9999999998872,6.));
#3270=CARTESIAN_POINT('',(-58.7264404352861,-78.9999999998872,6.));
#3271=CARTESIAN_POINT('Origin',(-53.7264404352861,-78.9999999998872,6.));
#3272=CARTESIAN_POINT('',(-58.7264404352861,-78.9999999998872,0.));
#3273=CARTESIAN_POINT('',(-53.7264404352892,-83.9999999998872,0.));
#3274=CARTESIAN_POINT('Origin',(-58.7264404352861,-83.9999999998841,0.));
#3275=CARTESIAN_POINT('',(53.7264404352834,-83.9999999999536,6.));
#3276=CARTESIAN_POINT('',(53.7264404352834,-83.9999999999536,0.));
#3277=CARTESIAN_POINT('',(-58.7264404352861,-83.9999999998841,6.));
#3278=CARTESIAN_POINT('Origin',(53.7264404352865,-78.9999999999536,0.));
#3279=CARTESIAN_POINT('',(58.7264404352865,-78.9999999999536,6.));
#3280=CARTESIAN_POINT('Origin',(53.7264404352865,-78.9999999999536,6.));
#3281=CARTESIAN_POINT('',(58.7264404352865,-78.9999999999536,0.));
#3282=CARTESIAN_POINT('Origin',(58.7264404352865,-83.9999999999567,0.));
#3283=CARTESIAN_POINT('',(58.7264404352864,-56.1206522196961,6.));
#3284=CARTESIAN_POINT('',(58.7264404352864,-56.1206522196961,0.));
#3285=CARTESIAN_POINT('',(58.7264404352865,-83.9999999999567,6.));
#3286=CARTESIAN_POINT('Origin',(-133.726440435285,-69.1154865691541,0.));
#3287=CARTESIAN_POINT('',(-128.726440435285,-69.1154865691542,6.));
#3288=CARTESIAN_POINT('',(-138.191908525129,-71.3648408628543,6.));
#3289=CARTESIAN_POINT('Origin',(-133.726440435285,-69.1154865691541,6.));
#3290=CARTESIAN_POINT('',(-138.191908525129,-71.3648408628543,0.));
#3291=CARTESIAN_POINT('',(-128.726440435285,-69.1154865691542,0.));
#3292=CARTESIAN_POINT('Origin',(-128.726440435285,-83.9999999998407,0.));
#3293=CARTESIAN_POINT('',(-128.726440435285,-56.120652219696,6.));
#3294=CARTESIAN_POINT('',(-128.726440435285,-56.120652219696,0.));
#3295=CARTESIAN_POINT('',(-128.726440435285,-83.9999999998407,6.));
#3296=CARTESIAN_POINT('Origin',(133.726440435286,-69.1154865693131,0.));
#3297=CARTESIAN_POINT('',(138.19190852513,-71.3648408630132,6.));
#3298=CARTESIAN_POINT('',(128.726440435286,-69.1154865693131,6.));
#3299=CARTESIAN_POINT('Origin',(133.726440435286,-69.1154865693131,6.));
#3300=CARTESIAN_POINT('',(128.726440435286,-69.1154865693131,0.));
#3301=CARTESIAN_POINT('',(138.19190852513,-71.3648408630132,0.));
#3302=CARTESIAN_POINT('Origin',(98.0026957165356,-51.1206522197127,0.));
#3303=CARTESIAN_POINT('',(143.002695716536,-51.1206522197133,6.));
#3304=CARTESIAN_POINT('',(143.002695716536,-51.1206522197133,0.));
#3305=CARTESIAN_POINT('Origin',(98.0026957165356,-51.1206522197127,6.));
#3306=CARTESIAN_POINT('Origin',(133.726440435285,89.2401700767078,0.));
#3307=CARTESIAN_POINT('',(128.726440435285,89.2401700767078,6.));
#3308=CARTESIAN_POINT('',(138.191908525129,91.489524370408,6.));
#3309=CARTESIAN_POINT('Origin',(133.726440435285,89.2401700767078,6.));
#3310=CARTESIAN_POINT('',(138.191908525129,91.489524370408,0.));
#3311=CARTESIAN_POINT('',(128.726440435285,89.2401700767078,0.));
#3312=CARTESIAN_POINT('Origin',(128.726440435285,104.124683507394,0.));
#3313=CARTESIAN_POINT('',(128.726440435285,76.2453357270898,6.));
#3314=CARTESIAN_POINT('',(128.726440435285,76.2453357270898,0.));
#3315=CARTESIAN_POINT('',(128.726440435285,104.124683507394,6.));
#3316=CARTESIAN_POINT('Origin',(-133.726440435286,89.2401700765483,0.));
#3317=CARTESIAN_POINT('',(-138.19190852513,91.4895243702484,6.));
#3318=CARTESIAN_POINT('',(-128.726440435286,89.2401700765483,6.));
#3319=CARTESIAN_POINT('Origin',(-133.726440435286,89.2401700765483,6.));
#3320=CARTESIAN_POINT('',(-128.726440435286,89.2401700765483,0.));
#3321=CARTESIAN_POINT('',(-138.19190852513,91.4895243702484,0.));
#3322=CARTESIAN_POINT('Origin',(-128.726440435286,76.2453357270898,0.));
#3323=CARTESIAN_POINT('',(-128.726440435286,76.2453357270898,6.));
#3324=CARTESIAN_POINT('',(-128.726440435286,76.2453357270898,6.));
#3325=CARTESIAN_POINT('',(-128.726440435286,76.2453357270898,0.));
#3326=CARTESIAN_POINT('Origin',(58.7264404352864,-56.1206522196961,0.));
#3327=CARTESIAN_POINT('',(128.726440435286,-56.1206522196961,6.));
#3328=CARTESIAN_POINT('',(128.726440435286,-56.1206522196961,0.));
#3329=CARTESIAN_POINT('',(58.7264404352864,-56.1206522196961,6.));
#3330=CARTESIAN_POINT('Origin',(-58.7264404352861,-56.1206522196961,0.));
#3331=CARTESIAN_POINT('',(-58.7264404352861,-56.1206522196961,6.));
#3332=CARTESIAN_POINT('',(-58.7264404352861,-56.1206522196961,6.));
#3333=CARTESIAN_POINT('',(-58.7264404352861,-56.1206522196961,0.));
#3334=CARTESIAN_POINT('Origin',(-128.726440435285,-56.120652219696,0.));
#3335=CARTESIAN_POINT('',(-128.726440435285,-56.120652219696,6.));
#3336=CARTESIAN_POINT('Origin',(-98.0026957165356,-51.1206522195533,0.));
#3337=CARTESIAN_POINT('',(-143.002695716535,-51.1206522197125,6.));
#3338=CARTESIAN_POINT('Origin',(-98.0026957165356,-51.1206522195533,6.));
#3339=CARTESIAN_POINT('',(-143.002695716535,-51.1206522197125,0.));
#3340=CARTESIAN_POINT('Origin',(-143.002695716536,71.2453357271062,0.));
#3341=CARTESIAN_POINT('',(-143.002695716536,71.2453357271062,6.));
#3342=CARTESIAN_POINT('',(-143.002695716536,71.2453357271062,6.));
#3343=CARTESIAN_POINT('',(-143.002695716536,71.2453357271062,0.));
#3344=CARTESIAN_POINT('Origin',(-98.0026957165383,71.2453357269484,0.));
#3345=CARTESIAN_POINT('Origin',(-98.0026957165383,71.2453357269484,6.));
#3346=CARTESIAN_POINT('Origin',(-58.7264404352865,76.2453357270898,0.));
#3347=CARTESIAN_POINT('',(-58.7264404352865,76.2453357270898,6.));
#3348=CARTESIAN_POINT('Origin',(58.7264404352861,76.2453357270898,0.));
#3349=CARTESIAN_POINT('',(58.7264404352861,76.2453357270898,6.));
#3350=CARTESIAN_POINT('',(58.7264404352861,76.2453357270898,6.));
#3351=CARTESIAN_POINT('',(58.7264404352861,76.2453357270898,0.));
#3352=CARTESIAN_POINT('Origin',(128.726440435285,76.2453357270898,0.));
#3353=CARTESIAN_POINT('',(128.726440435285,76.2453357270898,6.));
#3354=CARTESIAN_POINT('Origin',(98.0026957165369,71.2453357271073,0.));
#3355=CARTESIAN_POINT('',(143.002695716535,71.2453357271067,6.));
#3356=CARTESIAN_POINT('Origin',(98.0026957165369,71.2453357271073,6.));
#3357=CARTESIAN_POINT('',(143.002695716535,71.2453357271067,0.));
#3358=CARTESIAN_POINT('Origin',(143.002695716535,-51.1206522197133,0.));
#3359=CARTESIAN_POINT('',(143.002695716535,-51.1206522197133,6.));
#3360=CARTESIAN_POINT('Origin',(128.726440435286,-56.1206522196961,0.));
#3361=CARTESIAN_POINT('',(128.726440435286,-56.1206522196961,6.));
#3362=CARTESIAN_POINT('Origin',(-1.95399252334028E-13,10.062341753697,6.));
#3363=CARTESIAN_POINT('',(0.,0.,0.));
#3364=UNCERTAINTY_MEASURE_WITH_UNIT(LENGTH_MEASURE(0.01),#3370,
'DISTANCE_ACCURACY_VALUE',
'Maximum model space distance between geometric entities at asserted c
onnectivities');
#3365=UNCERTAINTY_MEASURE_WITH_UNIT(LENGTH_MEASURE(0.01),#3370,
'DISTANCE_ACCURACY_VALUE',
'Maximum model space distance between geometric entities at asserted c
onnectivities');
#3366=UNCERTAINTY_MEASURE_WITH_UNIT(LENGTH_MEASURE(0.01),#3370,
'DISTANCE_ACCURACY_VALUE',
'Maximum model space distance between geometric entities at asserted c
onnectivities');
#3367=(
GEOMETRIC_REPRESENTATION_CONTEXT(3)
GLOBAL_UNCERTAINTY_ASSIGNED_CONTEXT((#3364))
GLOBAL_UNIT_ASSIGNED_CONTEXT((#3370,#3372,#3373))
REPRESENTATION_CONTEXT('','3D')
);
#3368=(
GEOMETRIC_REPRESENTATION_CONTEXT(3)
GLOBAL_UNCERTAINTY_ASSIGNED_CONTEXT((#3365))
GLOBAL_UNIT_ASSIGNED_CONTEXT((#3370,#3372,#3373))
REPRESENTATION_CONTEXT('','3D')
);
#3369=(
GEOMETRIC_REPRESENTATION_CONTEXT(3)
GLOBAL_UNCERTAINTY_ASSIGNED_CONTEXT((#3366))
GLOBAL_UNIT_ASSIGNED_CONTEXT((#3370,#3372,#3373))
REPRESENTATION_CONTEXT('','3D')
);
#3370=(
LENGTH_UNIT()
NAMED_UNIT(*)
SI_UNIT(.MILLI.,.METRE.)
);
#3371=(
LENGTH_UNIT()
NAMED_UNIT(*)
SI_UNIT($,.METRE.)
);
#3372=(
NAMED_UNIT(*)
PLANE_ANGLE_UNIT()
SI_UNIT($,.RADIAN.)
);
#3373=(
NAMED_UNIT(*)
SI_UNIT($,.STERADIAN.)
SOLID_ANGLE_UNIT()
);
#3374=SHAPE_DEFINITION_REPRESENTATION(#3376,#3379);
#3375=SHAPE_DEFINITION_REPRESENTATION(#3377,#3380);
#3376=PRODUCT_DEFINITION_SHAPE('',$,#3382);
#3377=PRODUCT_DEFINITION_SHAPE('',$,#3383);
#3378=PRODUCT_DEFINITION_SHAPE($,$,#14);
#3379=SHAPE_REPRESENTATION('',(#2048,#2240),#3367);
#3380=SHAPE_REPRESENTATION('',(#2049),#3368);
#3381=PRODUCT_DEFINITION_CONTEXT('part definition',#3389,'design');
#3382=PRODUCT_DEFINITION('Chassis_V2 v0','Chassis_V2 v0 v2',#3384,#3381);
#3383=PRODUCT_DEFINITION('chassie','chassie v1',#3385,#3381);
#3384=PRODUCT_DEFINITION_FORMATION('',$,#3391);
#3385=PRODUCT_DEFINITION_FORMATION('',$,#3392);
#3386=PRODUCT_RELATED_PRODUCT_CATEGORY('Chassis_V2 v0 v2',
'Chassis_V2 v0 v2',(#3391));
#3387=PRODUCT_RELATED_PRODUCT_CATEGORY('chassie v1','chassie v1',(#3392));
#3388=APPLICATION_PROTOCOL_DEFINITION('international standard',
'automotive_design',2009,#3389);
#3389=APPLICATION_CONTEXT(
'Core Data for Automotive Mechanical Design Process');
#3390=PRODUCT_CONTEXT('part definition',#3389,'mechanical');
#3391=PRODUCT('Chassis_V2 v0','Chassis_V2 v0 v2',$,(#3390));
#3392=PRODUCT('chassie','chassie v1',$,(#3390));
#3393=PRESENTATION_STYLE_ASSIGNMENT((#3396));
#3394=PRESENTATION_STYLE_ASSIGNMENT((#3397));
#3395=PRESENTATION_STYLE_ASSIGNMENT((#3398));
#3396=SURFACE_STYLE_USAGE(.BOTH.,#3399);
#3397=SURFACE_STYLE_USAGE(.BOTH.,#3400);
#3398=SURFACE_STYLE_USAGE(.BOTH.,#3401);
#3399=SURFACE_SIDE_STYLE('',(#3402));
#3400=SURFACE_SIDE_STYLE('',(#3403));
#3401=SURFACE_SIDE_STYLE('',(#3404));
#3402=SURFACE_STYLE_FILL_AREA(#3405);
#3403=SURFACE_STYLE_FILL_AREA(#3406);
#3404=SURFACE_STYLE_FILL_AREA(#3407);
#3405=FILL_AREA_STYLE('Steel - Satin',(#3408));
#3406=FILL_AREA_STYLE('Opaque(160,160,160)',(#3409));
#3407=FILL_AREA_STYLE('Plate',(#3410));
#3408=FILL_AREA_STYLE_COLOUR('Steel - Satin',#3411);
#3409=FILL_AREA_STYLE_COLOUR('Opaque(160,160,160)',#3412);
#3410=FILL_AREA_STYLE_COLOUR('Plate',#3413);
#3411=COLOUR_RGB('Steel - Satin',0.627450980392157,0.627450980392157,0.627450980392157);
#3412=COLOUR_RGB('Opaque(160,160,160)',0.627450980392157,0.627450980392157,
0.627450980392157);
#3413=COLOUR_RGB('Plate',0.6,0.6,0.6);
ENDSEC;
END-ISO-10303-21;
