ISO-10303-21;
HEADER;
/* Generated by software containing ST-Developer
 * from STEP Tools, Inc. (www.steptools.com) 
 */

FILE_DESCRIPTION(
/* description */ (''),
/* implementation_level */ '2;1');

FILE_NAME(
/* name */ 'chassie v1.step',
/* time_stamp */ '2025-06-12T11:15:24+05:30',
/* author */ (''),
/* organization */ (''),
/* preprocessor_version */ 'ST-DEVELOPER v20.1',
/* originating_system */ 'Autodesk Translation Framework v14.10.0.0',
/* authorisation */ '');

FILE_SCHEMA (('AUTOMOTIVE_DESIGN { 1 0 10303 214 3 1 1 }'));
ENDSEC;

DATA;
#10=MECHANICAL_DESIGN_GEOMETRIC_PRESENTATION_REPRESENTATION('',(#13),#2151);
#11=SHAPE_REPRESENTATION_RELATIONSHIP('SRR','None',#2158,#12);
#12=ADVANCED_BREP_SHAPE_REPRESENTATION('',(#14),#2150);
#13=STYLED_ITEM('',(#2168),#14);
#14=MANIFOLD_SOLID_BREP('Body1',#1291);
#15=CYLINDRICAL_SURFACE('',#1334,1.99999999999999);
#16=CYLINDRICAL_SURFACE('',#1336,1.99999999999999);
#17=CYLINDRICAL_SURFACE('',#1339,1.99999999999999);
#18=CYLINDRICAL_SURFACE('',#1342,1.99999999999999);
#19=CYLINDRICAL_SURFACE('',#1344,1.99999999999996);
#20=CYLINDRICAL_SURFACE('',#1347,1.99999999999999);
#21=CYLINDRICAL_SURFACE('',#1351,1.99999999999999);
#22=CYLINDRICAL_SURFACE('',#1354,1.99999999999999);
#23=CYLINDRICAL_SURFACE('',#1356,2.);
#24=CYLINDRICAL_SURFACE('',#1359,2.00000000000001);
#25=CYLINDRICAL_SURFACE('',#1362,2.00000000000001);
#26=CYLINDRICAL_SURFACE('',#1364,1.99999999999999);
#27=CYLINDRICAL_SURFACE('',#1366,1.99999999999999);
#28=CYLINDRICAL_SURFACE('',#1368,2.);
#29=CYLINDRICAL_SURFACE('',#1370,1.99999999999999);
#30=CYLINDRICAL_SURFACE('',#1372,1.99999999999999);
#31=CYLINDRICAL_SURFACE('',#1374,2.00000000000003);
#32=CYLINDRICAL_SURFACE('',#1377,2.00000000000003);
#33=CYLINDRICAL_SURFACE('',#1381,2.);
#34=CYLINDRICAL_SURFACE('',#1384,2.00000000000003);
#35=CYLINDRICAL_SURFACE('',#1387,1.99999999999999);
#36=CYLINDRICAL_SURFACE('',#1390,1.99999999999999);
#37=CYLINDRICAL_SURFACE('',#1393,2.);
#38=CYLINDRICAL_SURFACE('',#1396,2.00000000000002);
#39=CYLINDRICAL_SURFACE('',#1405,44.9999999999982);
#40=CYLINDRICAL_SURFACE('',#1408,45.);
#41=CYLINDRICAL_SURFACE('',#1417,44.9999999999998);
#42=CYLINDRICAL_SURFACE('',#1420,44.9999999999974);
#43=FACE_BOUND('',#138,.T.);
#44=FACE_BOUND('',#139,.T.);
#45=FACE_BOUND('',#140,.T.);
#46=FACE_BOUND('',#141,.T.);
#47=FACE_BOUND('',#142,.T.);
#48=FACE_BOUND('',#143,.T.);
#49=FACE_BOUND('',#144,.T.);
#50=FACE_BOUND('',#145,.T.);
#51=FACE_BOUND('',#146,.T.);
#52=FACE_BOUND('',#147,.T.);
#53=FACE_BOUND('',#148,.T.);
#54=FACE_BOUND('',#149,.T.);
#55=FACE_BOUND('',#150,.T.);
#56=FACE_BOUND('',#151,.T.);
#57=FACE_BOUND('',#152,.T.);
#58=FACE_BOUND('',#153,.T.);
#59=FACE_BOUND('',#215,.T.);
#60=FACE_BOUND('',#216,.T.);
#61=FACE_BOUND('',#217,.T.);
#62=FACE_BOUND('',#218,.T.);
#63=FACE_BOUND('',#219,.T.);
#64=FACE_BOUND('',#220,.T.);
#65=FACE_BOUND('',#221,.T.);
#66=FACE_BOUND('',#222,.T.);
#67=FACE_BOUND('',#223,.T.);
#68=FACE_BOUND('',#224,.T.);
#69=FACE_BOUND('',#225,.T.);
#70=FACE_BOUND('',#226,.T.);
#71=FACE_BOUND('',#227,.T.);
#72=FACE_BOUND('',#228,.T.);
#73=FACE_BOUND('',#229,.T.);
#74=FACE_BOUND('',#230,.T.);
#75=FACE_OUTER_BOUND('',#137,.T.);
#76=FACE_OUTER_BOUND('',#154,.T.);
#77=FACE_OUTER_BOUND('',#155,.T.);
#78=FACE_OUTER_BOUND('',#156,.T.);
#79=FACE_OUTER_BOUND('',#157,.T.);
#80=FACE_OUTER_BOUND('',#158,.T.);
#81=FACE_OUTER_BOUND('',#159,.T.);
#82=FACE_OUTER_BOUND('',#160,.T.);
#83=FACE_OUTER_BOUND('',#161,.T.);
#84=FACE_OUTER_BOUND('',#162,.T.);
#85=FACE_OUTER_BOUND('',#163,.T.);
#86=FACE_OUTER_BOUND('',#164,.T.);
#87=FACE_OUTER_BOUND('',#165,.T.);
#88=FACE_OUTER_BOUND('',#166,.T.);
#89=FACE_OUTER_BOUND('',#167,.T.);
#90=FACE_OUTER_BOUND('',#168,.T.);
#91=FACE_OUTER_BOUND('',#169,.T.);
#92=FACE_OUTER_BOUND('',#170,.T.);
#93=FACE_OUTER_BOUND('',#171,.T.);
#94=FACE_OUTER_BOUND('',#172,.T.);
#95=FACE_OUTER_BOUND('',#173,.T.);
#96=FACE_OUTER_BOUND('',#174,.T.);
#97=FACE_OUTER_BOUND('',#175,.T.);
#98=FACE_OUTER_BOUND('',#176,.T.);
#99=FACE_OUTER_BOUND('',#177,.T.);
#100=FACE_OUTER_BOUND('',#178,.T.);
#101=FACE_OUTER_BOUND('',#179,.T.);
#102=FACE_OUTER_BOUND('',#180,.T.);
#103=FACE_OUTER_BOUND('',#181,.T.);
#104=FACE_OUTER_BOUND('',#182,.T.);
#105=FACE_OUTER_BOUND('',#183,.T.);
#106=FACE_OUTER_BOUND('',#184,.T.);
#107=FACE_OUTER_BOUND('',#185,.T.);
#108=FACE_OUTER_BOUND('',#186,.T.);
#109=FACE_OUTER_BOUND('',#187,.T.);
#110=FACE_OUTER_BOUND('',#188,.T.);
#111=FACE_OUTER_BOUND('',#189,.T.);
#112=FACE_OUTER_BOUND('',#190,.T.);
#113=FACE_OUTER_BOUND('',#191,.T.);
#114=FACE_OUTER_BOUND('',#192,.T.);
#115=FACE_OUTER_BOUND('',#193,.T.);
#116=FACE_OUTER_BOUND('',#194,.T.);
#117=FACE_OUTER_BOUND('',#195,.T.);
#118=FACE_OUTER_BOUND('',#196,.T.);
#119=FACE_OUTER_BOUND('',#197,.T.);
#120=FACE_OUTER_BOUND('',#198,.T.);
#121=FACE_OUTER_BOUND('',#199,.T.);
#122=FACE_OUTER_BOUND('',#200,.T.);
#123=FACE_OUTER_BOUND('',#201,.T.);
#124=FACE_OUTER_BOUND('',#202,.T.);
#125=FACE_OUTER_BOUND('',#203,.T.);
#126=FACE_OUTER_BOUND('',#204,.T.);
#127=FACE_OUTER_BOUND('',#205,.T.);
#128=FACE_OUTER_BOUND('',#206,.T.);
#129=FACE_OUTER_BOUND('',#207,.T.);
#130=FACE_OUTER_BOUND('',#208,.T.);
#131=FACE_OUTER_BOUND('',#209,.T.);
#132=FACE_OUTER_BOUND('',#210,.T.);
#133=FACE_OUTER_BOUND('',#211,.T.);
#134=FACE_OUTER_BOUND('',#212,.T.);
#135=FACE_OUTER_BOUND('',#213,.T.);
#136=FACE_OUTER_BOUND('',#214,.T.);
#137=EDGE_LOOP('',(#835,#836,#837,#838,#839,#840,#841,#842,#843,#844,#845,
#846,#847,#848,#849,#850,#851,#852,#853,#854));
#138=EDGE_LOOP('',(#855,#856,#857,#858));
#139=EDGE_LOOP('',(#859,#860,#861,#862));
#140=EDGE_LOOP('',(#863,#864,#865,#866));
#141=EDGE_LOOP('',(#867,#868,#869,#870));
#142=EDGE_LOOP('',(#871));
#143=EDGE_LOOP('',(#872));
#144=EDGE_LOOP('',(#873));
#145=EDGE_LOOP('',(#874));
#146=EDGE_LOOP('',(#875));
#147=EDGE_LOOP('',(#876,#877,#878,#879));
#148=EDGE_LOOP('',(#880));
#149=EDGE_LOOP('',(#881,#882,#883,#884));
#150=EDGE_LOOP('',(#885,#886,#887,#888));
#151=EDGE_LOOP('',(#889,#890,#891,#892));
#152=EDGE_LOOP('',(#893));
#153=EDGE_LOOP('',(#894));
#154=EDGE_LOOP('',(#895,#896,#897,#898));
#155=EDGE_LOOP('',(#899,#900,#901,#902));
#156=EDGE_LOOP('',(#903,#904,#905,#906));
#157=EDGE_LOOP('',(#907,#908,#909,#910));
#158=EDGE_LOOP('',(#911,#912,#913,#914));
#159=EDGE_LOOP('',(#915,#916,#917,#918));
#160=EDGE_LOOP('',(#919,#920,#921,#922));
#161=EDGE_LOOP('',(#923,#924,#925,#926));
#162=EDGE_LOOP('',(#927,#928,#929,#930));
#163=EDGE_LOOP('',(#931,#932,#933,#934));
#164=EDGE_LOOP('',(#935,#936,#937,#938));
#165=EDGE_LOOP('',(#939,#940,#941,#942));
#166=EDGE_LOOP('',(#943,#944,#945,#946));
#167=EDGE_LOOP('',(#947,#948,#949,#950));
#168=EDGE_LOOP('',(#951,#952,#953,#954));
#169=EDGE_LOOP('',(#955,#956,#957,#958));
#170=EDGE_LOOP('',(#959,#960,#961,#962));
#171=EDGE_LOOP('',(#963,#964,#965,#966));
#172=EDGE_LOOP('',(#967,#968,#969,#970));
#173=EDGE_LOOP('',(#971,#972,#973,#974));
#174=EDGE_LOOP('',(#975,#976,#977,#978));
#175=EDGE_LOOP('',(#979,#980,#981,#982));
#176=EDGE_LOOP('',(#983,#984,#985,#986));
#177=EDGE_LOOP('',(#987,#988,#989,#990));
#178=EDGE_LOOP('',(#991,#992,#993,#994));
#179=EDGE_LOOP('',(#995,#996,#997,#998));
#180=EDGE_LOOP('',(#999,#1000,#1001,#1002));
#181=EDGE_LOOP('',(#1003,#1004,#1005,#1006));
#182=EDGE_LOOP('',(#1007,#1008,#1009,#1010));
#183=EDGE_LOOP('',(#1011,#1012,#1013,#1014));
#184=EDGE_LOOP('',(#1015,#1016,#1017,#1018));
#185=EDGE_LOOP('',(#1019,#1020,#1021,#1022));
#186=EDGE_LOOP('',(#1023,#1024,#1025,#1026));
#187=EDGE_LOOP('',(#1027,#1028,#1029,#1030));
#188=EDGE_LOOP('',(#1031,#1032,#1033,#1034));
#189=EDGE_LOOP('',(#1035,#1036,#1037,#1038));
#190=EDGE_LOOP('',(#1039,#1040,#1041,#1042));
#191=EDGE_LOOP('',(#1043,#1044,#1045,#1046));
#192=EDGE_LOOP('',(#1047,#1048,#1049,#1050));
#193=EDGE_LOOP('',(#1051,#1052,#1053,#1054));
#194=EDGE_LOOP('',(#1055,#1056,#1057,#1058));
#195=EDGE_LOOP('',(#1059,#1060,#1061,#1062));
#196=EDGE_LOOP('',(#1063,#1064,#1065,#1066));
#197=EDGE_LOOP('',(#1067,#1068,#1069,#1070));
#198=EDGE_LOOP('',(#1071,#1072,#1073,#1074));
#199=EDGE_LOOP('',(#1075,#1076,#1077,#1078));
#200=EDGE_LOOP('',(#1079,#1080,#1081,#1082));
#201=EDGE_LOOP('',(#1083,#1084,#1085,#1086));
#202=EDGE_LOOP('',(#1087,#1088,#1089,#1090));
#203=EDGE_LOOP('',(#1091,#1092,#1093,#1094));
#204=EDGE_LOOP('',(#1095,#1096,#1097,#1098));
#205=EDGE_LOOP('',(#1099,#1100,#1101,#1102));
#206=EDGE_LOOP('',(#1103,#1104,#1105,#1106));
#207=EDGE_LOOP('',(#1107,#1108,#1109,#1110));
#208=EDGE_LOOP('',(#1111,#1112,#1113,#1114));
#209=EDGE_LOOP('',(#1115,#1116,#1117,#1118));
#210=EDGE_LOOP('',(#1119,#1120,#1121,#1122));
#211=EDGE_LOOP('',(#1123,#1124,#1125,#1126));
#212=EDGE_LOOP('',(#1127,#1128,#1129,#1130));
#213=EDGE_LOOP('',(#1131,#1132,#1133,#1134));
#214=EDGE_LOOP('',(#1135,#1136,#1137,#1138,#1139,#1140,#1141,#1142,#1143,
#1144,#1145,#1146,#1147,#1148,#1149,#1150,#1151,#1152,#1153,#1154));
#215=EDGE_LOOP('',(#1155,#1156,#1157,#1158));
#216=EDGE_LOOP('',(#1159,#1160,#1161,#1162));
#217=EDGE_LOOP('',(#1163,#1164,#1165,#1166));
#218=EDGE_LOOP('',(#1167,#1168,#1169,#1170));
#219=EDGE_LOOP('',(#1171));
#220=EDGE_LOOP('',(#1172));
#221=EDGE_LOOP('',(#1173));
#222=EDGE_LOOP('',(#1174));
#223=EDGE_LOOP('',(#1175));
#224=EDGE_LOOP('',(#1176,#1177,#1178,#1179));
#225=EDGE_LOOP('',(#1180));
#226=EDGE_LOOP('',(#1181,#1182,#1183,#1184));
#227=EDGE_LOOP('',(#1185,#1186,#1187,#1188));
#228=EDGE_LOOP('',(#1189,#1190,#1191,#1192));
#229=EDGE_LOOP('',(#1193));
#230=EDGE_LOOP('',(#1194));
#231=CIRCLE('',#1306,44.9999999999974);
#232=CIRCLE('',#1307,44.9999999999998);
#233=CIRCLE('',#1308,45.);
#234=CIRCLE('',#1309,44.9999999999982);
#235=CIRCLE('',#1310,2.00000000000002);
#236=CIRCLE('',#1311,2.);
#237=CIRCLE('',#1312,1.99999999999999);
#238=CIRCLE('',#1313,1.99999999999999);
#239=CIRCLE('',#1314,2.00000000000003);
#240=CIRCLE('',#1315,2.);
#241=CIRCLE('',#1316,2.00000000000003);
#242=CIRCLE('',#1317,2.00000000000003);
#243=CIRCLE('',#1318,1.99999999999999);
#244=CIRCLE('',#1319,1.99999999999999);
#245=CIRCLE('',#1320,2.);
#246=CIRCLE('',#1321,1.99999999999999);
#247=CIRCLE('',#1322,1.99999999999999);
#248=CIRCLE('',#1323,2.00000000000001);
#249=CIRCLE('',#1324,2.00000000000001);
#250=CIRCLE('',#1325,2.);
#251=CIRCLE('',#1326,1.99999999999999);
#252=CIRCLE('',#1327,1.99999999999999);
#253=CIRCLE('',#1328,1.99999999999999);
#254=CIRCLE('',#1329,1.99999999999996);
#255=CIRCLE('',#1330,1.99999999999999);
#256=CIRCLE('',#1331,1.99999999999999);
#257=CIRCLE('',#1332,1.99999999999999);
#258=CIRCLE('',#1333,1.99999999999999);
#259=CIRCLE('',#1335,1.99999999999999);
#260=CIRCLE('',#1337,1.99999999999999);
#261=CIRCLE('',#1340,1.99999999999999);
#262=CIRCLE('',#1343,1.99999999999999);
#263=CIRCLE('',#1345,1.99999999999996);
#264=CIRCLE('',#1348,1.99999999999999);
#265=CIRCLE('',#1352,1.99999999999999);
#266=CIRCLE('',#1355,1.99999999999999);
#267=CIRCLE('',#1357,2.);
#268=CIRCLE('',#1360,2.00000000000001);
#269=CIRCLE('',#1363,2.00000000000001);
#270=CIRCLE('',#1365,1.99999999999999);
#271=CIRCLE('',#1367,1.99999999999999);
#272=CIRCLE('',#1369,2.);
#273=CIRCLE('',#1371,1.99999999999999);
#274=CIRCLE('',#1373,1.99999999999999);
#275=CIRCLE('',#1375,2.00000000000003);
#276=CIRCLE('',#1378,2.00000000000003);
#277=CIRCLE('',#1382,2.);
#278=CIRCLE('',#1385,2.00000000000003);
#279=CIRCLE('',#1388,1.99999999999999);
#280=CIRCLE('',#1391,1.99999999999999);
#281=CIRCLE('',#1394,2.);
#282=CIRCLE('',#1397,2.00000000000002);
#283=CIRCLE('',#1406,44.9999999999982);
#284=CIRCLE('',#1409,45.);
#285=CIRCLE('',#1418,44.9999999999998);
#286=CIRCLE('',#1421,44.9999999999974);
#287=LINE('',#1789,#411);
#288=LINE('',#1791,#412);
#289=LINE('',#1793,#413);
#290=LINE('',#1795,#414);
#291=LINE('',#1797,#415);
#292=LINE('',#1799,#416);
#293=LINE('',#1801,#417);
#294=LINE('',#1805,#418);
#295=LINE('',#1809,#419);
#296=LINE('',#1811,#420);
#297=LINE('',#1813,#421);
#298=LINE('',#1815,#422);
#299=LINE('',#1817,#423);
#300=LINE('',#1819,#424);
#301=LINE('',#1821,#425);
#302=LINE('',#1825,#426);
#303=LINE('',#1831,#427);
#304=LINE('',#1834,#428);
#305=LINE('',#1839,#429);
#306=LINE('',#1842,#430);
#307=LINE('',#1847,#431);
#308=LINE('',#1850,#432);
#309=LINE('',#1853,#433);
#310=LINE('',#1857,#434);
#311=LINE('',#1873,#435);
#312=LINE('',#1876,#436);
#313=LINE('',#1883,#437);
#314=LINE('',#1886,#438);
#315=LINE('',#1889,#439);
#316=LINE('',#1893,#440);
#317=LINE('',#1899,#441);
#318=LINE('',#1902,#442);
#319=LINE('',#1910,#443);
#320=LINE('',#1914,#444);
#321=LINE('',#1918,#445);
#322=LINE('',#1919,#446);
#323=LINE('',#1920,#447);
#324=LINE('',#1924,#448);
#325=LINE('',#1927,#449);
#326=LINE('',#1928,#450);
#327=LINE('',#1935,#451);
#328=LINE('',#1936,#452);
#329=LINE('',#1939,#453);
#330=LINE('',#1940,#454);
#331=LINE('',#1944,#455);
#332=LINE('',#1946,#456);
#333=LINE('',#1950,#457);
#334=LINE('',#1951,#458);
#335=LINE('',#1952,#459);
#336=LINE('',#1956,#460);
#337=LINE('',#1959,#461);
#338=LINE('',#1960,#462);
#339=LINE('',#1966,#463);
#340=LINE('',#1970,#464);
#341=LINE('',#1971,#465);
#342=LINE('',#1972,#466);
#343=LINE('',#1976,#467);
#344=LINE('',#1979,#468);
#345=LINE('',#1980,#469);
#346=LINE('',#1986,#470);
#347=LINE('',#1990,#471);
#348=LINE('',#1994,#472);
#349=LINE('',#1998,#473);
#350=LINE('',#2002,#474);
#351=LINE('',#2007,#475);
#352=LINE('',#2008,#476);
#353=LINE('',#2011,#477);
#354=LINE('',#2012,#478);
#355=LINE('',#2016,#479);
#356=LINE('',#2018,#480);
#357=LINE('',#2022,#481);
#358=LINE('',#2023,#482);
#359=LINE('',#2024,#483);
#360=LINE('',#2028,#484);
#361=LINE('',#2031,#485);
#362=LINE('',#2032,#486);
#363=LINE('',#2038,#487);
#364=LINE('',#2039,#488);
#365=LINE('',#2040,#489);
#366=LINE('',#2044,#490);
#367=LINE('',#2047,#491);
#368=LINE('',#2048,#492);
#369=LINE('',#2054,#493);
#370=LINE('',#2055,#494);
#371=LINE('',#2056,#495);
#372=LINE('',#2060,#496);
#373=LINE('',#2063,#497);
#374=LINE('',#2064,#498);
#375=LINE('',#2070,#499);
#376=LINE('',#2071,#500);
#377=LINE('',#2072,#501);
#378=LINE('',#2075,#502);
#379=LINE('',#2076,#503);
#380=LINE('',#2079,#504);
#381=LINE('',#2080,#505);
#382=LINE('',#2083,#506);
#383=LINE('',#2084,#507);
#384=LINE('',#2087,#508);
#385=LINE('',#2088,#509);
#386=LINE('',#2091,#510);
#387=LINE('',#2092,#511);
#388=LINE('',#2095,#512);
#389=LINE('',#2096,#513);
#390=LINE('',#2100,#514);
#391=LINE('',#2103,#515);
#392=LINE('',#2104,#516);
#393=LINE('',#2108,#517);
#394=LINE('',#2111,#518);
#395=LINE('',#2112,#519);
#396=LINE('',#2115,#520);
#397=LINE('',#2116,#521);
#398=LINE('',#2119,#522);
#399=LINE('',#2120,#523);
#400=LINE('',#2123,#524);
#401=LINE('',#2124,#525);
#402=LINE('',#2127,#526);
#403=LINE('',#2128,#527);
#404=LINE('',#2131,#528);
#405=LINE('',#2132,#529);
#406=LINE('',#2135,#530);
#407=LINE('',#2136,#531);
#408=LINE('',#2140,#532);
#409=LINE('',#2143,#533);
#410=LINE('',#2144,#534);
#411=VECTOR('',#1427,10.);
#412=VECTOR('',#1428,10.);
#413=VECTOR('',#1429,10.);
#414=VECTOR('',#1430,10.);
#415=VECTOR('',#1431,10.);
#416=VECTOR('',#1432,10.);
#417=VECTOR('',#1433,10.);
#418=VECTOR('',#1436,10.);
#419=VECTOR('',#1439,10.);
#420=VECTOR('',#1440,10.);
#421=VECTOR('',#1441,10.);
#422=VECTOR('',#1442,10.);
#423=VECTOR('',#1443,10.);
#424=VECTOR('',#1444,10.);
#425=VECTOR('',#1445,10.);
#426=VECTOR('',#1448,10.);
#427=VECTOR('',#1453,10.);
#428=VECTOR('',#1456,10.);
#429=VECTOR('',#1459,10.);
#430=VECTOR('',#1462,10.);
#431=VECTOR('',#1465,10.);
#432=VECTOR('',#1468,10.);
#433=VECTOR('',#1469,10.);
#434=VECTOR('',#1472,10.);
#435=VECTOR('',#1487,10.);
#436=VECTOR('',#1490,10.);
#437=VECTOR('',#1495,10.);
#438=VECTOR('',#1498,10.);
#439=VECTOR('',#1499,10.);
#440=VECTOR('',#1502,10.);
#441=VECTOR('',#1507,10.);
#442=VECTOR('',#1510,10.);
#443=VECTOR('',#1519,1.99999999999999);
#444=VECTOR('',#1524,1.99999999999999);
#445=VECTOR('',#1527,10.);
#446=VECTOR('',#1528,10.);
#447=VECTOR('',#1529,10.);
#448=VECTOR('',#1534,10.);
#449=VECTOR('',#1537,10.);
#450=VECTOR('',#1538,10.);
#451=VECTOR('',#1547,10.);
#452=VECTOR('',#1548,10.);
#453=VECTOR('',#1551,10.);
#454=VECTOR('',#1552,10.);
#455=VECTOR('',#1557,10.);
#456=VECTOR('',#1560,10.);
#457=VECTOR('',#1563,10.);
#458=VECTOR('',#1564,10.);
#459=VECTOR('',#1565,10.);
#460=VECTOR('',#1570,10.);
#461=VECTOR('',#1573,10.);
#462=VECTOR('',#1574,10.);
#463=VECTOR('',#1583,2.);
#464=VECTOR('',#1586,10.);
#465=VECTOR('',#1587,10.);
#466=VECTOR('',#1588,10.);
#467=VECTOR('',#1593,10.);
#468=VECTOR('',#1596,10.);
#469=VECTOR('',#1597,10.);
#470=VECTOR('',#1606,1.99999999999999);
#471=VECTOR('',#1611,1.99999999999999);
#472=VECTOR('',#1616,2.);
#473=VECTOR('',#1621,1.99999999999999);
#474=VECTOR('',#1626,1.99999999999999);
#475=VECTOR('',#1631,10.);
#476=VECTOR('',#1632,10.);
#477=VECTOR('',#1635,10.);
#478=VECTOR('',#1636,10.);
#479=VECTOR('',#1641,10.);
#480=VECTOR('',#1644,10.);
#481=VECTOR('',#1647,10.);
#482=VECTOR('',#1648,10.);
#483=VECTOR('',#1649,10.);
#484=VECTOR('',#1654,10.);
#485=VECTOR('',#1657,10.);
#486=VECTOR('',#1658,10.);
#487=VECTOR('',#1665,10.);
#488=VECTOR('',#1666,10.);
#489=VECTOR('',#1667,10.);
#490=VECTOR('',#1672,10.);
#491=VECTOR('',#1675,10.);
#492=VECTOR('',#1676,10.);
#493=VECTOR('',#1683,10.);
#494=VECTOR('',#1684,10.);
#495=VECTOR('',#1685,10.);
#496=VECTOR('',#1690,10.);
#497=VECTOR('',#1693,10.);
#498=VECTOR('',#1694,10.);
#499=VECTOR('',#1701,10.);
#500=VECTOR('',#1702,10.);
#501=VECTOR('',#1703,10.);
#502=VECTOR('',#1706,10.);
#503=VECTOR('',#1707,10.);
#504=VECTOR('',#1710,10.);
#505=VECTOR('',#1711,10.);
#506=VECTOR('',#1714,10.);
#507=VECTOR('',#1715,10.);
#508=VECTOR('',#1718,10.);
#509=VECTOR('',#1719,10.);
#510=VECTOR('',#1722,10.);
#511=VECTOR('',#1723,10.);
#512=VECTOR('',#1726,10.);
#513=VECTOR('',#1727,10.);
#514=VECTOR('',#1732,10.);
#515=VECTOR('',#1735,10.);
#516=VECTOR('',#1736,10.);
#517=VECTOR('',#1741,10.);
#518=VECTOR('',#1744,10.);
#519=VECTOR('',#1745,10.);
#520=VECTOR('',#1748,10.);
#521=VECTOR('',#1749,10.);
#522=VECTOR('',#1752,10.);
#523=VECTOR('',#1753,10.);
#524=VECTOR('',#1756,10.);
#525=VECTOR('',#1757,10.);
#526=VECTOR('',#1760,10.);
#527=VECTOR('',#1761,10.);
#528=VECTOR('',#1764,10.);
#529=VECTOR('',#1765,10.);
#530=VECTOR('',#1768,10.);
#531=VECTOR('',#1769,10.);
#532=VECTOR('',#1774,10.);
#533=VECTOR('',#1777,10.);
#534=VECTOR('',#1778,10.);
#535=VERTEX_POINT('',#1787);
#536=VERTEX_POINT('',#1788);
#537=VERTEX_POINT('',#1790);
#538=VERTEX_POINT('',#1792);
#539=VERTEX_POINT('',#1794);
#540=VERTEX_POINT('',#1796);
#541=VERTEX_POINT('',#1798);
#542=VERTEX_POINT('',#1800);
#543=VERTEX_POINT('',#1802);
#544=VERTEX_POINT('',#1804);
#545=VERTEX_POINT('',#1806);
#546=VERTEX_POINT('',#1808);
#547=VERTEX_POINT('',#1810);
#548=VERTEX_POINT('',#1812);
#549=VERTEX_POINT('',#1814);
#550=VERTEX_POINT('',#1816);
#551=VERTEX_POINT('',#1818);
#552=VERTEX_POINT('',#1820);
#553=VERTEX_POINT('',#1822);
#554=VERTEX_POINT('',#1824);
#555=VERTEX_POINT('',#1827);
#556=VERTEX_POINT('',#1828);
#557=VERTEX_POINT('',#1830);
#558=VERTEX_POINT('',#1832);
#559=VERTEX_POINT('',#1835);
#560=VERTEX_POINT('',#1836);
#561=VERTEX_POINT('',#1838);
#562=VERTEX_POINT('',#1840);
#563=VERTEX_POINT('',#1843);
#564=VERTEX_POINT('',#1844);
#565=VERTEX_POINT('',#1846);
#566=VERTEX_POINT('',#1848);
#567=VERTEX_POINT('',#1851);
#568=VERTEX_POINT('',#1852);
#569=VERTEX_POINT('',#1854);
#570=VERTEX_POINT('',#1856);
#571=VERTEX_POINT('',#1859);
#572=VERTEX_POINT('',#1861);
#573=VERTEX_POINT('',#1863);
#574=VERTEX_POINT('',#1865);
#575=VERTEX_POINT('',#1867);
#576=VERTEX_POINT('',#1869);
#577=VERTEX_POINT('',#1870);
#578=VERTEX_POINT('',#1872);
#579=VERTEX_POINT('',#1874);
#580=VERTEX_POINT('',#1877);
#581=VERTEX_POINT('',#1879);
#582=VERTEX_POINT('',#1880);
#583=VERTEX_POINT('',#1882);
#584=VERTEX_POINT('',#1884);
#585=VERTEX_POINT('',#1887);
#586=VERTEX_POINT('',#1888);
#587=VERTEX_POINT('',#1890);
#588=VERTEX_POINT('',#1892);
#589=VERTEX_POINT('',#1895);
#590=VERTEX_POINT('',#1896);
#591=VERTEX_POINT('',#1898);
#592=VERTEX_POINT('',#1900);
#593=VERTEX_POINT('',#1903);
#594=VERTEX_POINT('',#1905);
#595=VERTEX_POINT('',#1908);
#596=VERTEX_POINT('',#1912);
#597=VERTEX_POINT('',#1916);
#598=VERTEX_POINT('',#1917);
#599=VERTEX_POINT('',#1922);
#600=VERTEX_POINT('',#1926);
#601=VERTEX_POINT('',#1932);
#602=VERTEX_POINT('',#1933);
#603=VERTEX_POINT('',#1938);
#604=VERTEX_POINT('',#1942);
#605=VERTEX_POINT('',#1948);
#606=VERTEX_POINT('',#1949);
#607=VERTEX_POINT('',#1954);
#608=VERTEX_POINT('',#1958);
#609=VERTEX_POINT('',#1964);
#610=VERTEX_POINT('',#1968);
#611=VERTEX_POINT('',#1969);
#612=VERTEX_POINT('',#1974);
#613=VERTEX_POINT('',#1978);
#614=VERTEX_POINT('',#1984);
#615=VERTEX_POINT('',#1988);
#616=VERTEX_POINT('',#1992);
#617=VERTEX_POINT('',#1996);
#618=VERTEX_POINT('',#2000);
#619=VERTEX_POINT('',#2004);
#620=VERTEX_POINT('',#2005);
#621=VERTEX_POINT('',#2010);
#622=VERTEX_POINT('',#2014);
#623=VERTEX_POINT('',#2020);
#624=VERTEX_POINT('',#2021);
#625=VERTEX_POINT('',#2026);
#626=VERTEX_POINT('',#2030);
#627=VERTEX_POINT('',#2036);
#628=VERTEX_POINT('',#2037);
#629=VERTEX_POINT('',#2042);
#630=VERTEX_POINT('',#2046);
#631=VERTEX_POINT('',#2052);
#632=VERTEX_POINT('',#2053);
#633=VERTEX_POINT('',#2058);
#634=VERTEX_POINT('',#2062);
#635=VERTEX_POINT('',#2068);
#636=VERTEX_POINT('',#2069);
#637=VERTEX_POINT('',#2074);
#638=VERTEX_POINT('',#2078);
#639=VERTEX_POINT('',#2082);
#640=VERTEX_POINT('',#2086);
#641=VERTEX_POINT('',#2090);
#642=VERTEX_POINT('',#2094);
#643=VERTEX_POINT('',#2098);
#644=VERTEX_POINT('',#2102);
#645=VERTEX_POINT('',#2106);
#646=VERTEX_POINT('',#2110);
#647=VERTEX_POINT('',#2114);
#648=VERTEX_POINT('',#2118);
#649=VERTEX_POINT('',#2122);
#650=VERTEX_POINT('',#2126);
#651=VERTEX_POINT('',#2130);
#652=VERTEX_POINT('',#2134);
#653=VERTEX_POINT('',#2138);
#654=VERTEX_POINT('',#2142);
#655=EDGE_CURVE('',#535,#536,#287,.T.);
#656=EDGE_CURVE('',#536,#537,#288,.T.);
#657=EDGE_CURVE('',#537,#538,#289,.T.);
#658=EDGE_CURVE('',#538,#539,#290,.T.);
#659=EDGE_CURVE('',#539,#540,#291,.T.);
#660=EDGE_CURVE('',#540,#541,#292,.T.);
#661=EDGE_CURVE('',#541,#542,#293,.T.);
#662=EDGE_CURVE('',#542,#543,#231,.T.);
#663=EDGE_CURVE('',#543,#544,#294,.T.);
#664=EDGE_CURVE('',#544,#545,#232,.T.);
#665=EDGE_CURVE('',#545,#546,#295,.T.);
#666=EDGE_CURVE('',#546,#547,#296,.T.);
#667=EDGE_CURVE('',#547,#548,#297,.T.);
#668=EDGE_CURVE('',#548,#549,#298,.T.);
#669=EDGE_CURVE('',#549,#550,#299,.T.);
#670=EDGE_CURVE('',#550,#551,#300,.T.);
#671=EDGE_CURVE('',#551,#552,#301,.T.);
#672=EDGE_CURVE('',#552,#553,#233,.T.);
#673=EDGE_CURVE('',#553,#554,#302,.T.);
#674=EDGE_CURVE('',#554,#535,#234,.T.);
#675=EDGE_CURVE('',#555,#556,#235,.T.);
#676=EDGE_CURVE('',#556,#557,#303,.T.);
#677=EDGE_CURVE('',#557,#558,#236,.T.);
#678=EDGE_CURVE('',#558,#555,#304,.T.);
#679=EDGE_CURVE('',#559,#560,#237,.T.);
#680=EDGE_CURVE('',#560,#561,#305,.T.);
#681=EDGE_CURVE('',#561,#562,#238,.T.);
#682=EDGE_CURVE('',#562,#559,#306,.T.);
#683=EDGE_CURVE('',#563,#564,#239,.T.);
#684=EDGE_CURVE('',#564,#565,#307,.T.);
#685=EDGE_CURVE('',#565,#566,#240,.T.);
#686=EDGE_CURVE('',#566,#563,#308,.T.);
#687=EDGE_CURVE('',#567,#568,#309,.T.);
#688=EDGE_CURVE('',#568,#569,#241,.T.);
#689=EDGE_CURVE('',#569,#570,#310,.T.);
#690=EDGE_CURVE('',#570,#567,#242,.T.);
#691=EDGE_CURVE('',#571,#571,#243,.T.);
#692=EDGE_CURVE('',#572,#572,#244,.T.);
#693=EDGE_CURVE('',#573,#573,#245,.T.);
#694=EDGE_CURVE('',#574,#574,#246,.T.);
#695=EDGE_CURVE('',#575,#575,#247,.T.);
#696=EDGE_CURVE('',#576,#577,#248,.T.);
#697=EDGE_CURVE('',#577,#578,#311,.T.);
#698=EDGE_CURVE('',#578,#579,#249,.T.);
#699=EDGE_CURVE('',#579,#576,#312,.T.);
#700=EDGE_CURVE('',#580,#580,#250,.T.);
#701=EDGE_CURVE('',#581,#582,#251,.T.);
#702=EDGE_CURVE('',#582,#583,#313,.T.);
#703=EDGE_CURVE('',#583,#584,#252,.T.);
#704=EDGE_CURVE('',#584,#581,#314,.T.);
#705=EDGE_CURVE('',#585,#586,#315,.T.);
#706=EDGE_CURVE('',#586,#587,#253,.T.);
#707=EDGE_CURVE('',#587,#588,#316,.T.);
#708=EDGE_CURVE('',#588,#585,#254,.T.);
#709=EDGE_CURVE('',#589,#590,#255,.T.);
#710=EDGE_CURVE('',#590,#591,#317,.T.);
#711=EDGE_CURVE('',#591,#592,#256,.T.);
#712=EDGE_CURVE('',#592,#589,#318,.T.);
#713=EDGE_CURVE('',#593,#593,#257,.T.);
#714=EDGE_CURVE('',#594,#594,#258,.T.);
#715=EDGE_CURVE('',#595,#595,#259,.T.);
#716=EDGE_CURVE('',#595,#594,#319,.T.);
#717=EDGE_CURVE('',#596,#596,#260,.T.);
#718=EDGE_CURVE('',#596,#593,#320,.T.);
#719=EDGE_CURVE('',#597,#598,#321,.T.);
#720=EDGE_CURVE('',#598,#589,#322,.T.);
#721=EDGE_CURVE('',#597,#592,#323,.T.);
#722=EDGE_CURVE('',#599,#597,#261,.T.);
#723=EDGE_CURVE('',#599,#591,#324,.T.);
#724=EDGE_CURVE('',#600,#599,#325,.T.);
#725=EDGE_CURVE('',#600,#590,#326,.T.);
#726=EDGE_CURVE('',#598,#600,#262,.T.);
#727=EDGE_CURVE('',#601,#602,#263,.T.);
#728=EDGE_CURVE('',#602,#585,#327,.T.);
#729=EDGE_CURVE('',#601,#588,#328,.T.);
#730=EDGE_CURVE('',#603,#601,#329,.T.);
#731=EDGE_CURVE('',#603,#587,#330,.T.);
#732=EDGE_CURVE('',#604,#603,#264,.T.);
#733=EDGE_CURVE('',#604,#586,#331,.T.);
#734=EDGE_CURVE('',#602,#604,#332,.T.);
#735=EDGE_CURVE('',#605,#606,#333,.T.);
#736=EDGE_CURVE('',#606,#581,#334,.T.);
#737=EDGE_CURVE('',#605,#584,#335,.T.);
#738=EDGE_CURVE('',#607,#605,#265,.T.);
#739=EDGE_CURVE('',#607,#583,#336,.T.);
#740=EDGE_CURVE('',#608,#607,#337,.T.);
#741=EDGE_CURVE('',#608,#582,#338,.T.);
#742=EDGE_CURVE('',#606,#608,#266,.T.);
#743=EDGE_CURVE('',#609,#609,#267,.T.);
#744=EDGE_CURVE('',#609,#580,#339,.T.);
#745=EDGE_CURVE('',#610,#611,#340,.T.);
#746=EDGE_CURVE('',#611,#576,#341,.T.);
#747=EDGE_CURVE('',#610,#579,#342,.T.);
#748=EDGE_CURVE('',#612,#610,#268,.T.);
#749=EDGE_CURVE('',#612,#578,#343,.T.);
#750=EDGE_CURVE('',#613,#612,#344,.T.);
#751=EDGE_CURVE('',#613,#577,#345,.T.);
#752=EDGE_CURVE('',#611,#613,#269,.T.);
#753=EDGE_CURVE('',#614,#614,#270,.T.);
#754=EDGE_CURVE('',#614,#575,#346,.T.);
#755=EDGE_CURVE('',#615,#615,#271,.T.);
#756=EDGE_CURVE('',#615,#574,#347,.T.);
#757=EDGE_CURVE('',#616,#616,#272,.T.);
#758=EDGE_CURVE('',#616,#573,#348,.T.);
#759=EDGE_CURVE('',#617,#617,#273,.T.);
#760=EDGE_CURVE('',#617,#572,#349,.T.);
#761=EDGE_CURVE('',#618,#618,#274,.T.);
#762=EDGE_CURVE('',#618,#571,#350,.T.);
#763=EDGE_CURVE('',#619,#620,#275,.T.);
#764=EDGE_CURVE('',#620,#567,#351,.T.);
#765=EDGE_CURVE('',#619,#570,#352,.T.);
#766=EDGE_CURVE('',#621,#619,#353,.T.);
#767=EDGE_CURVE('',#621,#569,#354,.T.);
#768=EDGE_CURVE('',#622,#621,#276,.T.);
#769=EDGE_CURVE('',#622,#568,#355,.T.);
#770=EDGE_CURVE('',#620,#622,#356,.T.);
#771=EDGE_CURVE('',#623,#624,#357,.T.);
#772=EDGE_CURVE('',#624,#563,#358,.T.);
#773=EDGE_CURVE('',#623,#566,#359,.T.);
#774=EDGE_CURVE('',#625,#623,#277,.T.);
#775=EDGE_CURVE('',#625,#565,#360,.T.);
#776=EDGE_CURVE('',#626,#625,#361,.T.);
#777=EDGE_CURVE('',#626,#564,#362,.T.);
#778=EDGE_CURVE('',#624,#626,#278,.T.);
#779=EDGE_CURVE('',#627,#628,#363,.T.);
#780=EDGE_CURVE('',#628,#559,#364,.T.);
#781=EDGE_CURVE('',#627,#562,#365,.T.);
#782=EDGE_CURVE('',#629,#627,#279,.T.);
#783=EDGE_CURVE('',#629,#561,#366,.T.);
#784=EDGE_CURVE('',#630,#629,#367,.T.);
#785=EDGE_CURVE('',#630,#560,#368,.T.);
#786=EDGE_CURVE('',#628,#630,#280,.T.);
#787=EDGE_CURVE('',#631,#632,#369,.T.);
#788=EDGE_CURVE('',#632,#555,#370,.T.);
#789=EDGE_CURVE('',#631,#558,#371,.T.);
#790=EDGE_CURVE('',#633,#631,#281,.T.);
#791=EDGE_CURVE('',#633,#557,#372,.T.);
#792=EDGE_CURVE('',#634,#633,#373,.T.);
#793=EDGE_CURVE('',#634,#556,#374,.T.);
#794=EDGE_CURVE('',#632,#634,#282,.T.);
#795=EDGE_CURVE('',#635,#636,#375,.T.);
#796=EDGE_CURVE('',#636,#542,#376,.T.);
#797=EDGE_CURVE('',#635,#541,#377,.T.);
#798=EDGE_CURVE('',#637,#635,#378,.T.);
#799=EDGE_CURVE('',#637,#540,#379,.T.);
#800=EDGE_CURVE('',#638,#637,#380,.T.);
#801=EDGE_CURVE('',#638,#539,#381,.T.);
#802=EDGE_CURVE('',#639,#638,#382,.T.);
#803=EDGE_CURVE('',#639,#538,#383,.T.);
#804=EDGE_CURVE('',#640,#639,#384,.T.);
#805=EDGE_CURVE('',#640,#537,#385,.T.);
#806=EDGE_CURVE('',#641,#640,#386,.T.);
#807=EDGE_CURVE('',#641,#536,#387,.T.);
#808=EDGE_CURVE('',#642,#641,#388,.T.);
#809=EDGE_CURVE('',#642,#535,#389,.T.);
#810=EDGE_CURVE('',#643,#642,#283,.T.);
#811=EDGE_CURVE('',#643,#554,#390,.T.);
#812=EDGE_CURVE('',#644,#643,#391,.T.);
#813=EDGE_CURVE('',#644,#553,#392,.T.);
#814=EDGE_CURVE('',#645,#644,#284,.T.);
#815=EDGE_CURVE('',#645,#552,#393,.T.);
#816=EDGE_CURVE('',#646,#645,#394,.T.);
#817=EDGE_CURVE('',#646,#551,#395,.T.);
#818=EDGE_CURVE('',#647,#646,#396,.T.);
#819=EDGE_CURVE('',#647,#550,#397,.T.);
#820=EDGE_CURVE('',#648,#647,#398,.T.);
#821=EDGE_CURVE('',#648,#549,#399,.T.);
#822=EDGE_CURVE('',#649,#648,#400,.T.);
#823=EDGE_CURVE('',#649,#548,#401,.T.);
#824=EDGE_CURVE('',#650,#649,#402,.T.);
#825=EDGE_CURVE('',#650,#547,#403,.T.);
#826=EDGE_CURVE('',#651,#650,#404,.T.);
#827=EDGE_CURVE('',#651,#546,#405,.T.);
#828=EDGE_CURVE('',#652,#651,#406,.T.);
#829=EDGE_CURVE('',#652,#545,#407,.T.);
#830=EDGE_CURVE('',#653,#652,#285,.T.);
#831=EDGE_CURVE('',#653,#544,#408,.T.);
#832=EDGE_CURVE('',#654,#653,#409,.T.);
#833=EDGE_CURVE('',#654,#543,#410,.T.);
#834=EDGE_CURVE('',#636,#654,#286,.T.);
#835=ORIENTED_EDGE('',*,*,#655,.T.);
#836=ORIENTED_EDGE('',*,*,#656,.T.);
#837=ORIENTED_EDGE('',*,*,#657,.T.);
#838=ORIENTED_EDGE('',*,*,#658,.T.);
#839=ORIENTED_EDGE('',*,*,#659,.T.);
#840=ORIENTED_EDGE('',*,*,#660,.T.);
#841=ORIENTED_EDGE('',*,*,#661,.T.);
#842=ORIENTED_EDGE('',*,*,#662,.T.);
#843=ORIENTED_EDGE('',*,*,#663,.T.);
#844=ORIENTED_EDGE('',*,*,#664,.T.);
#845=ORIENTED_EDGE('',*,*,#665,.T.);
#846=ORIENTED_EDGE('',*,*,#666,.T.);
#847=ORIENTED_EDGE('',*,*,#667,.T.);
#848=ORIENTED_EDGE('',*,*,#668,.T.);
#849=ORIENTED_EDGE('',*,*,#669,.T.);
#850=ORIENTED_EDGE('',*,*,#670,.T.);
#851=ORIENTED_EDGE('',*,*,#671,.T.);
#852=ORIENTED_EDGE('',*,*,#672,.T.);
#853=ORIENTED_EDGE('',*,*,#673,.T.);
#854=ORIENTED_EDGE('',*,*,#674,.T.);
#855=ORIENTED_EDGE('',*,*,#675,.T.);
#856=ORIENTED_EDGE('',*,*,#676,.T.);
#857=ORIENTED_EDGE('',*,*,#677,.T.);
#858=ORIENTED_EDGE('',*,*,#678,.T.);
#859=ORIENTED_EDGE('',*,*,#679,.T.);
#860=ORIENTED_EDGE('',*,*,#680,.T.);
#861=ORIENTED_EDGE('',*,*,#681,.T.);
#862=ORIENTED_EDGE('',*,*,#682,.T.);
#863=ORIENTED_EDGE('',*,*,#683,.T.);
#864=ORIENTED_EDGE('',*,*,#684,.T.);
#865=ORIENTED_EDGE('',*,*,#685,.T.);
#866=ORIENTED_EDGE('',*,*,#686,.T.);
#867=ORIENTED_EDGE('',*,*,#687,.T.);
#868=ORIENTED_EDGE('',*,*,#688,.T.);
#869=ORIENTED_EDGE('',*,*,#689,.T.);
#870=ORIENTED_EDGE('',*,*,#690,.T.);
#871=ORIENTED_EDGE('',*,*,#691,.T.);
#872=ORIENTED_EDGE('',*,*,#692,.T.);
#873=ORIENTED_EDGE('',*,*,#693,.T.);
#874=ORIENTED_EDGE('',*,*,#694,.T.);
#875=ORIENTED_EDGE('',*,*,#695,.T.);
#876=ORIENTED_EDGE('',*,*,#696,.T.);
#877=ORIENTED_EDGE('',*,*,#697,.T.);
#878=ORIENTED_EDGE('',*,*,#698,.T.);
#879=ORIENTED_EDGE('',*,*,#699,.T.);
#880=ORIENTED_EDGE('',*,*,#700,.T.);
#881=ORIENTED_EDGE('',*,*,#701,.T.);
#882=ORIENTED_EDGE('',*,*,#702,.T.);
#883=ORIENTED_EDGE('',*,*,#703,.T.);
#884=ORIENTED_EDGE('',*,*,#704,.T.);
#885=ORIENTED_EDGE('',*,*,#705,.T.);
#886=ORIENTED_EDGE('',*,*,#706,.T.);
#887=ORIENTED_EDGE('',*,*,#707,.T.);
#888=ORIENTED_EDGE('',*,*,#708,.T.);
#889=ORIENTED_EDGE('',*,*,#709,.T.);
#890=ORIENTED_EDGE('',*,*,#710,.T.);
#891=ORIENTED_EDGE('',*,*,#711,.T.);
#892=ORIENTED_EDGE('',*,*,#712,.T.);
#893=ORIENTED_EDGE('',*,*,#713,.T.);
#894=ORIENTED_EDGE('',*,*,#714,.T.);
#895=ORIENTED_EDGE('',*,*,#715,.T.);
#896=ORIENTED_EDGE('',*,*,#716,.T.);
#897=ORIENTED_EDGE('',*,*,#714,.F.);
#898=ORIENTED_EDGE('',*,*,#716,.F.);
#899=ORIENTED_EDGE('',*,*,#717,.T.);
#900=ORIENTED_EDGE('',*,*,#718,.T.);
#901=ORIENTED_EDGE('',*,*,#713,.F.);
#902=ORIENTED_EDGE('',*,*,#718,.F.);
#903=ORIENTED_EDGE('',*,*,#719,.T.);
#904=ORIENTED_EDGE('',*,*,#720,.T.);
#905=ORIENTED_EDGE('',*,*,#712,.F.);
#906=ORIENTED_EDGE('',*,*,#721,.F.);
#907=ORIENTED_EDGE('',*,*,#722,.T.);
#908=ORIENTED_EDGE('',*,*,#721,.T.);
#909=ORIENTED_EDGE('',*,*,#711,.F.);
#910=ORIENTED_EDGE('',*,*,#723,.F.);
#911=ORIENTED_EDGE('',*,*,#724,.T.);
#912=ORIENTED_EDGE('',*,*,#723,.T.);
#913=ORIENTED_EDGE('',*,*,#710,.F.);
#914=ORIENTED_EDGE('',*,*,#725,.F.);
#915=ORIENTED_EDGE('',*,*,#726,.T.);
#916=ORIENTED_EDGE('',*,*,#725,.T.);
#917=ORIENTED_EDGE('',*,*,#709,.F.);
#918=ORIENTED_EDGE('',*,*,#720,.F.);
#919=ORIENTED_EDGE('',*,*,#727,.T.);
#920=ORIENTED_EDGE('',*,*,#728,.T.);
#921=ORIENTED_EDGE('',*,*,#708,.F.);
#922=ORIENTED_EDGE('',*,*,#729,.F.);
#923=ORIENTED_EDGE('',*,*,#730,.T.);
#924=ORIENTED_EDGE('',*,*,#729,.T.);
#925=ORIENTED_EDGE('',*,*,#707,.F.);
#926=ORIENTED_EDGE('',*,*,#731,.F.);
#927=ORIENTED_EDGE('',*,*,#732,.T.);
#928=ORIENTED_EDGE('',*,*,#731,.T.);
#929=ORIENTED_EDGE('',*,*,#706,.F.);
#930=ORIENTED_EDGE('',*,*,#733,.F.);
#931=ORIENTED_EDGE('',*,*,#734,.T.);
#932=ORIENTED_EDGE('',*,*,#733,.T.);
#933=ORIENTED_EDGE('',*,*,#705,.F.);
#934=ORIENTED_EDGE('',*,*,#728,.F.);
#935=ORIENTED_EDGE('',*,*,#735,.T.);
#936=ORIENTED_EDGE('',*,*,#736,.T.);
#937=ORIENTED_EDGE('',*,*,#704,.F.);
#938=ORIENTED_EDGE('',*,*,#737,.F.);
#939=ORIENTED_EDGE('',*,*,#738,.T.);
#940=ORIENTED_EDGE('',*,*,#737,.T.);
#941=ORIENTED_EDGE('',*,*,#703,.F.);
#942=ORIENTED_EDGE('',*,*,#739,.F.);
#943=ORIENTED_EDGE('',*,*,#740,.T.);
#944=ORIENTED_EDGE('',*,*,#739,.T.);
#945=ORIENTED_EDGE('',*,*,#702,.F.);
#946=ORIENTED_EDGE('',*,*,#741,.F.);
#947=ORIENTED_EDGE('',*,*,#742,.T.);
#948=ORIENTED_EDGE('',*,*,#741,.T.);
#949=ORIENTED_EDGE('',*,*,#701,.F.);
#950=ORIENTED_EDGE('',*,*,#736,.F.);
#951=ORIENTED_EDGE('',*,*,#743,.T.);
#952=ORIENTED_EDGE('',*,*,#744,.T.);
#953=ORIENTED_EDGE('',*,*,#700,.F.);
#954=ORIENTED_EDGE('',*,*,#744,.F.);
#955=ORIENTED_EDGE('',*,*,#745,.T.);
#956=ORIENTED_EDGE('',*,*,#746,.T.);
#957=ORIENTED_EDGE('',*,*,#699,.F.);
#958=ORIENTED_EDGE('',*,*,#747,.F.);
#959=ORIENTED_EDGE('',*,*,#748,.T.);
#960=ORIENTED_EDGE('',*,*,#747,.T.);
#961=ORIENTED_EDGE('',*,*,#698,.F.);
#962=ORIENTED_EDGE('',*,*,#749,.F.);
#963=ORIENTED_EDGE('',*,*,#750,.T.);
#964=ORIENTED_EDGE('',*,*,#749,.T.);
#965=ORIENTED_EDGE('',*,*,#697,.F.);
#966=ORIENTED_EDGE('',*,*,#751,.F.);
#967=ORIENTED_EDGE('',*,*,#752,.T.);
#968=ORIENTED_EDGE('',*,*,#751,.T.);
#969=ORIENTED_EDGE('',*,*,#696,.F.);
#970=ORIENTED_EDGE('',*,*,#746,.F.);
#971=ORIENTED_EDGE('',*,*,#753,.T.);
#972=ORIENTED_EDGE('',*,*,#754,.T.);
#973=ORIENTED_EDGE('',*,*,#695,.F.);
#974=ORIENTED_EDGE('',*,*,#754,.F.);
#975=ORIENTED_EDGE('',*,*,#755,.T.);
#976=ORIENTED_EDGE('',*,*,#756,.T.);
#977=ORIENTED_EDGE('',*,*,#694,.F.);
#978=ORIENTED_EDGE('',*,*,#756,.F.);
#979=ORIENTED_EDGE('',*,*,#757,.T.);
#980=ORIENTED_EDGE('',*,*,#758,.T.);
#981=ORIENTED_EDGE('',*,*,#693,.F.);
#982=ORIENTED_EDGE('',*,*,#758,.F.);
#983=ORIENTED_EDGE('',*,*,#759,.T.);
#984=ORIENTED_EDGE('',*,*,#760,.T.);
#985=ORIENTED_EDGE('',*,*,#692,.F.);
#986=ORIENTED_EDGE('',*,*,#760,.F.);
#987=ORIENTED_EDGE('',*,*,#761,.T.);
#988=ORIENTED_EDGE('',*,*,#762,.T.);
#989=ORIENTED_EDGE('',*,*,#691,.F.);
#990=ORIENTED_EDGE('',*,*,#762,.F.);
#991=ORIENTED_EDGE('',*,*,#763,.T.);
#992=ORIENTED_EDGE('',*,*,#764,.T.);
#993=ORIENTED_EDGE('',*,*,#690,.F.);
#994=ORIENTED_EDGE('',*,*,#765,.F.);
#995=ORIENTED_EDGE('',*,*,#766,.T.);
#996=ORIENTED_EDGE('',*,*,#765,.T.);
#997=ORIENTED_EDGE('',*,*,#689,.F.);
#998=ORIENTED_EDGE('',*,*,#767,.F.);
#999=ORIENTED_EDGE('',*,*,#768,.T.);
#1000=ORIENTED_EDGE('',*,*,#767,.T.);
#1001=ORIENTED_EDGE('',*,*,#688,.F.);
#1002=ORIENTED_EDGE('',*,*,#769,.F.);
#1003=ORIENTED_EDGE('',*,*,#770,.T.);
#1004=ORIENTED_EDGE('',*,*,#769,.T.);
#1005=ORIENTED_EDGE('',*,*,#687,.F.);
#1006=ORIENTED_EDGE('',*,*,#764,.F.);
#1007=ORIENTED_EDGE('',*,*,#771,.T.);
#1008=ORIENTED_EDGE('',*,*,#772,.T.);
#1009=ORIENTED_EDGE('',*,*,#686,.F.);
#1010=ORIENTED_EDGE('',*,*,#773,.F.);
#1011=ORIENTED_EDGE('',*,*,#774,.T.);
#1012=ORIENTED_EDGE('',*,*,#773,.T.);
#1013=ORIENTED_EDGE('',*,*,#685,.F.);
#1014=ORIENTED_EDGE('',*,*,#775,.F.);
#1015=ORIENTED_EDGE('',*,*,#776,.T.);
#1016=ORIENTED_EDGE('',*,*,#775,.T.);
#1017=ORIENTED_EDGE('',*,*,#684,.F.);
#1018=ORIENTED_EDGE('',*,*,#777,.F.);
#1019=ORIENTED_EDGE('',*,*,#778,.T.);
#1020=ORIENTED_EDGE('',*,*,#777,.T.);
#1021=ORIENTED_EDGE('',*,*,#683,.F.);
#1022=ORIENTED_EDGE('',*,*,#772,.F.);
#1023=ORIENTED_EDGE('',*,*,#779,.T.);
#1024=ORIENTED_EDGE('',*,*,#780,.T.);
#1025=ORIENTED_EDGE('',*,*,#682,.F.);
#1026=ORIENTED_EDGE('',*,*,#781,.F.);
#1027=ORIENTED_EDGE('',*,*,#782,.T.);
#1028=ORIENTED_EDGE('',*,*,#781,.T.);
#1029=ORIENTED_EDGE('',*,*,#681,.F.);
#1030=ORIENTED_EDGE('',*,*,#783,.F.);
#1031=ORIENTED_EDGE('',*,*,#784,.T.);
#1032=ORIENTED_EDGE('',*,*,#783,.T.);
#1033=ORIENTED_EDGE('',*,*,#680,.F.);
#1034=ORIENTED_EDGE('',*,*,#785,.F.);
#1035=ORIENTED_EDGE('',*,*,#786,.T.);
#1036=ORIENTED_EDGE('',*,*,#785,.T.);
#1037=ORIENTED_EDGE('',*,*,#679,.F.);
#1038=ORIENTED_EDGE('',*,*,#780,.F.);
#1039=ORIENTED_EDGE('',*,*,#787,.T.);
#1040=ORIENTED_EDGE('',*,*,#788,.T.);
#1041=ORIENTED_EDGE('',*,*,#678,.F.);
#1042=ORIENTED_EDGE('',*,*,#789,.F.);
#1043=ORIENTED_EDGE('',*,*,#790,.T.);
#1044=ORIENTED_EDGE('',*,*,#789,.T.);
#1045=ORIENTED_EDGE('',*,*,#677,.F.);
#1046=ORIENTED_EDGE('',*,*,#791,.F.);
#1047=ORIENTED_EDGE('',*,*,#792,.T.);
#1048=ORIENTED_EDGE('',*,*,#791,.T.);
#1049=ORIENTED_EDGE('',*,*,#676,.F.);
#1050=ORIENTED_EDGE('',*,*,#793,.F.);
#1051=ORIENTED_EDGE('',*,*,#794,.T.);
#1052=ORIENTED_EDGE('',*,*,#793,.T.);
#1053=ORIENTED_EDGE('',*,*,#675,.F.);
#1054=ORIENTED_EDGE('',*,*,#788,.F.);
#1055=ORIENTED_EDGE('',*,*,#795,.T.);
#1056=ORIENTED_EDGE('',*,*,#796,.T.);
#1057=ORIENTED_EDGE('',*,*,#661,.F.);
#1058=ORIENTED_EDGE('',*,*,#797,.F.);
#1059=ORIENTED_EDGE('',*,*,#798,.T.);
#1060=ORIENTED_EDGE('',*,*,#797,.T.);
#1061=ORIENTED_EDGE('',*,*,#660,.F.);
#1062=ORIENTED_EDGE('',*,*,#799,.F.);
#1063=ORIENTED_EDGE('',*,*,#800,.T.);
#1064=ORIENTED_EDGE('',*,*,#799,.T.);
#1065=ORIENTED_EDGE('',*,*,#659,.F.);
#1066=ORIENTED_EDGE('',*,*,#801,.F.);
#1067=ORIENTED_EDGE('',*,*,#802,.T.);
#1068=ORIENTED_EDGE('',*,*,#801,.T.);
#1069=ORIENTED_EDGE('',*,*,#658,.F.);
#1070=ORIENTED_EDGE('',*,*,#803,.F.);
#1071=ORIENTED_EDGE('',*,*,#804,.T.);
#1072=ORIENTED_EDGE('',*,*,#803,.T.);
#1073=ORIENTED_EDGE('',*,*,#657,.F.);
#1074=ORIENTED_EDGE('',*,*,#805,.F.);
#1075=ORIENTED_EDGE('',*,*,#806,.T.);
#1076=ORIENTED_EDGE('',*,*,#805,.T.);
#1077=ORIENTED_EDGE('',*,*,#656,.F.);
#1078=ORIENTED_EDGE('',*,*,#807,.F.);
#1079=ORIENTED_EDGE('',*,*,#808,.T.);
#1080=ORIENTED_EDGE('',*,*,#807,.T.);
#1081=ORIENTED_EDGE('',*,*,#655,.F.);
#1082=ORIENTED_EDGE('',*,*,#809,.F.);
#1083=ORIENTED_EDGE('',*,*,#810,.T.);
#1084=ORIENTED_EDGE('',*,*,#809,.T.);
#1085=ORIENTED_EDGE('',*,*,#674,.F.);
#1086=ORIENTED_EDGE('',*,*,#811,.F.);
#1087=ORIENTED_EDGE('',*,*,#812,.T.);
#1088=ORIENTED_EDGE('',*,*,#811,.T.);
#1089=ORIENTED_EDGE('',*,*,#673,.F.);
#1090=ORIENTED_EDGE('',*,*,#813,.F.);
#1091=ORIENTED_EDGE('',*,*,#814,.T.);
#1092=ORIENTED_EDGE('',*,*,#813,.T.);
#1093=ORIENTED_EDGE('',*,*,#672,.F.);
#1094=ORIENTED_EDGE('',*,*,#815,.F.);
#1095=ORIENTED_EDGE('',*,*,#816,.T.);
#1096=ORIENTED_EDGE('',*,*,#815,.T.);
#1097=ORIENTED_EDGE('',*,*,#671,.F.);
#1098=ORIENTED_EDGE('',*,*,#817,.F.);
#1099=ORIENTED_EDGE('',*,*,#818,.T.);
#1100=ORIENTED_EDGE('',*,*,#817,.T.);
#1101=ORIENTED_EDGE('',*,*,#670,.F.);
#1102=ORIENTED_EDGE('',*,*,#819,.F.);
#1103=ORIENTED_EDGE('',*,*,#820,.T.);
#1104=ORIENTED_EDGE('',*,*,#819,.T.);
#1105=ORIENTED_EDGE('',*,*,#669,.F.);
#1106=ORIENTED_EDGE('',*,*,#821,.F.);
#1107=ORIENTED_EDGE('',*,*,#822,.T.);
#1108=ORIENTED_EDGE('',*,*,#821,.T.);
#1109=ORIENTED_EDGE('',*,*,#668,.F.);
#1110=ORIENTED_EDGE('',*,*,#823,.F.);
#1111=ORIENTED_EDGE('',*,*,#824,.T.);
#1112=ORIENTED_EDGE('',*,*,#823,.T.);
#1113=ORIENTED_EDGE('',*,*,#667,.F.);
#1114=ORIENTED_EDGE('',*,*,#825,.F.);
#1115=ORIENTED_EDGE('',*,*,#826,.T.);
#1116=ORIENTED_EDGE('',*,*,#825,.T.);
#1117=ORIENTED_EDGE('',*,*,#666,.F.);
#1118=ORIENTED_EDGE('',*,*,#827,.F.);
#1119=ORIENTED_EDGE('',*,*,#828,.T.);
#1120=ORIENTED_EDGE('',*,*,#827,.T.);
#1121=ORIENTED_EDGE('',*,*,#665,.F.);
#1122=ORIENTED_EDGE('',*,*,#829,.F.);
#1123=ORIENTED_EDGE('',*,*,#830,.T.);
#1124=ORIENTED_EDGE('',*,*,#829,.T.);
#1125=ORIENTED_EDGE('',*,*,#664,.F.);
#1126=ORIENTED_EDGE('',*,*,#831,.F.);
#1127=ORIENTED_EDGE('',*,*,#832,.T.);
#1128=ORIENTED_EDGE('',*,*,#831,.T.);
#1129=ORIENTED_EDGE('',*,*,#663,.F.);
#1130=ORIENTED_EDGE('',*,*,#833,.F.);
#1131=ORIENTED_EDGE('',*,*,#834,.T.);
#1132=ORIENTED_EDGE('',*,*,#833,.T.);
#1133=ORIENTED_EDGE('',*,*,#662,.F.);
#1134=ORIENTED_EDGE('',*,*,#796,.F.);
#1135=ORIENTED_EDGE('',*,*,#834,.F.);
#1136=ORIENTED_EDGE('',*,*,#795,.F.);
#1137=ORIENTED_EDGE('',*,*,#798,.F.);
#1138=ORIENTED_EDGE('',*,*,#800,.F.);
#1139=ORIENTED_EDGE('',*,*,#802,.F.);
#1140=ORIENTED_EDGE('',*,*,#804,.F.);
#1141=ORIENTED_EDGE('',*,*,#806,.F.);
#1142=ORIENTED_EDGE('',*,*,#808,.F.);
#1143=ORIENTED_EDGE('',*,*,#810,.F.);
#1144=ORIENTED_EDGE('',*,*,#812,.F.);
#1145=ORIENTED_EDGE('',*,*,#814,.F.);
#1146=ORIENTED_EDGE('',*,*,#816,.F.);
#1147=ORIENTED_EDGE('',*,*,#818,.F.);
#1148=ORIENTED_EDGE('',*,*,#820,.F.);
#1149=ORIENTED_EDGE('',*,*,#822,.F.);
#1150=ORIENTED_EDGE('',*,*,#824,.F.);
#1151=ORIENTED_EDGE('',*,*,#826,.F.);
#1152=ORIENTED_EDGE('',*,*,#828,.F.);
#1153=ORIENTED_EDGE('',*,*,#830,.F.);
#1154=ORIENTED_EDGE('',*,*,#832,.F.);
#1155=ORIENTED_EDGE('',*,*,#794,.F.);
#1156=ORIENTED_EDGE('',*,*,#787,.F.);
#1157=ORIENTED_EDGE('',*,*,#790,.F.);
#1158=ORIENTED_EDGE('',*,*,#792,.F.);
#1159=ORIENTED_EDGE('',*,*,#786,.F.);
#1160=ORIENTED_EDGE('',*,*,#779,.F.);
#1161=ORIENTED_EDGE('',*,*,#782,.F.);
#1162=ORIENTED_EDGE('',*,*,#784,.F.);
#1163=ORIENTED_EDGE('',*,*,#778,.F.);
#1164=ORIENTED_EDGE('',*,*,#771,.F.);
#1165=ORIENTED_EDGE('',*,*,#774,.F.);
#1166=ORIENTED_EDGE('',*,*,#776,.F.);
#1167=ORIENTED_EDGE('',*,*,#770,.F.);
#1168=ORIENTED_EDGE('',*,*,#763,.F.);
#1169=ORIENTED_EDGE('',*,*,#766,.F.);
#1170=ORIENTED_EDGE('',*,*,#768,.F.);
#1171=ORIENTED_EDGE('',*,*,#761,.F.);
#1172=ORIENTED_EDGE('',*,*,#759,.F.);
#1173=ORIENTED_EDGE('',*,*,#757,.F.);
#1174=ORIENTED_EDGE('',*,*,#755,.F.);
#1175=ORIENTED_EDGE('',*,*,#753,.F.);
#1176=ORIENTED_EDGE('',*,*,#752,.F.);
#1177=ORIENTED_EDGE('',*,*,#745,.F.);
#1178=ORIENTED_EDGE('',*,*,#748,.F.);
#1179=ORIENTED_EDGE('',*,*,#750,.F.);
#1180=ORIENTED_EDGE('',*,*,#743,.F.);
#1181=ORIENTED_EDGE('',*,*,#742,.F.);
#1182=ORIENTED_EDGE('',*,*,#735,.F.);
#1183=ORIENTED_EDGE('',*,*,#738,.F.);
#1184=ORIENTED_EDGE('',*,*,#740,.F.);
#1185=ORIENTED_EDGE('',*,*,#734,.F.);
#1186=ORIENTED_EDGE('',*,*,#727,.F.);
#1187=ORIENTED_EDGE('',*,*,#730,.F.);
#1188=ORIENTED_EDGE('',*,*,#732,.F.);
#1189=ORIENTED_EDGE('',*,*,#726,.F.);
#1190=ORIENTED_EDGE('',*,*,#719,.F.);
#1191=ORIENTED_EDGE('',*,*,#722,.F.);
#1192=ORIENTED_EDGE('',*,*,#724,.F.);
#1193=ORIENTED_EDGE('',*,*,#717,.F.);
#1194=ORIENTED_EDGE('',*,*,#715,.F.);
#1195=PLANE('',#1305);
#1196=PLANE('',#1338);
#1197=PLANE('',#1341);
#1198=PLANE('',#1346);
#1199=PLANE('',#1349);
#1200=PLANE('',#1350);
#1201=PLANE('',#1353);
#1202=PLANE('',#1358);
#1203=PLANE('',#1361);
#1204=PLANE('',#1376);
#1205=PLANE('',#1379);
#1206=PLANE('',#1380);
#1207=PLANE('',#1383);
#1208=PLANE('',#1386);
#1209=PLANE('',#1389);
#1210=PLANE('',#1392);
#1211=PLANE('',#1395);
#1212=PLANE('',#1398);
#1213=PLANE('',#1399);
#1214=PLANE('',#1400);
#1215=PLANE('',#1401);
#1216=PLANE('',#1402);
#1217=PLANE('',#1403);
#1218=PLANE('',#1404);
#1219=PLANE('',#1407);
#1220=PLANE('',#1410);
#1221=PLANE('',#1411);
#1222=PLANE('',#1412);
#1223=PLANE('',#1413);
#1224=PLANE('',#1414);
#1225=PLANE('',#1415);
#1226=PLANE('',#1416);
#1227=PLANE('',#1419);
#1228=PLANE('',#1422);
#1229=ADVANCED_FACE('',(#75,#43,#44,#45,#46,#47,#48,#49,#50,#51,#52,#53,
#54,#55,#56,#57,#58),#1195,.T.);
#1230=ADVANCED_FACE('',(#76),#15,.F.);
#1231=ADVANCED_FACE('',(#77),#16,.F.);
#1232=ADVANCED_FACE('',(#78),#1196,.T.);
#1233=ADVANCED_FACE('',(#79),#17,.F.);
#1234=ADVANCED_FACE('',(#80),#1197,.T.);
#1235=ADVANCED_FACE('',(#81),#18,.F.);
#1236=ADVANCED_FACE('',(#82),#19,.F.);
#1237=ADVANCED_FACE('',(#83),#1198,.T.);
#1238=ADVANCED_FACE('',(#84),#20,.F.);
#1239=ADVANCED_FACE('',(#85),#1199,.T.);
#1240=ADVANCED_FACE('',(#86),#1200,.T.);
#1241=ADVANCED_FACE('',(#87),#21,.F.);
#1242=ADVANCED_FACE('',(#88),#1201,.T.);
#1243=ADVANCED_FACE('',(#89),#22,.F.);
#1244=ADVANCED_FACE('',(#90),#23,.F.);
#1245=ADVANCED_FACE('',(#91),#1202,.T.);
#1246=ADVANCED_FACE('',(#92),#24,.F.);
#1247=ADVANCED_FACE('',(#93),#1203,.T.);
#1248=ADVANCED_FACE('',(#94),#25,.F.);
#1249=ADVANCED_FACE('',(#95),#26,.F.);
#1250=ADVANCED_FACE('',(#96),#27,.F.);
#1251=ADVANCED_FACE('',(#97),#28,.F.);
#1252=ADVANCED_FACE('',(#98),#29,.F.);
#1253=ADVANCED_FACE('',(#99),#30,.F.);
#1254=ADVANCED_FACE('',(#100),#31,.F.);
#1255=ADVANCED_FACE('',(#101),#1204,.T.);
#1256=ADVANCED_FACE('',(#102),#32,.F.);
#1257=ADVANCED_FACE('',(#103),#1205,.T.);
#1258=ADVANCED_FACE('',(#104),#1206,.T.);
#1259=ADVANCED_FACE('',(#105),#33,.F.);
#1260=ADVANCED_FACE('',(#106),#1207,.T.);
#1261=ADVANCED_FACE('',(#107),#34,.F.);
#1262=ADVANCED_FACE('',(#108),#1208,.T.);
#1263=ADVANCED_FACE('',(#109),#35,.F.);
#1264=ADVANCED_FACE('',(#110),#1209,.T.);
#1265=ADVANCED_FACE('',(#111),#36,.F.);
#1266=ADVANCED_FACE('',(#112),#1210,.T.);
#1267=ADVANCED_FACE('',(#113),#37,.F.);
#1268=ADVANCED_FACE('',(#114),#1211,.T.);
#1269=ADVANCED_FACE('',(#115),#38,.F.);
#1270=ADVANCED_FACE('',(#116),#1212,.T.);
#1271=ADVANCED_FACE('',(#117),#1213,.T.);
#1272=ADVANCED_FACE('',(#118),#1214,.T.);
#1273=ADVANCED_FACE('',(#119),#1215,.T.);
#1274=ADVANCED_FACE('',(#120),#1216,.T.);
#1275=ADVANCED_FACE('',(#121),#1217,.T.);
#1276=ADVANCED_FACE('',(#122),#1218,.T.);
#1277=ADVANCED_FACE('',(#123),#39,.T.);
#1278=ADVANCED_FACE('',(#124),#1219,.T.);
#1279=ADVANCED_FACE('',(#125),#40,.T.);
#1280=ADVANCED_FACE('',(#126),#1220,.T.);
#1281=ADVANCED_FACE('',(#127),#1221,.T.);
#1282=ADVANCED_FACE('',(#128),#1222,.T.);
#1283=ADVANCED_FACE('',(#129),#1223,.T.);
#1284=ADVANCED_FACE('',(#130),#1224,.T.);
#1285=ADVANCED_FACE('',(#131),#1225,.T.);
#1286=ADVANCED_FACE('',(#132),#1226,.T.);
#1287=ADVANCED_FACE('',(#133),#41,.T.);
#1288=ADVANCED_FACE('',(#134),#1227,.T.);
#1289=ADVANCED_FACE('',(#135),#42,.T.);
#1290=ADVANCED_FACE('',(#136,#59,#60,#61,#62,#63,#64,#65,#66,#67,#68,#69,
#70,#71,#72,#73,#74),#1228,.F.);
#1291=CLOSED_SHELL('',(#1229,#1230,#1231,#1232,#1233,#1234,#1235,#1236,
#1237,#1238,#1239,#1240,#1241,#1242,#1243,#1244,#1245,#1246,#1247,#1248,
#1249,#1250,#1251,#1252,#1253,#1254,#1255,#1256,#1257,#1258,#1259,#1260,
#1261,#1262,#1263,#1264,#1265,#1266,#1267,#1268,#1269,#1270,#1271,#1272,
#1273,#1274,#1275,#1276,#1277,#1278,#1279,#1280,#1281,#1282,#1283,#1284,
#1285,#1286,#1287,#1288,#1289,#1290));
#1292=DERIVED_UNIT_ELEMENT(#1294,1.);
#1293=DERIVED_UNIT_ELEMENT(#2153,-3.);
#1294=(
MASS_UNIT()
NAMED_UNIT(*)
SI_UNIT(.KILO.,.GRAM.)
);
#1295=DERIVED_UNIT((#1292,#1293));
#1296=MEASURE_REPRESENTATION_ITEM('density measure',
POSITIVE_RATIO_MEASURE(7850.),#1295);
#1297=PROPERTY_DEFINITION_REPRESENTATION(#1302,#1299);
#1298=PROPERTY_DEFINITION_REPRESENTATION(#1303,#1300);
#1299=REPRESENTATION('material name',(#1301),#2150);
#1300=REPRESENTATION('density',(#1296),#2150);
#1301=DESCRIPTIVE_REPRESENTATION_ITEM('Steel','Steel');
#1302=PROPERTY_DEFINITION('material property','material name',#2160);
#1303=PROPERTY_DEFINITION('material property','density of part',#2160);
#1304=AXIS2_PLACEMENT_3D('',#1785,#1423,#1424);
#1305=AXIS2_PLACEMENT_3D('',#1786,#1425,#1426);
#1306=AXIS2_PLACEMENT_3D('',#1803,#1434,#1435);
#1307=AXIS2_PLACEMENT_3D('',#1807,#1437,#1438);
#1308=AXIS2_PLACEMENT_3D('',#1823,#1446,#1447);
#1309=AXIS2_PLACEMENT_3D('',#1826,#1449,#1450);
#1310=AXIS2_PLACEMENT_3D('',#1829,#1451,#1452);
#1311=AXIS2_PLACEMENT_3D('',#1833,#1454,#1455);
#1312=AXIS2_PLACEMENT_3D('',#1837,#1457,#1458);
#1313=AXIS2_PLACEMENT_3D('',#1841,#1460,#1461);
#1314=AXIS2_PLACEMENT_3D('',#1845,#1463,#1464);
#1315=AXIS2_PLACEMENT_3D('',#1849,#1466,#1467);
#1316=AXIS2_PLACEMENT_3D('',#1855,#1470,#1471);
#1317=AXIS2_PLACEMENT_3D('',#1858,#1473,#1474);
#1318=AXIS2_PLACEMENT_3D('',#1860,#1475,#1476);
#1319=AXIS2_PLACEMENT_3D('',#1862,#1477,#1478);
#1320=AXIS2_PLACEMENT_3D('',#1864,#1479,#1480);
#1321=AXIS2_PLACEMENT_3D('',#1866,#1481,#1482);
#1322=AXIS2_PLACEMENT_3D('',#1868,#1483,#1484);
#1323=AXIS2_PLACEMENT_3D('',#1871,#1485,#1486);
#1324=AXIS2_PLACEMENT_3D('',#1875,#1488,#1489);
#1325=AXIS2_PLACEMENT_3D('',#1878,#1491,#1492);
#1326=AXIS2_PLACEMENT_3D('',#1881,#1493,#1494);
#1327=AXIS2_PLACEMENT_3D('',#1885,#1496,#1497);
#1328=AXIS2_PLACEMENT_3D('',#1891,#1500,#1501);
#1329=AXIS2_PLACEMENT_3D('',#1894,#1503,#1504);
#1330=AXIS2_PLACEMENT_3D('',#1897,#1505,#1506);
#1331=AXIS2_PLACEMENT_3D('',#1901,#1508,#1509);
#1332=AXIS2_PLACEMENT_3D('',#1904,#1511,#1512);
#1333=AXIS2_PLACEMENT_3D('',#1906,#1513,#1514);
#1334=AXIS2_PLACEMENT_3D('',#1907,#1515,#1516);
#1335=AXIS2_PLACEMENT_3D('',#1909,#1517,#1518);
#1336=AXIS2_PLACEMENT_3D('',#1911,#1520,#1521);
#1337=AXIS2_PLACEMENT_3D('',#1913,#1522,#1523);
#1338=AXIS2_PLACEMENT_3D('',#1915,#1525,#1526);
#1339=AXIS2_PLACEMENT_3D('',#1921,#1530,#1531);
#1340=AXIS2_PLACEMENT_3D('',#1923,#1532,#1533);
#1341=AXIS2_PLACEMENT_3D('',#1925,#1535,#1536);
#1342=AXIS2_PLACEMENT_3D('',#1929,#1539,#1540);
#1343=AXIS2_PLACEMENT_3D('',#1930,#1541,#1542);
#1344=AXIS2_PLACEMENT_3D('',#1931,#1543,#1544);
#1345=AXIS2_PLACEMENT_3D('',#1934,#1545,#1546);
#1346=AXIS2_PLACEMENT_3D('',#1937,#1549,#1550);
#1347=AXIS2_PLACEMENT_3D('',#1941,#1553,#1554);
#1348=AXIS2_PLACEMENT_3D('',#1943,#1555,#1556);
#1349=AXIS2_PLACEMENT_3D('',#1945,#1558,#1559);
#1350=AXIS2_PLACEMENT_3D('',#1947,#1561,#1562);
#1351=AXIS2_PLACEMENT_3D('',#1953,#1566,#1567);
#1352=AXIS2_PLACEMENT_3D('',#1955,#1568,#1569);
#1353=AXIS2_PLACEMENT_3D('',#1957,#1571,#1572);
#1354=AXIS2_PLACEMENT_3D('',#1961,#1575,#1576);
#1355=AXIS2_PLACEMENT_3D('',#1962,#1577,#1578);
#1356=AXIS2_PLACEMENT_3D('',#1963,#1579,#1580);
#1357=AXIS2_PLACEMENT_3D('',#1965,#1581,#1582);
#1358=AXIS2_PLACEMENT_3D('',#1967,#1584,#1585);
#1359=AXIS2_PLACEMENT_3D('',#1973,#1589,#1590);
#1360=AXIS2_PLACEMENT_3D('',#1975,#1591,#1592);
#1361=AXIS2_PLACEMENT_3D('',#1977,#1594,#1595);
#1362=AXIS2_PLACEMENT_3D('',#1981,#1598,#1599);
#1363=AXIS2_PLACEMENT_3D('',#1982,#1600,#1601);
#1364=AXIS2_PLACEMENT_3D('',#1983,#1602,#1603);
#1365=AXIS2_PLACEMENT_3D('',#1985,#1604,#1605);
#1366=AXIS2_PLACEMENT_3D('',#1987,#1607,#1608);
#1367=AXIS2_PLACEMENT_3D('',#1989,#1609,#1610);
#1368=AXIS2_PLACEMENT_3D('',#1991,#1612,#1613);
#1369=AXIS2_PLACEMENT_3D('',#1993,#1614,#1615);
#1370=AXIS2_PLACEMENT_3D('',#1995,#1617,#1618);
#1371=AXIS2_PLACEMENT_3D('',#1997,#1619,#1620);
#1372=AXIS2_PLACEMENT_3D('',#1999,#1622,#1623);
#1373=AXIS2_PLACEMENT_3D('',#2001,#1624,#1625);
#1374=AXIS2_PLACEMENT_3D('',#2003,#1627,#1628);
#1375=AXIS2_PLACEMENT_3D('',#2006,#1629,#1630);
#1376=AXIS2_PLACEMENT_3D('',#2009,#1633,#1634);
#1377=AXIS2_PLACEMENT_3D('',#2013,#1637,#1638);
#1378=AXIS2_PLACEMENT_3D('',#2015,#1639,#1640);
#1379=AXIS2_PLACEMENT_3D('',#2017,#1642,#1643);
#1380=AXIS2_PLACEMENT_3D('',#2019,#1645,#1646);
#1381=AXIS2_PLACEMENT_3D('',#2025,#1650,#1651);
#1382=AXIS2_PLACEMENT_3D('',#2027,#1652,#1653);
#1383=AXIS2_PLACEMENT_3D('',#2029,#1655,#1656);
#1384=AXIS2_PLACEMENT_3D('',#2033,#1659,#1660);
#1385=AXIS2_PLACEMENT_3D('',#2034,#1661,#1662);
#1386=AXIS2_PLACEMENT_3D('',#2035,#1663,#1664);
#1387=AXIS2_PLACEMENT_3D('',#2041,#1668,#1669);
#1388=AXIS2_PLACEMENT_3D('',#2043,#1670,#1671);
#1389=AXIS2_PLACEMENT_3D('',#2045,#1673,#1674);
#1390=AXIS2_PLACEMENT_3D('',#2049,#1677,#1678);
#1391=AXIS2_PLACEMENT_3D('',#2050,#1679,#1680);
#1392=AXIS2_PLACEMENT_3D('',#2051,#1681,#1682);
#1393=AXIS2_PLACEMENT_3D('',#2057,#1686,#1687);
#1394=AXIS2_PLACEMENT_3D('',#2059,#1688,#1689);
#1395=AXIS2_PLACEMENT_3D('',#2061,#1691,#1692);
#1396=AXIS2_PLACEMENT_3D('',#2065,#1695,#1696);
#1397=AXIS2_PLACEMENT_3D('',#2066,#1697,#1698);
#1398=AXIS2_PLACEMENT_3D('',#2067,#1699,#1700);
#1399=AXIS2_PLACEMENT_3D('',#2073,#1704,#1705);
#1400=AXIS2_PLACEMENT_3D('',#2077,#1708,#1709);
#1401=AXIS2_PLACEMENT_3D('',#2081,#1712,#1713);
#1402=AXIS2_PLACEMENT_3D('',#2085,#1716,#1717);
#1403=AXIS2_PLACEMENT_3D('',#2089,#1720,#1721);
#1404=AXIS2_PLACEMENT_3D('',#2093,#1724,#1725);
#1405=AXIS2_PLACEMENT_3D('',#2097,#1728,#1729);
#1406=AXIS2_PLACEMENT_3D('',#2099,#1730,#1731);
#1407=AXIS2_PLACEMENT_3D('',#2101,#1733,#1734);
#1408=AXIS2_PLACEMENT_3D('',#2105,#1737,#1738);
#1409=AXIS2_PLACEMENT_3D('',#2107,#1739,#1740);
#1410=AXIS2_PLACEMENT_3D('',#2109,#1742,#1743);
#1411=AXIS2_PLACEMENT_3D('',#2113,#1746,#1747);
#1412=AXIS2_PLACEMENT_3D('',#2117,#1750,#1751);
#1413=AXIS2_PLACEMENT_3D('',#2121,#1754,#1755);
#1414=AXIS2_PLACEMENT_3D('',#2125,#1758,#1759);
#1415=AXIS2_PLACEMENT_3D('',#2129,#1762,#1763);
#1416=AXIS2_PLACEMENT_3D('',#2133,#1766,#1767);
#1417=AXIS2_PLACEMENT_3D('',#2137,#1770,#1771);
#1418=AXIS2_PLACEMENT_3D('',#2139,#1772,#1773);
#1419=AXIS2_PLACEMENT_3D('',#2141,#1775,#1776);
#1420=AXIS2_PLACEMENT_3D('',#2145,#1779,#1780);
#1421=AXIS2_PLACEMENT_3D('',#2146,#1781,#1782);
#1422=AXIS2_PLACEMENT_3D('',#2147,#1783,#1784);
#1423=DIRECTION('axis',(0.,0.,1.));
#1424=DIRECTION('refdir',(1.,0.,0.));
#1425=DIRECTION('center_axis',(0.,-1.,0.));
#1426=DIRECTION('ref_axis',(1.,0.,0.));
#1427=DIRECTION('',(1.27431735734879E-14,1.79023462217921E-15,-1.));
#1428=DIRECTION('',(-1.,5.96744875735987E-16,-2.53765262771453E-16));
#1429=DIRECTION('',(-3.18579339337694E-15,-1.79023462217922E-15,1.));
#1430=DIRECTION('',(-1.,5.96744875737094E-16,-6.17966455313055E-13));
#1431=DIRECTION('',(1.59289669669261E-15,1.79023462217921E-15,-1.));
#1432=DIRECTION('',(-1.,5.96744875735987E-16,-5.07530525542921E-16));
#1433=DIRECTION('',(-3.82295207206822E-15,-1.79023462217921E-15,1.));
#1434=DIRECTION('center_axis',(-5.96744875735986E-16,-1.,-1.79023462217922E-15));
#1435=DIRECTION('ref_axis',(-0.682749882638872,-9.0061132281353E-16,0.730652172895288));
#1436=DIRECTION('',(2.4678480333055E-15,1.79023462217921E-15,-1.));
#1437=DIRECTION('center_axis',(-5.96744875735986E-16,-1.,-1.79023462217922E-15));
#1438=DIRECTION('ref_axis',(-1.,5.9674487574232E-16,-3.53830545110316E-12));
#1439=DIRECTION('',(1.28846639239461E-29,-1.79023462217922E-15,1.));
#1440=DIRECTION('',(1.,-5.96744875735986E-16,-3.80647894157215E-16));
#1441=DIRECTION('',(2.86721405404671E-15,1.79023462217921E-15,-1.));
#1442=DIRECTION('',(1.,-5.9674487573488E-16,-6.18117695267855E-13));
#1443=DIRECTION('',(-1.91147603602616E-15,-1.79023462217922E-15,1.));
#1444=DIRECTION('',(1.,-5.96744875735987E-16,-1.26882631385748E-16));
#1445=DIRECTION('',(2.54863471469759E-15,1.79023462217921E-15,-1.));
#1446=DIRECTION('center_axis',(-5.96744875735988E-16,-1.,-1.79023462217922E-15));
#1447=DIRECTION('ref_axis',(0.68274988263889,9.00611322813487E-16,-0.730652172895271));
#1448=DIRECTION('',(-2.32268050193456E-15,-1.79023462217921E-15,1.));
#1449=DIRECTION('center_axis',(-5.96744875735986E-16,-1.,-1.79023462217922E-15));
#1450=DIRECTION('ref_axis',(1.,-5.96744875735961E-16,-1.4013481733047E-14));
#1451=DIRECTION('center_axis',(5.96744875735987E-16,1.,1.79023462217922E-15));
#1452=DIRECTION('ref_axis',(1.,-5.96744875735987E-16,-1.39529772610967E-29));
#1453=DIRECTION('',(-7.55896338992085E-15,1.79023462217922E-15,-1.));
#1454=DIRECTION('center_axis',(5.96744875735987E-16,1.,1.79023462217922E-15));
#1455=DIRECTION('ref_axis',(-1.,5.96744875735987E-16,1.39529772610967E-29));
#1456=DIRECTION('',(1.28846639239461E-29,-1.79023462217922E-15,1.));
#1457=DIRECTION('center_axis',(5.1766353024881E-16,1.,1.79023462217922E-15));
#1458=DIRECTION('ref_axis',(-1.,5.1766353024881E-16,1.3811403098437E-29));
#1459=DIRECTION('',(7.55896527404348E-15,-1.89567641616212E-15,1.));
#1460=DIRECTION('center_axis',(5.1766353024881E-16,1.,1.79023462217922E-15));
#1461=DIRECTION('ref_axis',(1.,-5.17663530248802E-16,-4.44089209850066E-15));
#1462=DIRECTION('',(-7.55896527404354E-15,1.89567641616212E-15,-1.));
#1463=DIRECTION('center_axis',(5.96744875735987E-16,1.,1.79023462217922E-15));
#1464=DIRECTION('ref_axis',(-1.,5.96744875735995E-16,-4.44089209850055E-15));
#1465=DIRECTION('',(1.28846639239461E-29,-1.79023462217922E-15,1.));
#1466=DIRECTION('center_axis',(5.96744875735987E-16,1.,1.79023462217922E-15));
#1467=DIRECTION('ref_axis',(1.,-5.96744875736003E-16,8.88178419700123E-15));
#1468=DIRECTION('',(1.13384450848812E-14,1.79023462217921E-15,-1.));
#1469=DIRECTION('',(-1.51179267798417E-14,1.79023462217923E-15,-1.));
#1470=DIRECTION('center_axis',(5.96744875735987E-16,1.,1.79023462217922E-15));
#1471=DIRECTION('ref_axis',(-1.,5.96744875735979E-16,4.44089209850058E-15));
#1472=DIRECTION('',(1.28846639239461E-29,-1.79023462217922E-15,1.));
#1473=DIRECTION('center_axis',(5.96744875735987E-16,1.,1.79023462217922E-15));
#1474=DIRECTION('ref_axis',(1.,-5.96744875735971E-16,-8.88178419700114E-15));
#1475=DIRECTION('center_axis',(5.96744875735987E-16,1.,1.79023462217922E-15));
#1476=DIRECTION('ref_axis',(1.,-5.96744875735987E-16,-1.39529772610967E-29));
#1477=DIRECTION('center_axis',(5.96744875735987E-16,1.,1.79023462217922E-15));
#1478=DIRECTION('ref_axis',(1.,-5.96744875735987E-16,-1.39529772610967E-29));
#1479=DIRECTION('center_axis',(5.96744875735987E-16,1.,1.79023462217922E-15));
#1480=DIRECTION('ref_axis',(1.,-5.96744875735987E-16,-1.39529772610967E-29));
#1481=DIRECTION('center_axis',(5.96744875735987E-16,1.,1.79023462217922E-15));
#1482=DIRECTION('ref_axis',(1.,-5.96744875735987E-16,-1.39529772610967E-29));
#1483=DIRECTION('center_axis',(5.96744875735987E-16,1.,1.79023462217922E-15));
#1484=DIRECTION('ref_axis',(1.,-5.96744875735987E-16,-1.39529772610967E-29));
#1485=DIRECTION('center_axis',(5.96744875735987E-16,1.,1.79023462217922E-15));
#1486=DIRECTION('ref_axis',(-1.,5.96744875735987E-16,1.39529772610966E-29));
#1487=DIRECTION('',(3.77948169496042E-15,-1.79023462217922E-15,1.));
#1488=DIRECTION('center_axis',(5.96744875735987E-16,1.,1.79023462217922E-15));
#1489=DIRECTION('ref_axis',(1.,-5.96744875735983E-16,-2.22044604925032E-15));
#1490=DIRECTION('',(-1.28846639239461E-29,1.79023462217922E-15,-1.));
#1491=DIRECTION('center_axis',(5.96744875735987E-16,1.,1.79023462217922E-15));
#1492=DIRECTION('ref_axis',(1.,-5.96744875735987E-16,-1.39529772610967E-29));
#1493=DIRECTION('center_axis',(6.75826221223163E-16,1.,1.79023462217922E-15));
#1494=DIRECTION('ref_axis',(-1.,6.75826221223171E-16,-4.44089209850063E-15));
#1495=DIRECTION('',(-7.5589652740435E-15,-1.89567641616211E-15,1.));
#1496=DIRECTION('center_axis',(6.75826221223163E-16,1.,1.79023462217922E-15));
#1497=DIRECTION('ref_axis',(1.,-6.75826221223175E-16,6.66133814775095E-15));
#1498=DIRECTION('',(7.55896527404347E-15,1.89567641616211E-15,-1.));
#1499=DIRECTION('',(1.5117930548087E-14,1.68479282819631E-15,-1.));
#1500=DIRECTION('center_axis',(5.1766353024881E-16,1.,1.79023462217922E-15));
#1501=DIRECTION('ref_axis',(-1.,5.17663530248818E-16,-4.44089209850063E-15));
#1502=DIRECTION('',(-1.51179305480869E-14,-1.68479282819631E-15,1.));
#1503=DIRECTION('center_axis',(5.17663530248809E-16,1.,1.79023462217922E-15));
#1504=DIRECTION('ref_axis',(1.,-5.17663530248809E-16,-1.3811403098437E-29));
#1505=DIRECTION('center_axis',(6.75826221223163E-16,1.,1.79023462217922E-15));
#1506=DIRECTION('ref_axis',(1.,-6.75826221223155E-16,-4.44089209850066E-15));
#1507=DIRECTION('',(-7.55896527404348E-15,1.68479282819632E-15,-1.));
#1508=DIRECTION('center_axis',(6.75826221223163E-16,1.,1.79023462217922E-15));
#1509=DIRECTION('ref_axis',(-1.,6.75826221223147E-16,8.8817841970013E-15));
#1510=DIRECTION('',(7.55896527404354E-15,-1.68479282819632E-15,1.));
#1511=DIRECTION('center_axis',(5.96744875735987E-16,1.,1.79023462217922E-15));
#1512=DIRECTION('ref_axis',(1.,-5.96744875735987E-16,-1.39529772610967E-29));
#1513=DIRECTION('center_axis',(5.96744875735987E-16,1.,1.79023462217922E-15));
#1514=DIRECTION('ref_axis',(1.,-5.96744875735987E-16,-1.39529772610967E-29));
#1515=DIRECTION('center_axis',(0.,-1.,0.));
#1516=DIRECTION('ref_axis',(1.,0.,-1.39529772610967E-29));
#1517=DIRECTION('center_axis',(5.96744875735987E-16,1.,1.79023462217922E-15));
#1518=DIRECTION('ref_axis',(1.,-5.96744875735987E-16,-1.39529772610967E-29));
#1519=DIRECTION('',(0.,-1.,0.));
#1520=DIRECTION('center_axis',(0.,-1.,0.));
#1521=DIRECTION('ref_axis',(1.,0.,-1.39529772610967E-29));
#1522=DIRECTION('center_axis',(5.96744875735987E-16,1.,1.79023462217922E-15));
#1523=DIRECTION('ref_axis',(1.,-5.96744875735987E-16,-1.39529772610967E-29));
#1524=DIRECTION('',(0.,-1.,0.));
#1525=DIRECTION('center_axis',(1.,0.,-7.55896527404354E-15));
#1526=DIRECTION('ref_axis',(7.55896527404354E-15,-1.68479282819632E-15,
1.));
#1527=DIRECTION('',(7.55896527404354E-15,-1.68479282819632E-15,1.));
#1528=DIRECTION('',(0.,-1.,0.));
#1529=DIRECTION('',(0.,-1.,0.));
#1530=DIRECTION('center_axis',(0.,-1.,0.));
#1531=DIRECTION('ref_axis',(-1.,0.,8.8817841970013E-15));
#1532=DIRECTION('center_axis',(6.75826221223163E-16,1.,1.79023462217922E-15));
#1533=DIRECTION('ref_axis',(-1.,6.75826221223147E-16,8.8817841970013E-15));
#1534=DIRECTION('',(0.,-1.,0.));
#1535=DIRECTION('center_axis',(-1.,0.,7.55896527404348E-15));
#1536=DIRECTION('ref_axis',(-7.55896527404348E-15,1.68479282819632E-15,
-1.));
#1537=DIRECTION('',(-7.55896527404348E-15,1.68479282819632E-15,-1.));
#1538=DIRECTION('',(0.,-1.,0.));
#1539=DIRECTION('center_axis',(0.,-1.,0.));
#1540=DIRECTION('ref_axis',(1.,0.,-4.44089209850066E-15));
#1541=DIRECTION('center_axis',(6.75826221223163E-16,1.,1.79023462217922E-15));
#1542=DIRECTION('ref_axis',(1.,-6.75826221223155E-16,-4.44089209850066E-15));
#1543=DIRECTION('center_axis',(0.,-1.,0.));
#1544=DIRECTION('ref_axis',(1.,0.,-1.3811403098437E-29));
#1545=DIRECTION('center_axis',(5.17663530248809E-16,1.,1.79023462217922E-15));
#1546=DIRECTION('ref_axis',(1.,-5.17663530248809E-16,-1.3811403098437E-29));
#1547=DIRECTION('',(0.,-1.,0.));
#1548=DIRECTION('',(0.,-1.,0.));
#1549=DIRECTION('center_axis',(1.,0.,1.51179305480869E-14));
#1550=DIRECTION('ref_axis',(-1.51179305480869E-14,-1.68479282819631E-15,
1.));
#1551=DIRECTION('',(-1.51179305480869E-14,-1.68479282819631E-15,1.));
#1552=DIRECTION('',(0.,-1.,0.));
#1553=DIRECTION('center_axis',(0.,-1.,0.));
#1554=DIRECTION('ref_axis',(-1.,0.,-4.44089209850063E-15));
#1555=DIRECTION('center_axis',(5.1766353024881E-16,1.,1.79023462217922E-15));
#1556=DIRECTION('ref_axis',(-1.,5.17663530248818E-16,-4.44089209850063E-15));
#1557=DIRECTION('',(0.,-1.,0.));
#1558=DIRECTION('center_axis',(-1.,0.,-1.5117930548087E-14));
#1559=DIRECTION('ref_axis',(1.5117930548087E-14,1.68479282819631E-15,-1.));
#1560=DIRECTION('',(1.5117930548087E-14,1.68479282819631E-15,-1.));
#1561=DIRECTION('center_axis',(-1.,0.,-7.55896527404347E-15));
#1562=DIRECTION('ref_axis',(7.55896527404347E-15,1.89567641616211E-15,-1.));
#1563=DIRECTION('',(7.55896527404347E-15,1.89567641616211E-15,-1.));
#1564=DIRECTION('',(0.,-1.,0.));
#1565=DIRECTION('',(0.,-1.,0.));
#1566=DIRECTION('center_axis',(0.,-1.,0.));
#1567=DIRECTION('ref_axis',(1.,0.,6.66133814775095E-15));
#1568=DIRECTION('center_axis',(6.75826221223163E-16,1.,1.79023462217922E-15));
#1569=DIRECTION('ref_axis',(1.,-6.75826221223175E-16,6.66133814775095E-15));
#1570=DIRECTION('',(0.,-1.,0.));
#1571=DIRECTION('center_axis',(1.,0.,7.5589652740435E-15));
#1572=DIRECTION('ref_axis',(-7.5589652740435E-15,-1.89567641616211E-15,
1.));
#1573=DIRECTION('',(-7.5589652740435E-15,-1.89567641616211E-15,1.));
#1574=DIRECTION('',(0.,-1.,0.));
#1575=DIRECTION('center_axis',(0.,-1.,0.));
#1576=DIRECTION('ref_axis',(-1.,0.,-4.44089209850063E-15));
#1577=DIRECTION('center_axis',(6.75826221223163E-16,1.,1.79023462217922E-15));
#1578=DIRECTION('ref_axis',(-1.,6.75826221223171E-16,-4.44089209850063E-15));
#1579=DIRECTION('center_axis',(0.,-1.,0.));
#1580=DIRECTION('ref_axis',(1.,0.,-1.39529772610967E-29));
#1581=DIRECTION('center_axis',(5.96744875735987E-16,1.,1.79023462217922E-15));
#1582=DIRECTION('ref_axis',(1.,-5.96744875735987E-16,-1.39529772610967E-29));
#1583=DIRECTION('',(0.,-1.,0.));
#1584=DIRECTION('center_axis',(-1.,0.,1.28846639239461E-29));
#1585=DIRECTION('ref_axis',(-1.28846639239461E-29,1.79023462217922E-15,
-1.));
#1586=DIRECTION('',(-1.28846639239461E-29,1.79023462217922E-15,-1.));
#1587=DIRECTION('',(0.,-1.,0.));
#1588=DIRECTION('',(0.,-1.,0.));
#1589=DIRECTION('center_axis',(0.,-1.,0.));
#1590=DIRECTION('ref_axis',(1.,0.,-2.22044604925032E-15));
#1591=DIRECTION('center_axis',(5.96744875735987E-16,1.,1.79023462217922E-15));
#1592=DIRECTION('ref_axis',(1.,-5.96744875735983E-16,-2.22044604925032E-15));
#1593=DIRECTION('',(0.,-1.,0.));
#1594=DIRECTION('center_axis',(1.,0.,-3.77948169496042E-15));
#1595=DIRECTION('ref_axis',(3.77948169496042E-15,-1.79023462217922E-15,
1.));
#1596=DIRECTION('',(3.77948169496042E-15,-1.79023462217922E-15,1.));
#1597=DIRECTION('',(0.,-1.,0.));
#1598=DIRECTION('center_axis',(0.,-1.,0.));
#1599=DIRECTION('ref_axis',(-1.,0.,1.39529772610966E-29));
#1600=DIRECTION('center_axis',(5.96744875735987E-16,1.,1.79023462217922E-15));
#1601=DIRECTION('ref_axis',(-1.,5.96744875735987E-16,1.39529772610966E-29));
#1602=DIRECTION('center_axis',(0.,-1.,0.));
#1603=DIRECTION('ref_axis',(1.,0.,-1.39529772610967E-29));
#1604=DIRECTION('center_axis',(5.96744875735987E-16,1.,1.79023462217922E-15));
#1605=DIRECTION('ref_axis',(1.,-5.96744875735987E-16,-1.39529772610967E-29));
#1606=DIRECTION('',(0.,-1.,0.));
#1607=DIRECTION('center_axis',(0.,-1.,0.));
#1608=DIRECTION('ref_axis',(1.,0.,-1.39529772610967E-29));
#1609=DIRECTION('center_axis',(5.96744875735987E-16,1.,1.79023462217922E-15));
#1610=DIRECTION('ref_axis',(1.,-5.96744875735987E-16,-1.39529772610967E-29));
#1611=DIRECTION('',(0.,-1.,0.));
#1612=DIRECTION('center_axis',(0.,-1.,0.));
#1613=DIRECTION('ref_axis',(1.,0.,-1.39529772610967E-29));
#1614=DIRECTION('center_axis',(5.96744875735987E-16,1.,1.79023462217922E-15));
#1615=DIRECTION('ref_axis',(1.,-5.96744875735987E-16,-1.39529772610967E-29));
#1616=DIRECTION('',(0.,-1.,0.));
#1617=DIRECTION('center_axis',(0.,-1.,0.));
#1618=DIRECTION('ref_axis',(1.,0.,-1.39529772610967E-29));
#1619=DIRECTION('center_axis',(5.96744875735987E-16,1.,1.79023462217922E-15));
#1620=DIRECTION('ref_axis',(1.,-5.96744875735987E-16,-1.39529772610967E-29));
#1621=DIRECTION('',(0.,-1.,0.));
#1622=DIRECTION('center_axis',(0.,-1.,0.));
#1623=DIRECTION('ref_axis',(1.,0.,-1.39529772610967E-29));
#1624=DIRECTION('center_axis',(5.96744875735987E-16,1.,1.79023462217922E-15));
#1625=DIRECTION('ref_axis',(1.,-5.96744875735987E-16,-1.39529772610967E-29));
#1626=DIRECTION('',(0.,-1.,0.));
#1627=DIRECTION('center_axis',(0.,-1.,0.));
#1628=DIRECTION('ref_axis',(1.,0.,-8.88178419700114E-15));
#1629=DIRECTION('center_axis',(5.96744875735987E-16,1.,1.79023462217922E-15));
#1630=DIRECTION('ref_axis',(1.,-5.96744875735971E-16,-8.88178419700114E-15));
#1631=DIRECTION('',(0.,-1.,0.));
#1632=DIRECTION('',(0.,-1.,0.));
#1633=DIRECTION('center_axis',(1.,0.,-1.28846639239461E-29));
#1634=DIRECTION('ref_axis',(1.28846639239461E-29,-1.79023462217922E-15,
1.));
#1635=DIRECTION('',(1.28846639239461E-29,-1.79023462217922E-15,1.));
#1636=DIRECTION('',(0.,-1.,0.));
#1637=DIRECTION('center_axis',(0.,-1.,0.));
#1638=DIRECTION('ref_axis',(-1.,0.,4.44089209850058E-15));
#1639=DIRECTION('center_axis',(5.96744875735987E-16,1.,1.79023462217922E-15));
#1640=DIRECTION('ref_axis',(-1.,5.96744875735979E-16,4.44089209850058E-15));
#1641=DIRECTION('',(0.,-1.,0.));
#1642=DIRECTION('center_axis',(-1.,0.,1.51179267798417E-14));
#1643=DIRECTION('ref_axis',(-1.51179267798417E-14,1.79023462217923E-15,
-1.));
#1644=DIRECTION('',(-1.51179267798417E-14,1.79023462217923E-15,-1.));
#1645=DIRECTION('center_axis',(-1.,0.,-1.13384450848812E-14));
#1646=DIRECTION('ref_axis',(1.13384450848812E-14,1.79023462217921E-15,-1.));
#1647=DIRECTION('',(1.13384450848812E-14,1.79023462217921E-15,-1.));
#1648=DIRECTION('',(0.,-1.,0.));
#1649=DIRECTION('',(0.,-1.,0.));
#1650=DIRECTION('center_axis',(0.,-1.,0.));
#1651=DIRECTION('ref_axis',(1.,0.,8.88178419700123E-15));
#1652=DIRECTION('center_axis',(5.96744875735987E-16,1.,1.79023462217922E-15));
#1653=DIRECTION('ref_axis',(1.,-5.96744875736003E-16,8.88178419700123E-15));
#1654=DIRECTION('',(0.,-1.,0.));
#1655=DIRECTION('center_axis',(1.,0.,-1.28846639239461E-29));
#1656=DIRECTION('ref_axis',(1.28846639239461E-29,-1.79023462217922E-15,
1.));
#1657=DIRECTION('',(1.28846639239461E-29,-1.79023462217922E-15,1.));
#1658=DIRECTION('',(0.,-1.,0.));
#1659=DIRECTION('center_axis',(0.,-1.,0.));
#1660=DIRECTION('ref_axis',(-1.,0.,-4.44089209850055E-15));
#1661=DIRECTION('center_axis',(5.96744875735987E-16,1.,1.79023462217922E-15));
#1662=DIRECTION('ref_axis',(-1.,5.96744875735995E-16,-4.44089209850055E-15));
#1663=DIRECTION('center_axis',(-1.,0.,7.55896527404354E-15));
#1664=DIRECTION('ref_axis',(-7.55896527404354E-15,1.89567641616212E-15,
-1.));
#1665=DIRECTION('',(-7.55896527404354E-15,1.89567641616212E-15,-1.));
#1666=DIRECTION('',(0.,-1.,0.));
#1667=DIRECTION('',(0.,-1.,0.));
#1668=DIRECTION('center_axis',(0.,-1.,0.));
#1669=DIRECTION('ref_axis',(1.,0.,-4.44089209850066E-15));
#1670=DIRECTION('center_axis',(5.1766353024881E-16,1.,1.79023462217922E-15));
#1671=DIRECTION('ref_axis',(1.,-5.17663530248802E-16,-4.44089209850066E-15));
#1672=DIRECTION('',(0.,-1.,0.));
#1673=DIRECTION('center_axis',(1.,0.,-7.55896527404348E-15));
#1674=DIRECTION('ref_axis',(7.55896527404348E-15,-1.89567641616212E-15,
1.));
#1675=DIRECTION('',(7.55896527404348E-15,-1.89567641616212E-15,1.));
#1676=DIRECTION('',(0.,-1.,0.));
#1677=DIRECTION('center_axis',(0.,-1.,0.));
#1678=DIRECTION('ref_axis',(-1.,0.,1.3811403098437E-29));
#1679=DIRECTION('center_axis',(5.1766353024881E-16,1.,1.79023462217922E-15));
#1680=DIRECTION('ref_axis',(-1.,5.1766353024881E-16,1.3811403098437E-29));
#1681=DIRECTION('center_axis',(1.,0.,-1.28846639239461E-29));
#1682=DIRECTION('ref_axis',(1.28846639239461E-29,-1.79023462217922E-15,
1.));
#1683=DIRECTION('',(1.28846639239461E-29,-1.79023462217922E-15,1.));
#1684=DIRECTION('',(0.,-1.,0.));
#1685=DIRECTION('',(0.,-1.,0.));
#1686=DIRECTION('center_axis',(0.,-1.,0.));
#1687=DIRECTION('ref_axis',(-1.,0.,1.39529772610967E-29));
#1688=DIRECTION('center_axis',(5.96744875735987E-16,1.,1.79023462217922E-15));
#1689=DIRECTION('ref_axis',(-1.,5.96744875735987E-16,1.39529772610967E-29));
#1690=DIRECTION('',(0.,-1.,0.));
#1691=DIRECTION('center_axis',(-1.,0.,7.55896338992085E-15));
#1692=DIRECTION('ref_axis',(-7.55896338992085E-15,1.79023462217922E-15,
-1.));
#1693=DIRECTION('',(-7.55896338992085E-15,1.79023462217922E-15,-1.));
#1694=DIRECTION('',(0.,-1.,0.));
#1695=DIRECTION('center_axis',(0.,-1.,0.));
#1696=DIRECTION('ref_axis',(1.,0.,-1.39529772610967E-29));
#1697=DIRECTION('center_axis',(5.96744875735987E-16,1.,1.79023462217922E-15));
#1698=DIRECTION('ref_axis',(1.,-5.96744875735987E-16,-1.39529772610967E-29));
#1699=DIRECTION('center_axis',(1.,0.,3.82295207206822E-15));
#1700=DIRECTION('ref_axis',(-3.82295207206822E-15,-1.79023462217921E-15,
1.));
#1701=DIRECTION('',(-3.82295207206822E-15,-1.79023462217921E-15,1.));
#1702=DIRECTION('',(0.,-1.,0.));
#1703=DIRECTION('',(0.,-1.,0.));
#1704=DIRECTION('center_axis',(-5.07530525542921E-16,0.,1.));
#1705=DIRECTION('ref_axis',(-1.,5.96744875735987E-16,-5.07530525542921E-16));
#1706=DIRECTION('',(-1.,5.96744875735987E-16,-5.07530525542921E-16));
#1707=DIRECTION('',(0.,-1.,0.));
#1708=DIRECTION('center_axis',(-1.,0.,-1.59289669669261E-15));
#1709=DIRECTION('ref_axis',(1.59289669669261E-15,1.79023462217921E-15,-1.));
#1710=DIRECTION('',(1.59289669669261E-15,1.79023462217921E-15,-1.));
#1711=DIRECTION('',(0.,-1.,0.));
#1712=DIRECTION('center_axis',(-6.17966455313055E-13,0.,1.));
#1713=DIRECTION('ref_axis',(-1.,5.96744875737094E-16,-6.17966455313055E-13));
#1714=DIRECTION('',(-1.,5.96744875737094E-16,-6.17966455313055E-13));
#1715=DIRECTION('',(0.,-1.,0.));
#1716=DIRECTION('center_axis',(1.,0.,3.18579339337694E-15));
#1717=DIRECTION('ref_axis',(-3.18579339337694E-15,-1.79023462217922E-15,
1.));
#1718=DIRECTION('',(-3.18579339337694E-15,-1.79023462217922E-15,1.));
#1719=DIRECTION('',(0.,-1.,0.));
#1720=DIRECTION('center_axis',(-2.53765262771453E-16,0.,1.));
#1721=DIRECTION('ref_axis',(-1.,5.96744875735987E-16,-2.53765262771453E-16));
#1722=DIRECTION('',(-1.,5.96744875735987E-16,-2.53765262771453E-16));
#1723=DIRECTION('',(0.,-1.,0.));
#1724=DIRECTION('center_axis',(-1.,0.,-1.27431735734879E-14));
#1725=DIRECTION('ref_axis',(1.27431735734879E-14,1.79023462217921E-15,-1.));
#1726=DIRECTION('',(1.27431735734879E-14,1.79023462217921E-15,-1.));
#1727=DIRECTION('',(0.,-1.,0.));
#1728=DIRECTION('center_axis',(0.,-1.,0.));
#1729=DIRECTION('ref_axis',(1.,0.,-1.4013481733047E-14));
#1730=DIRECTION('center_axis',(-5.96744875735986E-16,-1.,-1.79023462217922E-15));
#1731=DIRECTION('ref_axis',(1.,-5.96744875735961E-16,-1.4013481733047E-14));
#1732=DIRECTION('',(0.,-1.,0.));
#1733=DIRECTION('center_axis',(1.,0.,2.32268050193456E-15));
#1734=DIRECTION('ref_axis',(-2.32268050193456E-15,-1.79023462217921E-15,
1.));
#1735=DIRECTION('',(-2.32268050193456E-15,-1.79023462217921E-15,1.));
#1736=DIRECTION('',(0.,-1.,0.));
#1737=DIRECTION('center_axis',(0.,-1.,0.));
#1738=DIRECTION('ref_axis',(0.68274988263889,0.,-0.730652172895271));
#1739=DIRECTION('center_axis',(-5.96744875735988E-16,-1.,-1.79023462217922E-15));
#1740=DIRECTION('ref_axis',(0.68274988263889,9.00611322813487E-16,-0.730652172895271));
#1741=DIRECTION('',(0.,-1.,0.));
#1742=DIRECTION('center_axis',(-1.,0.,-2.54863471469759E-15));
#1743=DIRECTION('ref_axis',(2.54863471469759E-15,1.79023462217921E-15,-1.));
#1744=DIRECTION('',(2.54863471469759E-15,1.79023462217921E-15,-1.));
#1745=DIRECTION('',(0.,-1.,0.));
#1746=DIRECTION('center_axis',(-1.26882631385748E-16,0.,-1.));
#1747=DIRECTION('ref_axis',(1.,-5.96744875735987E-16,-1.26882631385748E-16));
#1748=DIRECTION('',(1.,-5.96744875735987E-16,-1.26882631385748E-16));
#1749=DIRECTION('',(0.,-1.,0.));
#1750=DIRECTION('center_axis',(1.,0.,1.91147603602616E-15));
#1751=DIRECTION('ref_axis',(-1.91147603602616E-15,-1.79023462217922E-15,
1.));
#1752=DIRECTION('',(-1.91147603602616E-15,-1.79023462217922E-15,1.));
#1753=DIRECTION('',(0.,-1.,0.));
#1754=DIRECTION('center_axis',(-6.18117695267855E-13,0.,-1.));
#1755=DIRECTION('ref_axis',(1.,-5.9674487573488E-16,-6.18117695267855E-13));
#1756=DIRECTION('',(1.,-5.9674487573488E-16,-6.18117695267855E-13));
#1757=DIRECTION('',(0.,-1.,0.));
#1758=DIRECTION('center_axis',(-1.,0.,-2.86721405404671E-15));
#1759=DIRECTION('ref_axis',(2.86721405404671E-15,1.79023462217921E-15,-1.));
#1760=DIRECTION('',(2.86721405404671E-15,1.79023462217921E-15,-1.));
#1761=DIRECTION('',(0.,-1.,0.));
#1762=DIRECTION('center_axis',(-3.80647894157215E-16,0.,-1.));
#1763=DIRECTION('ref_axis',(1.,-5.96744875735986E-16,-3.80647894157215E-16));
#1764=DIRECTION('',(1.,-5.96744875735986E-16,-3.80647894157215E-16));
#1765=DIRECTION('',(0.,-1.,0.));
#1766=DIRECTION('center_axis',(1.,0.,-1.28846639239461E-29));
#1767=DIRECTION('ref_axis',(1.28846639239461E-29,-1.79023462217922E-15,
1.));
#1768=DIRECTION('',(1.28846639239461E-29,-1.79023462217922E-15,1.));
#1769=DIRECTION('',(0.,-1.,0.));
#1770=DIRECTION('center_axis',(0.,-1.,0.));
#1771=DIRECTION('ref_axis',(-1.,0.,-3.53830545110316E-12));
#1772=DIRECTION('center_axis',(-5.96744875735986E-16,-1.,-1.79023462217922E-15));
#1773=DIRECTION('ref_axis',(-1.,5.9674487574232E-16,-3.53830545110316E-12));
#1774=DIRECTION('',(0.,-1.,0.));
#1775=DIRECTION('center_axis',(-1.,0.,-2.4678480333055E-15));
#1776=DIRECTION('ref_axis',(2.4678480333055E-15,1.79023462217921E-15,-1.));
#1777=DIRECTION('',(2.4678480333055E-15,1.79023462217921E-15,-1.));
#1778=DIRECTION('',(0.,-1.,0.));
#1779=DIRECTION('center_axis',(0.,-1.,0.));
#1780=DIRECTION('ref_axis',(-0.682749882638872,0.,0.730652172895288));
#1781=DIRECTION('center_axis',(-5.96744875735986E-16,-1.,-1.79023462217922E-15));
#1782=DIRECTION('ref_axis',(-0.682749882638872,-9.0061132281353E-16,0.730652172895288));
#1783=DIRECTION('center_axis',(-5.96744875735986E-16,-1.,-1.79023462217922E-15));
#1784=DIRECTION('ref_axis',(1.,-5.96744875735986E-16,-1.39529772610967E-29));
#1785=CARTESIAN_POINT('',(0.,0.,0.));
#1786=CARTESIAN_POINT('Origin',(134.904547526303,-3.99999999999999,96.6249201869148));
#1787=CARTESIAN_POINT('',(128.726440435285,-3.99999999999999,106.562341753697));
#1788=CARTESIAN_POINT('',(128.726440435285,-4.00000000000019,78.6829939733929));
#1789=CARTESIAN_POINT('',(128.726440435285,-4.00000000000024,106.562341753697));
#1790=CARTESIAN_POINT('',(58.7264404352861,-4.00000000000015,78.6829939733929));
#1791=CARTESIAN_POINT('',(128.726440435285,-4.00000000000019,78.6829939733929));
#1792=CARTESIAN_POINT('',(58.726440435286,-4.0000000000002,106.562341753653));
#1793=CARTESIAN_POINT('',(58.7264404352861,-4.00000000000015,78.6829939733929));
#1794=CARTESIAN_POINT('',(-58.7264404352865,-4.00000000000013,106.562341753581));
#1795=CARTESIAN_POINT('',(58.726440435286,-4.0000000000002,106.562341753653));
#1796=CARTESIAN_POINT('',(-58.7264404352865,-4.00000000000008,78.6829939733929));
#1797=CARTESIAN_POINT('',(-58.7264404352865,-4.00000000000013,106.562341753581));
#1798=CARTESIAN_POINT('',(-128.726440435286,-4.00000000000003,78.6829939733929));
#1799=CARTESIAN_POINT('',(-58.7264404352865,-4.00000000000008,78.6829939733929));
#1800=CARTESIAN_POINT('',(-128.726440435286,-3.99999999999999,106.562341753538));
#1801=CARTESIAN_POINT('',(-128.726440435286,-4.00000000000003,78.6829939733929));
#1802=CARTESIAN_POINT('',(-143.002695716536,-4.00000000000002,73.6829939734093));
#1803=CARTESIAN_POINT('Origin',(-98.0026957165383,-4.00000000000004,73.6829939732515));
#1804=CARTESIAN_POINT('',(-143.002695716535,-3.9999999999998,-48.6829939734094));
#1805=CARTESIAN_POINT('',(-143.002695716536,-4.00000000000002,73.6829939734093));
#1806=CARTESIAN_POINT('',(-128.726440435285,-3.99999999999999,-81.5623417535375));
#1807=CARTESIAN_POINT('Origin',(-98.0026957165356,-3.99999999999982,-48.6829939732502));
#1808=CARTESIAN_POINT('',(-128.726440435285,-3.9999999999998,-53.6829939733929));
#1809=CARTESIAN_POINT('',(-128.726440435285,-3.99999999999975,-81.5623417535376));
#1810=CARTESIAN_POINT('',(-58.7264404352861,-3.99999999999984,-53.682993973393));
#1811=CARTESIAN_POINT('',(-128.726440435285,-3.9999999999998,-53.6829939733929));
#1812=CARTESIAN_POINT('',(-58.7264404352861,-3.99999999999979,-81.562341753581));
#1813=CARTESIAN_POINT('',(-58.7264404352861,-3.99999999999984,-53.682993973393));
#1814=CARTESIAN_POINT('',(58.7264404352865,-3.99999999999986,-81.5623417536536));
#1815=CARTESIAN_POINT('',(-58.7264404352861,-3.99999999999979,-81.562341753581));
#1816=CARTESIAN_POINT('',(58.7264404352864,-3.99999999999991,-53.682993973393));
#1817=CARTESIAN_POINT('',(58.7264404352865,-3.99999999999986,-81.5623417536536));
#1818=CARTESIAN_POINT('',(128.726440435286,-3.99999999999995,-53.682993973393));
#1819=CARTESIAN_POINT('',(58.7264404352864,-3.99999999999991,-53.682993973393));
#1820=CARTESIAN_POINT('',(128.726440435286,-3.99999999999999,-81.5623417536969));
#1821=CARTESIAN_POINT('',(128.726440435286,-3.99999999999995,-53.682993973393));
#1822=CARTESIAN_POINT('',(143.002695716535,-3.99999999999997,-48.6829939734102));
#1823=CARTESIAN_POINT('Origin',(98.0026957165356,-3.99999999999994,-48.6829939734096));
#1824=CARTESIAN_POINT('',(143.002695716535,-4.00000000000019,73.6829939734098));
#1825=CARTESIAN_POINT('',(143.002695716535,-3.99999999999997,-48.6829939734102));
#1826=CARTESIAN_POINT('Origin',(98.0026957165369,-4.00000000000016,73.6829939734104));
#1827=CARTESIAN_POINT('',(76.8638350685465,-4.00000000000013,65.8500011324877));
#1828=CARTESIAN_POINT('',(80.8638350685466,-4.00000000000014,65.8500011324877));
#1829=CARTESIAN_POINT('Origin',(78.8638350685465,-4.00000000000013,65.8500011324877));
#1830=CARTESIAN_POINT('',(80.8638350685465,-4.00000000000013,63.5000005467343));
#1831=CARTESIAN_POINT('',(80.8638350685466,-4.00000000000014,65.8500011324877));
#1832=CARTESIAN_POINT('',(76.8638350685465,-4.00000000000013,63.5000005467343));
#1833=CARTESIAN_POINT('Origin',(78.8638350685465,-4.00000000000013,63.5000005467343));
#1834=CARTESIAN_POINT('',(76.8638350685465,-4.00000000000013,63.5000005467343));
#1835=CARTESIAN_POINT('',(-106.863835068546,-3.99999999999983,-40.8500011324886));
#1836=CARTESIAN_POINT('',(-110.863835068546,-3.99999999999983,-40.8500011324886));
#1837=CARTESIAN_POINT('Origin',(-108.863835068546,-3.99999999999983,-40.8500011324886));
#1838=CARTESIAN_POINT('',(-110.863835068546,-3.99999999999984,-38.5000011324886));
#1839=CARTESIAN_POINT('',(-110.863835068546,-3.99999999999983,-40.8500011324886));
#1840=CARTESIAN_POINT('',(-106.863835068546,-3.99999999999984,-38.5000011324886));
#1841=CARTESIAN_POINT('Origin',(-108.863835068546,-3.99999999999984,-38.5000011324886));
#1842=CARTESIAN_POINT('',(-106.863835068546,-3.99999999999984,-38.5000011324886));
#1843=CARTESIAN_POINT('',(-76.8638350685462,-3.99999999999985,-40.8500011324885));
#1844=CARTESIAN_POINT('',(-80.8638350685463,-3.99999999999985,-40.8500011324885));
#1845=CARTESIAN_POINT('Origin',(-78.8638350685463,-3.99999999999985,-40.8500011324885));
#1846=CARTESIAN_POINT('',(-80.8638350685463,-3.99999999999985,-38.5000005467351));
#1847=CARTESIAN_POINT('',(-80.8638350685463,-3.99999999999985,-40.8500011324885));
#1848=CARTESIAN_POINT('',(-76.8638350685463,-3.99999999999985,-38.5000005467351));
#1849=CARTESIAN_POINT('Origin',(-78.8638350685463,-3.99999999999985,-38.5000005467351));
#1850=CARTESIAN_POINT('',(-76.8638350685463,-3.99999999999985,-38.5000005467351));
#1851=CARTESIAN_POINT('',(-76.8638350685462,-4.00000000000004,65.8500011324883));
#1852=CARTESIAN_POINT('',(-76.8638350685462,-4.00000000000004,63.5000005467349));
#1853=CARTESIAN_POINT('',(-76.8638350685462,-4.00000000000004,63.5000005467349));
#1854=CARTESIAN_POINT('',(-80.8638350685462,-4.00000000000004,63.5000005467349));
#1855=CARTESIAN_POINT('Origin',(-78.8638350685462,-4.00000000000004,63.5000005467349));
#1856=CARTESIAN_POINT('',(-80.8638350685462,-4.00000000000004,65.8500011324883));
#1857=CARTESIAN_POINT('',(-80.8638350685462,-4.00000000000004,65.8500011324883));
#1858=CARTESIAN_POINT('Origin',(-78.8638350685462,-4.00000000000004,65.8500011324883));
#1859=CARTESIAN_POINT('',(106.863835068546,-4.00000000000017,76.0000011324876));
#1860=CARTESIAN_POINT('Origin',(108.863835068546,-4.00000000000017,76.0000011324876));
#1861=CARTESIAN_POINT('',(76.8638350685465,-4.00000000000015,76.0000011324877));
#1862=CARTESIAN_POINT('Origin',(78.8638350685465,-4.00000000000015,76.0000011324877));
#1863=CARTESIAN_POINT('',(-80.8638350685461,-4.00000000000006,76.0000011324882));
#1864=CARTESIAN_POINT('Origin',(-78.8638350685461,-4.00000000000006,76.0000011324882));
#1865=CARTESIAN_POINT('',(-110.863835068546,-3.99999999999981,-51.0000011324886));
#1866=CARTESIAN_POINT('Origin',(-108.863835068546,-3.99999999999981,-51.0000011324886));
#1867=CARTESIAN_POINT('',(76.8638350685465,-3.99999999999992,-51.0000011324881));
#1868=CARTESIAN_POINT('Origin',(78.8638350685465,-3.99999999999993,-51.0000011324881));
#1869=CARTESIAN_POINT('',(80.8638350685465,-3.99999999999994,-40.8500011324881));
#1870=CARTESIAN_POINT('',(76.8638350685465,-3.99999999999994,-40.8500011324881));
#1871=CARTESIAN_POINT('Origin',(78.8638350685465,-3.99999999999994,-40.8500011324881));
#1872=CARTESIAN_POINT('',(76.8638350685465,-3.99999999999995,-38.5000005467347));
#1873=CARTESIAN_POINT('',(76.8638350685465,-3.99999999999995,-38.5000005467347));
#1874=CARTESIAN_POINT('',(80.8638350685465,-3.99999999999995,-38.5000005467347));
#1875=CARTESIAN_POINT('Origin',(78.8638350685465,-3.99999999999995,-38.5000005467347));
#1876=CARTESIAN_POINT('',(80.8638350685465,-3.99999999999994,-40.8500011324881));
#1877=CARTESIAN_POINT('',(-80.8638350685462,-3.99999999999983,-51.0000011324884));
#1878=CARTESIAN_POINT('Origin',(-78.8638350685462,-3.99999999999983,-51.0000011324884));
#1879=CARTESIAN_POINT('',(110.863835068546,-3.99999999999996,-40.8500011324881));
#1880=CARTESIAN_POINT('',(106.863835068546,-3.99999999999996,-40.8500011324881));
#1881=CARTESIAN_POINT('Origin',(108.863835068546,-3.99999999999996,-40.8500011324881));
#1882=CARTESIAN_POINT('',(106.863835068546,-3.99999999999996,-38.5000011324881));
#1883=CARTESIAN_POINT('',(106.863835068546,-3.99999999999996,-38.5000011324881));
#1884=CARTESIAN_POINT('',(110.863835068546,-3.99999999999997,-38.500001132488));
#1885=CARTESIAN_POINT('Origin',(108.863835068546,-3.99999999999997,-38.5000011324881));
#1886=CARTESIAN_POINT('',(110.863835068546,-3.99999999999996,-40.8500011324881));
#1887=CARTESIAN_POINT('',(-106.863835068546,-4.00000000000002,65.8500011324885));
#1888=CARTESIAN_POINT('',(-106.863835068546,-4.00000000000002,63.5000011324884));
#1889=CARTESIAN_POINT('',(-106.863835068546,-4.00000000000002,63.5000011324884));
#1890=CARTESIAN_POINT('',(-110.863835068546,-4.00000000000002,63.5000011324884));
#1891=CARTESIAN_POINT('Origin',(-108.863835068546,-4.00000000000002,63.5000011324884));
#1892=CARTESIAN_POINT('',(-110.863835068546,-4.00000000000002,65.8500011324885));
#1893=CARTESIAN_POINT('',(-110.863835068546,-4.00000000000002,65.8500011324885));
#1894=CARTESIAN_POINT('Origin',(-108.863835068546,-4.00000000000002,65.8500011324885));
#1895=CARTESIAN_POINT('',(106.863835068546,-4.00000000000015,65.8500011324877));
#1896=CARTESIAN_POINT('',(110.863835068546,-4.00000000000015,65.8500011324877));
#1897=CARTESIAN_POINT('Origin',(108.863835068546,-4.00000000000015,65.8500011324877));
#1898=CARTESIAN_POINT('',(110.863835068546,-4.00000000000015,63.5000011324876));
#1899=CARTESIAN_POINT('',(110.863835068546,-4.00000000000015,65.8500011324877));
#1900=CARTESIAN_POINT('',(106.863835068546,-4.00000000000015,63.5000011324877));
#1901=CARTESIAN_POINT('Origin',(108.863835068546,-4.00000000000015,63.5000011324876));
#1902=CARTESIAN_POINT('',(106.863835068546,-4.00000000000015,63.5000011324877));
#1903=CARTESIAN_POINT('',(-110.863835068546,-4.00000000000004,76.0000011324884));
#1904=CARTESIAN_POINT('Origin',(-108.863835068546,-4.00000000000004,76.0000011324884));
#1905=CARTESIAN_POINT('',(106.863835068546,-3.99999999999994,-51.000001132488));
#1906=CARTESIAN_POINT('Origin',(108.863835068546,-3.99999999999994,-51.000001132488));
#1907=CARTESIAN_POINT('Origin',(108.863835068546,5.6621374255883E-14,-51.000001132488));
#1908=CARTESIAN_POINT('',(106.863835068546,5.7814864007355E-14,-51.000001132488));
#1909=CARTESIAN_POINT('Origin',(108.863835068546,5.6621374255883E-14,-51.000001132488));
#1910=CARTESIAN_POINT('',(106.863835068546,5.6621374255883E-14,-51.000001132488));
#1911=CARTESIAN_POINT('Origin',(-108.863835068546,-4.0810555355472E-14,
76.0000011324884));
#1912=CARTESIAN_POINT('',(-110.863835068546,-3.96170656040001E-14,76.0000011324884));
#1913=CARTESIAN_POINT('Origin',(-108.863835068546,-4.0810555355472E-14,
76.0000011324884));
#1914=CARTESIAN_POINT('',(-110.863835068546,-4.0810555355472E-14,76.0000011324884));
#1915=CARTESIAN_POINT('Origin',(106.863835068546,-1.47008841596029E-13,
63.5000011324877));
#1916=CARTESIAN_POINT('',(106.863835068546,-1.47008841596029E-13,63.5000011324877));
#1917=CARTESIAN_POINT('',(106.863835068546,-1.5096810474229E-13,65.8500011324877));
#1918=CARTESIAN_POINT('',(106.863835068546,-1.47008841596029E-13,63.5000011324877));
#1919=CARTESIAN_POINT('',(106.863835068546,-1.5096810474229E-13,65.8500011324877));
#1920=CARTESIAN_POINT('',(106.863835068546,-2.00000000000015,63.5000011324877));
#1921=CARTESIAN_POINT('Origin',(108.863835068546,-1.48360494038475E-13,
63.5000011324876));
#1922=CARTESIAN_POINT('',(110.863835068546,-1.49712146480921E-13,63.5000011324876));
#1923=CARTESIAN_POINT('Origin',(108.863835068546,-1.48360494038475E-13,
63.5000011324876));
#1924=CARTESIAN_POINT('',(110.863835068546,-2.00000000000015,63.5000011324876));
#1925=CARTESIAN_POINT('Origin',(110.863835068546,-1.53671409627183E-13,
65.8500011324877));
#1926=CARTESIAN_POINT('',(110.863835068546,-1.53671409627183E-13,65.8500011324877));
#1927=CARTESIAN_POINT('',(110.863835068546,-1.53671409627183E-13,65.8500011324877));
#1928=CARTESIAN_POINT('',(110.863835068546,-2.00000000000015,65.8500011324877));
#1929=CARTESIAN_POINT('Origin',(108.863835068546,-1.52319757184737E-13,
65.8500011324877));
#1930=CARTESIAN_POINT('Origin',(108.863835068546,-1.52319757184737E-13,
65.8500011324877));
#1931=CARTESIAN_POINT('Origin',(-108.863835068546,-2.23918857244932E-14,
65.8500011324885));
#1932=CARTESIAN_POINT('',(-110.863835068546,-2.13565586639955E-14,65.8500011324885));
#1933=CARTESIAN_POINT('',(-106.863835068546,-2.34272127849908E-14,65.8500011324885));
#1934=CARTESIAN_POINT('Origin',(-108.863835068546,-2.23918857244932E-14,
65.8500011324885));
#1935=CARTESIAN_POINT('',(-106.863835068546,-2.34272127849908E-14,65.8500011324885));
#1936=CARTESIAN_POINT('',(-110.863835068546,-2.00000000000002,65.8500011324885));
#1937=CARTESIAN_POINT('Origin',(-110.863835068546,-1.73972955177341E-14,
63.5000011324884));
#1938=CARTESIAN_POINT('',(-110.863835068546,-1.73972955177341E-14,63.5000011324884));
#1939=CARTESIAN_POINT('',(-110.863835068546,-2.13565586639955E-14,65.8500011324885));
#1940=CARTESIAN_POINT('',(-110.863835068546,-2.00000000000002,63.5000011324884));
#1941=CARTESIAN_POINT('Origin',(-108.863835068546,-1.84326225782318E-14,
63.5000011324884));
#1942=CARTESIAN_POINT('',(-106.863835068546,-1.94679496387294E-14,63.5000011324884));
#1943=CARTESIAN_POINT('Origin',(-108.863835068546,-1.84326225782318E-14,
63.5000011324884));
#1944=CARTESIAN_POINT('',(-106.863835068546,-2.00000000000002,63.5000011324884));
#1945=CARTESIAN_POINT('Origin',(-106.863835068546,-2.34272127849908E-14,
65.8500011324885));
#1946=CARTESIAN_POINT('',(-106.863835068546,-1.94679496387294E-14,63.5000011324884));
#1947=CARTESIAN_POINT('Origin',(110.863835068546,3.28917890361965E-14,-38.500001132488));
#1948=CARTESIAN_POINT('',(110.863835068546,3.28917890361965E-14,-38.500001132488));
#1949=CARTESIAN_POINT('',(110.863835068546,3.73466286141775E-14,-40.8500011324881));
#1950=CARTESIAN_POINT('',(110.863835068546,3.73466286141775E-14,-40.8500011324881));
#1951=CARTESIAN_POINT('',(110.863835068546,3.73466286141775E-14,-40.8500011324881));
#1952=CARTESIAN_POINT('',(110.863835068546,-1.99999999999997,-38.500001132488));
#1953=CARTESIAN_POINT('Origin',(108.863835068546,3.42434414786428E-14,-38.5000011324881));
#1954=CARTESIAN_POINT('',(106.863835068546,3.55950939210892E-14,-38.5000011324881));
#1955=CARTESIAN_POINT('Origin',(108.863835068546,3.42434414786428E-14,-38.5000011324881));
#1956=CARTESIAN_POINT('',(106.863835068546,-1.99999999999996,-38.5000011324881));
#1957=CARTESIAN_POINT('Origin',(106.863835068546,4.00499334990702E-14,-40.8500011324881));
#1958=CARTESIAN_POINT('',(106.863835068546,4.00499334990702E-14,-40.8500011324881));
#1959=CARTESIAN_POINT('',(106.863835068546,3.55950939210892E-14,-38.5000011324881));
#1960=CARTESIAN_POINT('',(106.863835068546,-1.99999999999996,-40.8500011324881));
#1961=CARTESIAN_POINT('Origin',(108.863835068546,3.86982810566239E-14,-40.8500011324881));
#1962=CARTESIAN_POINT('Origin',(108.863835068546,3.86982810566239E-14,-40.8500011324881));
#1963=CARTESIAN_POINT('Origin',(-78.8638350685462,1.68894687659909E-13,
-51.0000011324884));
#1964=CARTESIAN_POINT('',(-80.8638350685462,1.70088177411381E-13,-51.0000011324884));
#1965=CARTESIAN_POINT('Origin',(-78.8638350685462,1.68894687659909E-13,
-51.0000011324884));
#1966=CARTESIAN_POINT('',(-80.8638350685462,1.68894687659909E-13,-51.0000011324884));
#1967=CARTESIAN_POINT('Origin',(80.8638350685465,5.12000851664741E-14,-38.5000005467347));
#1968=CARTESIAN_POINT('',(80.8638350685465,5.12000851664741E-14,-38.5000005467347));
#1969=CARTESIAN_POINT('',(80.8638350685465,5.54071375772313E-14,-40.8500011324881));
#1970=CARTESIAN_POINT('',(80.8638350685465,5.54071375772313E-14,-40.8500011324881));
#1971=CARTESIAN_POINT('',(80.8638350685465,5.54071375772313E-14,-40.8500011324881));
#1972=CARTESIAN_POINT('',(80.8638350685465,-1.99999999999995,-38.5000005467347));
#1973=CARTESIAN_POINT('Origin',(78.8638350685465,5.23935749179461E-14,-38.5000005467347));
#1974=CARTESIAN_POINT('',(76.8638350685465,5.3587064669418E-14,-38.5000005467347));
#1975=CARTESIAN_POINT('Origin',(78.8638350685465,5.23935749179461E-14,-38.5000005467347));
#1976=CARTESIAN_POINT('',(76.8638350685465,-1.99999999999995,-38.5000005467347));
#1977=CARTESIAN_POINT('Origin',(76.8638350685465,5.77941170801752E-14,-40.8500011324881));
#1978=CARTESIAN_POINT('',(76.8638350685465,5.77941170801752E-14,-40.8500011324881));
#1979=CARTESIAN_POINT('',(76.8638350685465,5.3587064669418E-14,-38.5000005467347));
#1980=CARTESIAN_POINT('',(76.8638350685465,-1.99999999999994,-40.8500011324881));
#1981=CARTESIAN_POINT('Origin',(78.8638350685465,5.66006273287033E-14,-40.8500011324881));
#1982=CARTESIAN_POINT('Origin',(78.8638350685465,5.66006273287033E-14,-40.8500011324881));
#1983=CARTESIAN_POINT('Origin',(78.8638350685465,7.47715087438223E-14,-51.0000011324881));
#1984=CARTESIAN_POINT('',(76.8638350685465,7.59649984952942E-14,-51.0000011324881));
#1985=CARTESIAN_POINT('Origin',(78.8638350685465,7.47715087438223E-14,-51.0000011324881));
#1986=CARTESIAN_POINT('',(76.8638350685465,7.47715087438223E-14,-51.0000011324881));
#1987=CARTESIAN_POINT('Origin',(-108.863835068546,1.86549245716129E-13,
-51.0000011324886));
#1988=CARTESIAN_POINT('',(-110.863835068546,1.87742735467601E-13,-51.0000011324886));
#1989=CARTESIAN_POINT('Origin',(-108.863835068546,1.86549245716129E-13,
-51.0000011324886));
#1990=CARTESIAN_POINT('',(-110.863835068546,1.86549245716129E-13,-51.0000011324886));
#1991=CARTESIAN_POINT('Origin',(-78.8638350685461,-5.84651134116913E-14,
76.0000011324882));
#1992=CARTESIAN_POINT('',(-80.8638350685461,-5.72716236602193E-14,76.0000011324882));
#1993=CARTESIAN_POINT('Origin',(-78.8638350685461,-5.84651134116913E-14,
76.0000011324882));
#1994=CARTESIAN_POINT('',(-80.8638350685461,-5.84651134116913E-14,76.0000011324882));
#1995=CARTESIAN_POINT('Origin',(78.8638350685465,-1.52588292327776E-13,
76.0000011324877));
#1996=CARTESIAN_POINT('',(76.8638350685465,-1.51394802576304E-13,76.0000011324877));
#1997=CARTESIAN_POINT('Origin',(78.8638350685465,-1.52588292327776E-13,
76.0000011324877));
#1998=CARTESIAN_POINT('',(76.8638350685465,-1.52588292327776E-13,76.0000011324877));
#1999=CARTESIAN_POINT('Origin',(108.863835068546,-1.70738426815715E-13,
76.0000011324876));
#2000=CARTESIAN_POINT('',(106.863835068546,-1.69544937064243E-13,76.0000011324876));
#2001=CARTESIAN_POINT('Origin',(108.863835068546,-1.70738426815715E-13,
76.0000011324876));
#2002=CARTESIAN_POINT('',(106.863835068546,-1.70738426815715E-13,76.0000011324876));
#2003=CARTESIAN_POINT('Origin',(-78.8638350685462,-4.02942319965722E-14,
65.8500011324883));
#2004=CARTESIAN_POINT('',(-80.8638350685462,-3.91007422451003E-14,65.8500011324883));
#2005=CARTESIAN_POINT('',(-76.8638350685461,-4.14877217480442E-14,65.8500011324883));
#2006=CARTESIAN_POINT('Origin',(-78.8638350685462,-4.02942319965722E-14,
65.8500011324883));
#2007=CARTESIAN_POINT('',(-76.8638350685461,-4.14877217480442E-14,65.8500011324883));
#2008=CARTESIAN_POINT('',(-80.8638350685462,-2.00000000000004,65.8500011324883));
#2009=CARTESIAN_POINT('Origin',(-80.8638350685462,-3.48936898343431E-14,
63.5000005467349));
#2010=CARTESIAN_POINT('',(-80.8638350685462,-3.48936898343431E-14,63.5000005467349));
#2011=CARTESIAN_POINT('',(-80.8638350685462,-3.91007422451003E-14,65.8500011324883));
#2012=CARTESIAN_POINT('',(-80.8638350685462,-2.00000000000004,63.5000005467349));
#2013=CARTESIAN_POINT('Origin',(-78.8638350685462,-3.60871795858151E-14,
63.5000005467349));
#2014=CARTESIAN_POINT('',(-76.8638350685462,-3.7280669337287E-14,63.5000005467349));
#2015=CARTESIAN_POINT('Origin',(-78.8638350685462,-3.60871795858151E-14,
63.5000005467349));
#2016=CARTESIAN_POINT('',(-76.8638350685462,-2.00000000000004,63.5000005467349));
#2017=CARTESIAN_POINT('Origin',(-76.8638350685461,-4.14877217480442E-14,
65.8500011324883));
#2018=CARTESIAN_POINT('',(-76.8638350685462,-3.7280669337287E-14,63.5000005467349));
#2019=CARTESIAN_POINT('Origin',(-76.8638350685463,1.45323264082561E-13,
-38.5000005467351));
#2020=CARTESIAN_POINT('',(-76.8638350685463,1.45323264082561E-13,-38.5000005467351));
#2021=CARTESIAN_POINT('',(-76.8638350685462,1.49530316493318E-13,-40.8500011324885));
#2022=CARTESIAN_POINT('',(-76.8638350685463,1.45323264082561E-13,-38.5000005467351));
#2023=CARTESIAN_POINT('',(-76.8638350685462,1.49530316493318E-13,-40.8500011324885));
#2024=CARTESIAN_POINT('',(-76.8638350685463,-1.99999999999985,-38.5000005467351));
#2025=CARTESIAN_POINT('Origin',(-78.8638350685463,1.46516753834033E-13,
-38.5000005467351));
#2026=CARTESIAN_POINT('',(-80.8638350685463,1.47710243585505E-13,-38.5000005467351));
#2027=CARTESIAN_POINT('Origin',(-78.8638350685463,1.46516753834033E-13,
-38.5000005467351));
#2028=CARTESIAN_POINT('',(-80.8638350685463,-1.99999999999985,-38.5000005467351));
#2029=CARTESIAN_POINT('Origin',(-80.8638350685463,1.51917295996262E-13,
-40.8500011324885));
#2030=CARTESIAN_POINT('',(-80.8638350685463,1.51917295996262E-13,-40.8500011324885));
#2031=CARTESIAN_POINT('',(-80.8638350685463,1.51917295996262E-13,-40.8500011324885));
#2032=CARTESIAN_POINT('',(-80.8638350685463,-1.99999999999985,-40.8500011324885));
#2033=CARTESIAN_POINT('Origin',(-78.8638350685463,1.5072380624479E-13,-40.8500011324885));
#2034=CARTESIAN_POINT('Origin',(-78.8638350685463,1.5072380624479E-13,-40.8500011324885));
#2035=CARTESIAN_POINT('Origin',(-106.863835068546,1.63135985878391E-13,
-38.5000011324886));
#2036=CARTESIAN_POINT('',(-106.863835068546,1.63135985878391E-13,-38.5000011324886));
#2037=CARTESIAN_POINT('',(-106.863835068546,1.67590825456372E-13,-40.8500011324886));
#2038=CARTESIAN_POINT('',(-106.863835068546,1.63135985878391E-13,-38.5000011324886));
#2039=CARTESIAN_POINT('',(-106.863835068546,1.67590825456372E-13,-40.8500011324886));
#2040=CARTESIAN_POINT('',(-106.863835068546,-1.99999999999984,-38.5000011324886));
#2041=CARTESIAN_POINT('Origin',(-108.863835068546,1.64171312938889E-13,
-38.5000011324886));
#2042=CARTESIAN_POINT('',(-110.863835068546,1.65206639999386E-13,-38.5000011324886));
#2043=CARTESIAN_POINT('Origin',(-108.863835068546,1.64171312938889E-13,
-38.5000011324886));
#2044=CARTESIAN_POINT('',(-110.863835068546,-1.99999999999984,-38.5000011324886));
#2045=CARTESIAN_POINT('Origin',(-110.863835068546,1.69661479577367E-13,
-40.8500011324886));
#2046=CARTESIAN_POINT('',(-110.863835068546,1.69661479577367E-13,-40.8500011324886));
#2047=CARTESIAN_POINT('',(-110.863835068546,1.69661479577367E-13,-40.8500011324886));
#2048=CARTESIAN_POINT('',(-110.863835068546,-1.99999999999983,-40.8500011324886));
#2049=CARTESIAN_POINT('Origin',(-108.863835068546,1.6862615251687E-13,-40.8500011324886));
#2050=CARTESIAN_POINT('Origin',(-108.863835068546,1.6862615251687E-13,-40.8500011324886));
#2051=CARTESIAN_POINT('Origin',(76.8638350685465,-1.29016868750428E-13,
63.5000005467343));
#2052=CARTESIAN_POINT('',(76.8638350685465,-1.29016868750428E-13,63.5000005467343));
#2053=CARTESIAN_POINT('',(76.8638350685465,-1.33223921161185E-13,65.8500011324877));
#2054=CARTESIAN_POINT('',(76.8638350685465,-1.29016868750428E-13,63.5000005467343));
#2055=CARTESIAN_POINT('',(76.8638350685465,-1.33223921161185E-13,65.8500011324877));
#2056=CARTESIAN_POINT('',(76.8638350685465,-2.00000000000013,63.5000005467343));
#2057=CARTESIAN_POINT('Origin',(78.8638350685465,-1.302103585019E-13,63.5000005467343));
#2058=CARTESIAN_POINT('',(80.8638350685465,-1.31403848253372E-13,63.5000005467343));
#2059=CARTESIAN_POINT('Origin',(78.8638350685465,-1.302103585019E-13,63.5000005467343));
#2060=CARTESIAN_POINT('',(80.8638350685465,-2.00000000000013,63.5000005467343));
#2061=CARTESIAN_POINT('Origin',(80.8638350685466,-1.35610900664129E-13,
65.8500011324877));
#2062=CARTESIAN_POINT('',(80.8638350685466,-1.35610900664129E-13,65.8500011324877));
#2063=CARTESIAN_POINT('',(80.8638350685466,-1.35610900664129E-13,65.8500011324877));
#2064=CARTESIAN_POINT('',(80.8638350685466,-2.00000000000014,65.8500011324877));
#2065=CARTESIAN_POINT('Origin',(78.8638350685465,-1.34417410912657E-13,
65.8500011324877));
#2066=CARTESIAN_POINT('Origin',(78.8638350685465,-1.34417410912657E-13,
65.8500011324877));
#2067=CARTESIAN_POINT('Origin',(-128.726440435286,-3.351304584309E-14,78.6829939733929));
#2068=CARTESIAN_POINT('',(-128.726440435286,-3.351304584309E-14,78.6829939733929));
#2069=CARTESIAN_POINT('',(-128.726440435286,-8.34236194828802E-14,106.562341753538));
#2070=CARTESIAN_POINT('',(-128.726440435286,-3.351304584309E-14,78.6829939733929));
#2071=CARTESIAN_POINT('',(-128.726440435286,-8.34236194828802E-14,106.562341753538));
#2072=CARTESIAN_POINT('',(-128.726440435286,-2.00000000000003,78.6829939733929));
#2073=CARTESIAN_POINT('Origin',(-58.7264404352865,-7.52851871446086E-14,
78.6829939733929));
#2074=CARTESIAN_POINT('',(-58.7264404352865,-7.52851871446086E-14,78.6829939733929));
#2075=CARTESIAN_POINT('',(-58.7264404352865,-7.52851871446086E-14,78.6829939733929));
#2076=CARTESIAN_POINT('',(-58.7264404352865,-2.00000000000008,78.6829939733929));
#2077=CARTESIAN_POINT('Origin',(-58.7264404352865,-1.25195760784476E-13,
106.562341753581));
#2078=CARTESIAN_POINT('',(-58.7264404352865,-1.25195760784476E-13,106.562341753581));
#2079=CARTESIAN_POINT('',(-58.7264404352865,-1.25195760784476E-13,106.562341753581));
#2080=CARTESIAN_POINT('',(-58.7264404352865,-2.00000000000013,106.562341753581));
#2081=CARTESIAN_POINT('Origin',(58.726440435286,-1.9528516558455E-13,106.562341753653));
#2082=CARTESIAN_POINT('',(58.726440435286,-1.9528516558455E-13,106.562341753653));
#2083=CARTESIAN_POINT('',(58.726440435286,-1.9528516558455E-13,106.562341753653));
#2084=CARTESIAN_POINT('',(58.726440435286,-2.0000000000002,106.562341753653));
#2085=CARTESIAN_POINT('Origin',(58.7264404352861,-1.45374591944552E-13,
78.6829939733929));
#2086=CARTESIAN_POINT('',(58.7264404352861,-1.45374591944552E-13,78.6829939733929));
#2087=CARTESIAN_POINT('',(58.7264404352861,-1.45374591944552E-13,78.6829939733929));
#2088=CARTESIAN_POINT('',(58.7264404352861,-2.00000000000015,78.6829939733929));
#2089=CARTESIAN_POINT('Origin',(128.726440435285,-1.87146733246071E-13,
78.6829939733929));
#2090=CARTESIAN_POINT('',(128.726440435285,-1.87146733246071E-13,78.6829939733929));
#2091=CARTESIAN_POINT('',(128.726440435285,-1.87146733246071E-13,78.6829939733929));
#2092=CARTESIAN_POINT('',(128.726440435285,-2.00000000000019,78.6829939733929));
#2093=CARTESIAN_POINT('Origin',(128.726440435285,-2.37057306886146E-13,
106.562341753697));
#2094=CARTESIAN_POINT('',(128.726440435285,-2.37057306886146E-13,106.562341753697));
#2095=CARTESIAN_POINT('',(128.726440435285,-2.37057306886146E-13,106.562341753697));
#2096=CARTESIAN_POINT('',(128.726440435285,-2.37057306886146E-13,106.562341753697));
#2097=CARTESIAN_POINT('Origin',(98.0026957165369,-1.59861322910872E-13,
73.6829939734104));
#2098=CARTESIAN_POINT('',(143.002695716535,-1.86714842318989E-13,73.6829939734098));
#2099=CARTESIAN_POINT('Origin',(98.0026957165369,-1.59861322910872E-13,
73.6829939734104));
#2100=CARTESIAN_POINT('',(143.002695716535,-2.00000000000019,73.6829939734098));
#2101=CARTESIAN_POINT('Origin',(143.002695716535,3.2348985880572E-14,-48.6829939734102));
#2102=CARTESIAN_POINT('',(143.002695716535,3.2348985880572E-14,-48.6829939734102));
#2103=CARTESIAN_POINT('',(143.002695716535,3.2348985880572E-14,-48.6829939734102));
#2104=CARTESIAN_POINT('',(143.002695716535,-1.99999999999997,-48.6829939734102));
#2105=CARTESIAN_POINT('Origin',(98.0026957165356,5.92025052886903E-14,-48.6829939734096));
#2106=CARTESIAN_POINT('',(128.726440435286,9.97300148152972E-14,-81.5623417536969));
#2107=CARTESIAN_POINT('Origin',(98.0026957165356,5.92025052886903E-14,-48.6829939734096));
#2108=CARTESIAN_POINT('',(128.726440435286,9.97300148152972E-14,-81.5623417536969));
#2109=CARTESIAN_POINT('Origin',(128.726440435286,4.98194411752219E-14,-53.682993973393));
#2110=CARTESIAN_POINT('',(128.726440435286,4.98194411752219E-14,-53.682993973393));
#2111=CARTESIAN_POINT('',(128.726440435286,4.98194411752219E-14,-53.682993973393));
#2112=CARTESIAN_POINT('',(128.726440435286,-1.99999999999995,-53.682993973393));
#2113=CARTESIAN_POINT('Origin',(58.7264404352864,9.15915824767405E-14,-53.682993973393));
#2114=CARTESIAN_POINT('',(58.7264404352864,9.15915824767405E-14,-53.682993973393));
#2115=CARTESIAN_POINT('',(58.7264404352864,9.15915824767405E-14,-53.682993973393));
#2116=CARTESIAN_POINT('',(58.7264404352864,-1.99999999999991,-53.682993973393));
#2117=CARTESIAN_POINT('Origin',(58.7264404352865,1.41502156116738E-13,-81.5623417536536));
#2118=CARTESIAN_POINT('',(58.7264404352865,1.41502156116738E-13,-81.5623417536536));
#2119=CARTESIAN_POINT('',(58.7264404352865,1.41502156116738E-13,-81.5623417536536));
#2120=CARTESIAN_POINT('',(58.7264404352865,-1.99999999999986,-81.5623417536536));
#2121=CARTESIAN_POINT('Origin',(-58.7264404352861,2.11591560916552E-13,
-81.562341753581));
#2122=CARTESIAN_POINT('',(-58.7264404352861,2.11591560916552E-13,-81.562341753581));
#2123=CARTESIAN_POINT('',(-58.7264404352861,2.11591560916552E-13,-81.562341753581));
#2124=CARTESIAN_POINT('',(-58.7264404352861,-1.99999999999979,-81.562341753581));
#2125=CARTESIAN_POINT('Origin',(-58.7264404352861,1.61680987276684E-13,
-53.682993973393));
#2126=CARTESIAN_POINT('',(-58.7264404352861,1.61680987276684E-13,-53.682993973393));
#2127=CARTESIAN_POINT('',(-58.7264404352861,1.61680987276684E-13,-53.682993973393));
#2128=CARTESIAN_POINT('',(-58.7264404352861,-1.99999999999984,-53.682993973393));
#2129=CARTESIAN_POINT('Origin',(-128.726440435285,2.03453128578203E-13,
-53.6829939733929));
#2130=CARTESIAN_POINT('',(-128.726440435285,2.03453128578203E-13,-53.6829939733929));
#2131=CARTESIAN_POINT('',(-128.726440435285,2.03453128578203E-13,-53.6829939733929));
#2132=CARTESIAN_POINT('',(-128.726440435285,-1.9999999999998,-53.6829939733929));
#2133=CARTESIAN_POINT('Origin',(-128.726440435285,2.53363702217993E-13,
-81.5623417535376));
#2134=CARTESIAN_POINT('',(-128.726440435285,2.53363702217993E-13,-81.5623417535376));
#2135=CARTESIAN_POINT('',(-128.726440435285,2.53363702217993E-13,-81.5623417535376));
#2136=CARTESIAN_POINT('',(-128.726440435285,2.53363702217993E-13,-81.5623417535376));
#2137=CARTESIAN_POINT('Origin',(-98.0026957165356,1.76167718242716E-13,
-48.6829939732502));
#2138=CARTESIAN_POINT('',(-143.002695716535,2.03021237651121E-13,-48.6829939734094));
#2139=CARTESIAN_POINT('Origin',(-98.0026957165356,1.76167718242716E-13,
-48.6829939732502));
#2140=CARTESIAN_POINT('',(-143.002695716535,-1.9999999999998,-48.6829939734094));
#2141=CARTESIAN_POINT('Origin',(-143.002695716536,-1.60425905484386E-14,
73.6829939734093));
#2142=CARTESIAN_POINT('',(-143.002695716536,-1.60425905484386E-14,73.6829939734093));
#2143=CARTESIAN_POINT('',(-143.002695716536,-1.60425905484386E-14,73.6829939734093));
#2144=CARTESIAN_POINT('',(-143.002695716536,-2.00000000000002,73.6829939734093));
#2145=CARTESIAN_POINT('Origin',(-98.0026957165383,-4.28961099562738E-14,
73.6829939732515));
#2146=CARTESIAN_POINT('Origin',(-98.0026957165383,-4.28961099562738E-14,
73.6829939732515));
#2147=CARTESIAN_POINT('Origin',(0.,8.15319766606576E-15,12.5000000000001));
#2148=UNCERTAINTY_MEASURE_WITH_UNIT(LENGTH_MEASURE(0.01),#2152,
'DISTANCE_ACCURACY_VALUE',
'Maximum model space distance between geometric entities at asserted c
onnectivities');
#2149=UNCERTAINTY_MEASURE_WITH_UNIT(LENGTH_MEASURE(0.01),#2152,
'DISTANCE_ACCURACY_VALUE',
'Maximum model space distance between geometric entities at asserted c
onnectivities');
#2150=(
GEOMETRIC_REPRESENTATION_CONTEXT(3)
GLOBAL_UNCERTAINTY_ASSIGNED_CONTEXT((#2148))
GLOBAL_UNIT_ASSIGNED_CONTEXT((#2152,#2154,#2155))
REPRESENTATION_CONTEXT('','3D')
);
#2151=(
GEOMETRIC_REPRESENTATION_CONTEXT(3)
GLOBAL_UNCERTAINTY_ASSIGNED_CONTEXT((#2149))
GLOBAL_UNIT_ASSIGNED_CONTEXT((#2152,#2154,#2155))
REPRESENTATION_CONTEXT('','3D')
);
#2152=(
LENGTH_UNIT()
NAMED_UNIT(*)
SI_UNIT(.MILLI.,.METRE.)
);
#2153=(
LENGTH_UNIT()
NAMED_UNIT(*)
SI_UNIT($,.METRE.)
);
#2154=(
NAMED_UNIT(*)
PLANE_ANGLE_UNIT()
SI_UNIT($,.RADIAN.)
);
#2155=(
NAMED_UNIT(*)
SI_UNIT($,.STERADIAN.)
SOLID_ANGLE_UNIT()
);
#2156=SHAPE_DEFINITION_REPRESENTATION(#2157,#2158);
#2157=PRODUCT_DEFINITION_SHAPE('',$,#2160);
#2158=SHAPE_REPRESENTATION('',(#1304),#2150);
#2159=PRODUCT_DEFINITION_CONTEXT('part definition',#2164,'design');
#2160=PRODUCT_DEFINITION('chassie','chassie v0',#2161,#2159);
#2161=PRODUCT_DEFINITION_FORMATION('',$,#2166);
#2162=PRODUCT_RELATED_PRODUCT_CATEGORY('chassie v0','chassie v0',(#2166));
#2163=APPLICATION_PROTOCOL_DEFINITION('international standard',
'automotive_design',2009,#2164);
#2164=APPLICATION_CONTEXT(
'Core Data for Automotive Mechanical Design Process');
#2165=PRODUCT_CONTEXT('part definition',#2164,'mechanical');
#2166=PRODUCT('chassie','chassie v0',$,(#2165));
#2167=PRESENTATION_STYLE_ASSIGNMENT((#2169));
#2168=PRESENTATION_STYLE_ASSIGNMENT((#2170));
#2169=SURFACE_STYLE_USAGE(.BOTH.,#2171);
#2170=SURFACE_STYLE_USAGE(.BOTH.,#2172);
#2171=SURFACE_SIDE_STYLE('',(#2173));
#2172=SURFACE_SIDE_STYLE('',(#2174));
#2173=SURFACE_STYLE_FILL_AREA(#2175);
#2174=SURFACE_STYLE_FILL_AREA(#2176);
#2175=FILL_AREA_STYLE('Steel - Satin',(#2177));
#2176=FILL_AREA_STYLE('Opaque(160,160,160)',(#2178));
#2177=FILL_AREA_STYLE_COLOUR('Steel - Satin',#2179);
#2178=FILL_AREA_STYLE_COLOUR('Opaque(160,160,160)',#2180);
#2179=COLOUR_RGB('Steel - Satin',0.627450980392157,0.627450980392157,0.627450980392157);
#2180=COLOUR_RGB('Opaque(160,160,160)',0.627450980392157,0.627450980392157,
0.627450980392157);
ENDSEC;
END-ISO-10303-21;
